Energy_eV,Gd_0.1pct_Sigma_total_cm-1,Gd_0.1pct_Sigma_dopant_cm-1,Gd_0.3pct_Sigma_total_cm-1,Gd_0.3pct_Sigma_dopant_cm-1,Gd_0.5pct_Sigma_total_cm-1,Gd_0.5pct_Sigma_dopant_cm-1,B_0.1pct_Sigma_total_cm-1,B_0.1pct_Sigma_dopant_cm-1,B_0.3pct_Sigma_total_cm-1,B_0.3pct_Sigma_dopant_cm-1,B_0.5pct_Sigma_total_cm-1,B_0.5pct_Sigma_dopant_cm-1,Li_0.1pct_Sigma_total_cm-1,Li_0.1pct_Sigma_dopant_cm-1,Li_0.3pct_Sigma_total_cm-1,Li_0.3pct_Sigma_dopant_cm-1,Li_0.5pct_Sigma_total_cm-1,Li_0.5pct_Sigma_dopant_cm-1
1.000000e-05,8.323704e+00,7.208356e+00,2.273818e+01,2.162507e+01,3.715266e+01,3.604178e+01,1.223194e+01,1.111659e+01,3.446288e+01,3.334976e+01,5.669382e+01,5.558294e+01,5.568201e+00,4.452853e+00,1.447167e+01,1.335856e+01,2.337515e+01,2.226426e+01
1.014270e-05,8.265707e+00,7.158233e+00,2.257996e+01,2.147470e+01,3.689421e+01,3.579117e+01,1.214698e+01,1.103951e+01,3.422378e+01,3.311853e+01,5.630059e+01,5.519755e+01,5.529454e+00,4.421979e+00,1.437119e+01,1.326594e+01,2.321294e+01,2.210990e+01
1.028744e-05,8.207768e+00,7.108112e+00,2.242179e+01,2.132434e+01,3.663581e+01,3.554056e+01,1.206209e+01,1.096244e+01,3.398476e+01,3.288731e+01,5.590743e+01,5.481218e+01,5.490762e+00,4.391107e+00,1.427077e+01,1.317332e+01,2.305079e+01,2.195553e+01
1.043424e-05,8.149882e+00,7.057989e+00,2.226367e+01,2.117397e+01,3.637747e+01,3.528995e+01,1.197726e+01,1.088536e+01,3.374580e+01,3.265609e+01,5.551434e+01,5.442681e+01,5.452127e+00,4.360234e+00,1.417041e+01,1.308070e+01,2.288869e+01,2.180117e+01
1.058314e-05,8.092052e+00,7.007867e+00,2.210562e+01,2.102360e+01,3.611918e+01,3.503934e+01,1.189247e+01,1.080829e+01,3.350688e+01,3.242487e+01,5.512129e+01,5.404145e+01,5.413545e+00,4.329360e+00,1.407009e+01,1.298808e+01,2.272664e+01,2.164680e+01
1.073416e-05,8.034276e+00,6.957745e+00,2.194761e+01,2.087324e+01,3.586095e+01,3.478873e+01,1.180774e+01,1.073121e+01,3.326801e+01,3.219363e+01,5.472827e+01,5.365605e+01,5.375018e+00,4.298488e+00,1.396984e+01,1.289546e+01,2.256466e+01,2.149244e+01
1.088733e-05,7.977884e+00,6.908953e+00,2.179365e+01,2.072686e+01,3.560942e+01,3.454477e+01,1.172307e+01,1.065414e+01,3.302920e+01,3.196241e+01,5.433534e+01,5.327069e+01,5.336545e+00,4.267614e+00,1.386963e+01,1.280284e+01,2.240272e+01,2.133807e+01
1.104270e-05,7.921983e+00,6.860598e+00,2.164105e+01,2.058179e+01,3.536013e+01,3.430299e+01,1.164170e+01,1.058031e+01,3.280020e+01,3.174094e+01,5.395870e+01,5.290157e+01,5.299429e+00,4.238044e+00,1.377339e+01,1.271413e+01,2.224736e+01,2.119022e+01
1.120028e-05,7.866135e+00,6.812243e+00,2.148851e+01,2.043673e+01,3.511089e+01,3.406122e+01,1.156081e+01,1.050692e+01,3.257253e+01,3.152075e+01,5.358425e+01,5.253458e+01,5.262535e+00,4.208643e+00,1.367771e+01,1.262593e+01,2.209289e+01,2.104321e+01
1.136010e-05,7.810341e+00,6.763889e+00,2.133602e+01,2.029167e+01,3.486171e+01,3.381944e+01,1.147997e+01,1.043352e+01,3.234491e+01,3.130055e+01,5.320985e+01,5.216759e+01,5.225695e+00,4.179243e+00,1.358209e+01,1.253773e+01,2.193848e+01,2.089621e+01
1.152221e-05,7.754599e+00,6.715534e+00,2.118359e+01,2.014660e+01,3.461258e+01,3.357767e+01,1.139918e+01,1.036012e+01,3.211734e+01,3.108036e+01,5.283550e+01,5.180059e+01,5.188906e+00,4.149842e+00,1.348651e+01,1.244952e+01,2.178411e+01,2.074921e+01
1.168664e-05,7.700293e+00,6.668564e+00,2.103535e+01,2.000569e+01,3.437042e+01,3.334282e+01,1.131844e+01,1.028671e+01,3.188981e+01,3.086014e+01,5.246117e+01,5.143357e+01,5.152170e+00,4.120441e+00,1.339099e+01,1.236132e+01,2.162980e+01,2.060221e+01
1.185340e-05,7.646248e+00,6.621802e+00,2.088780e+01,1.986541e+01,3.412935e+01,3.310901e+01,1.123776e+01,1.021332e+01,3.166234e+01,3.063995e+01,5.208693e+01,5.106658e+01,5.115487e+00,4.091041e+00,1.329552e+01,1.227312e+01,2.147555e+01,2.045521e+01
1.202255e-05,7.592255e+00,6.575041e+00,2.074030e+01,1.972512e+01,3.388835e+01,3.287521e+01,1.115713e+01,1.013992e+01,3.143493e+01,3.041975e+01,5.171273e+01,5.069959e+01,5.078854e+00,4.061640e+00,1.320010e+01,1.218492e+01,2.132134e+01,2.030820e+01
1.219411e-05,7.538313e+00,6.528280e+00,2.059285e+01,1.958484e+01,3.364739e+01,3.264140e+01,1.107724e+01,1.006721e+01,3.120964e+01,3.020163e+01,5.134204e+01,5.033605e+01,5.042548e+00,4.032515e+00,1.310556e+01,1.209755e+01,2.116857e+01,2.016258e+01
1.236813e-05,7.484856e+00,6.481954e+00,2.044676e+01,1.944586e+01,3.340866e+01,3.240977e+01,1.100030e+01,9.997394e+00,3.099308e+01,2.999218e+01,5.098586e+01,4.998697e+01,5.007454e+00,4.004552e+00,1.301455e+01,1.201366e+01,2.102165e+01,2.002276e+01
1.254462e-05,7.432460e+00,6.436638e+00,2.030374e+01,1.930991e+01,3.317502e+01,3.218319e+01,1.092341e+01,9.927585e+00,3.077658e+01,2.978275e+01,5.062976e+01,4.963792e+01,4.972409e+00,3.976587e+00,1.292359e+01,1.192976e+01,2.087477e+01,1.988294e+01
1.272363e-05,7.380113e+00,6.391321e+00,2.016078e+01,1.917396e+01,3.294144e+01,3.195661e+01,1.084656e+01,9.857769e+00,3.056012e+01,2.957331e+01,5.027368e+01,4.928885e+01,4.937415e+00,3.948623e+00,1.283268e+01,1.184587e+01,2.072795e+01,1.974311e+01
1.290520e-05,7.327817e+00,6.346006e+00,2.001786e+01,1.903802e+01,3.270791e+01,3.173003e+01,1.076977e+01,9.787954e+00,3.034371e+01,2.936386e+01,4.991765e+01,4.893977e+01,4.902470e+00,3.920658e+00,1.274182e+01,1.176197e+01,2.058117e+01,1.960329e+01
1.308935e-05,7.275585e+00,6.300705e+00,1.987504e+01,1.890211e+01,3.247450e+01,3.150352e+01,1.069302e+01,9.718144e+00,3.012736e+01,2.915443e+01,4.956170e+01,4.859072e+01,4.867575e+00,3.892695e+00,1.265101e+01,1.167808e+01,2.043445e+01,1.946347e+01
1.327614e-05,7.224705e+00,6.256707e+00,1.973618e+01,1.877012e+01,3.224766e+01,3.128354e+01,1.061633e+01,9.648328e+00,2.991105e+01,2.894498e+01,4.920576e+01,4.824164e+01,4.832728e+00,3.864730e+00,1.256025e+01,1.159419e+01,2.028777e+01,1.932365e+01
1.346559e-05,7.173874e+00,6.212710e+00,1.959737e+01,1.863813e+01,3.202086e+01,3.106355e+01,1.054216e+01,9.580997e+00,2.970223e+01,2.874299e+01,4.886230e+01,4.790499e+01,4.798923e+00,3.837758e+00,1.247251e+01,1.151327e+01,2.014611e+01,1.918879e+01
1.365775e-05,7.123092e+00,6.168713e+00,1.945861e+01,1.850614e+01,3.179412e+01,3.084357e+01,1.046884e+01,9.514465e+00,2.949586e+01,2.854340e+01,4.852288e+01,4.757233e+01,4.765488e+00,3.811109e+00,1.238580e+01,1.143333e+01,2.000610e+01,1.905555e+01
1.385264e-05,7.072357e+00,6.124715e+00,1.931989e+01,1.837415e+01,3.156742e+01,3.062358e+01,1.039558e+01,9.447939e+00,2.928956e+01,2.834382e+01,4.818354e+01,4.723970e+01,4.732102e+00,3.784461e+00,1.229913e+01,1.135338e+01,1.986615e+01,1.892230e+01
1.405032e-05,7.022840e+00,6.081888e+00,1.918473e+01,1.824566e+01,3.134663e+01,3.040944e+01,1.032236e+01,9.381407e+00,2.908329e+01,2.814422e+01,4.784422e+01,4.690704e+01,4.698764e+00,3.757812e+00,1.221250e+01,1.127344e+01,1.972624e+01,1.878906e+01
1.425082e-05,6.973410e+00,6.039101e+00,1.904974e+01,1.811730e+01,3.112607e+01,3.019551e+01,1.024919e+01,9.314881e+00,2.887708e+01,2.794464e+01,4.750498e+01,4.657441e+01,4.665471e+00,3.731162e+00,1.212593e+01,1.119349e+01,1.958638e+01,1.865581e+01
1.445418e-05,6.924027e+00,5.996314e+00,1.891480e+01,1.798894e+01,3.090557e+01,2.998157e+01,1.017606e+01,9.248350e+00,2.867090e+01,2.774505e+01,4.716575e+01,4.624175e+01,4.632227e+00,3.704514e+00,1.203940e+01,1.111354e+01,1.944657e+01,1.852257e+01
1.466044e-05,6.874920e+00,5.953756e+00,1.878059e+01,1.786127e+01,3.068626e+01,2.976878e+01,1.010299e+01,9.181824e+00,2.846479e+01,2.754547e+01,4.682659e+01,4.590912e+01,4.599029e+00,3.677865e+00,1.195292e+01,1.103360e+01,1.930680e+01,1.838933e+01
1.486964e-05,6.827249e+00,5.912588e+00,1.865059e+01,1.773776e+01,3.047394e+01,2.956294e+01,1.003191e+01,9.117253e+00,2.826459e+01,2.735176e+01,4.649726e+01,4.558626e+01,4.566662e+00,3.652000e+00,1.186883e+01,1.095600e+01,1.917100e+01,1.826000e+01
1.508183e-05,6.779624e+00,5.871419e+00,1.852064e+01,1.761426e+01,3.026166e+01,2.935710e+01,9.962272e+00,9.054068e+00,2.806859e+01,2.716220e+01,4.617491e+01,4.527034e+01,4.534895e+00,3.626691e+00,1.178646e+01,1.088007e+01,1.903802e+01,1.813346e+01
1.529705e-05,6.732044e+00,5.830252e+00,1.839074e+01,1.749075e+01,3.004944e+01,2.915126e+01,9.892676e+00,8.990883e+00,2.787264e+01,2.697265e+01,4.585260e+01,4.495442e+01,4.503175e+00,3.601382e+00,1.170413e+01,1.080415e+01,1.890509e+01,1.800691e+01
1.551534e-05,6.684509e+00,5.789083e+00,1.826088e+01,1.736725e+01,2.983726e+01,2.894542e+01,9.823125e+00,8.927699e+00,2.767673e+01,2.678310e+01,4.553033e+01,4.463849e+01,4.471499e+00,3.576073e+00,1.162185e+01,1.072822e+01,1.877221e+01,1.788036e+01
1.573675e-05,6.637019e+00,5.747915e+00,1.813107e+01,1.724374e+01,2.962512e+01,2.873957e+01,9.753619e+00,8.864514e+00,2.748087e+01,2.659354e+01,4.520811e+01,4.432257e+01,4.439868e+00,3.550764e+00,1.153962e+01,1.065229e+01,1.863936e+01,1.775382e+01
1.596131e-05,6.589575e+00,5.706747e+00,1.800130e+01,1.712024e+01,2.941303e+01,2.853373e+01,9.684157e+00,8.801329e+00,2.728505e+01,2.640399e+01,4.488594e+01,4.400664e+01,4.408283e+00,3.525454e+00,1.145742e+01,1.057636e+01,1.850657e+01,1.762727e+01
1.618908e-05,6.542297e+00,5.665701e+00,1.787194e+01,1.699710e+01,2.920159e+01,2.832850e+01,9.614740e+00,8.738144e+00,2.708927e+01,2.621443e+01,4.456381e+01,4.369072e+01,4.376741e+00,3.500145e+00,1.137528e+01,1.050044e+01,1.837381e+01,1.750073e+01
1.642010e-05,6.496866e+00,5.626458e+00,1.774804e+01,1.687937e+01,2.899921e+01,2.813229e+01,9.545890e+00,8.675483e+00,2.689511e+01,2.602645e+01,4.424434e+01,4.337741e+01,4.345454e+00,3.475046e+00,1.129380e+01,1.042514e+01,1.824215e+01,1.737523e+01
1.665441e-05,6.451478e+00,5.587215e+00,1.762418e+01,1.676165e+01,2.879688e+01,2.793608e+01,9.479287e+00,8.615024e+00,2.670760e+01,2.584507e+01,4.393592e+01,4.307512e+01,4.315091e+00,3.450829e+00,1.121502e+01,1.035249e+01,1.811495e+01,1.725414e+01
1.689207e-05,6.406134e+00,5.547973e+00,1.750036e+01,1.664392e+01,2.859459e+01,2.773986e+01,9.412726e+00,8.554565e+00,2.652014e+01,2.566369e+01,4.362755e+01,4.277282e+01,4.284772e+00,3.426611e+00,1.113628e+01,1.027983e+01,1.798778e+01,1.713305e+01
1.713312e-05,6.360833e+00,5.508730e+00,1.737659e+01,1.652619e+01,2.839234e+01,2.754365e+01,9.346209e+00,8.494106e+00,2.633272e+01,2.548232e+01,4.331922e+01,4.247053e+01,4.254497e+00,3.402394e+00,1.105758e+01,1.020718e+01,1.786066e+01,1.701197e+01
1.737761e-05,6.315575e+00,5.469487e+00,1.725286e+01,1.640846e+01,2.819014e+01,2.734744e+01,9.279735e+00,8.433647e+00,2.614534e+01,2.530094e+01,4.301094e+01,4.216824e+01,4.224264e+00,3.378176e+00,1.097892e+01,1.013453e+01,1.773358e+01,1.689088e+01
1.762559e-05,6.270360e+00,5.430245e+00,1.712917e+01,1.629073e+01,2.798797e+01,2.715122e+01,9.213660e+00,8.373545e+00,2.595907e+01,2.512063e+01,4.270448e+01,4.186772e+01,4.194216e+00,3.354101e+00,1.090074e+01,1.006230e+01,1.760725e+01,1.677050e+01
1.787711e-05,6.226245e+00,5.392061e+00,1.700870e+01,1.617618e+01,2.779115e+01,2.696030e+01,9.149599e+00,8.315415e+00,2.577876e+01,2.494625e+01,4.240792e+01,4.157708e+01,4.165000e+00,3.330816e+00,1.082496e+01,9.992448e+00,1.748492e+01,1.665408e+01
1.813221e-05,6.182791e+00,5.354496e+00,1.689013e+01,1.606349e+01,2.759746e+01,2.677248e+01,9.085575e+00,8.257280e+00,2.559848e+01,2.477184e+01,4.211138e+01,4.128640e+01,4.135826e+00,3.307531e+00,1.074923e+01,9.922593e+00,1.736263e+01,1.653766e+01
1.839096e-05,6.139380e+00,5.316932e+00,1.677160e+01,1.595080e+01,2.740382e+01,2.658466e+01,9.021598e+00,8.199150e+00,2.541825e+01,2.459745e+01,4.181490e+01,4.099575e+01,4.106694e+00,3.284246e+00,1.067354e+01,9.852738e+00,1.724039e+01,1.642123e+01
1.865340e-05,6.096010e+00,5.279368e+00,1.665311e+01,1.583810e+01,2.721021e+01,2.639684e+01,8.957662e+00,8.141020e+00,2.523807e+01,2.442306e+01,4.151847e+01,4.070510e+01,4.077602e+00,3.260960e+00,1.059789e+01,9.782881e+00,1.711817e+01,1.630480e+01
1.891959e-05,6.052680e+00,5.241804e+00,1.653467e+01,1.572541e+01,2.701665e+01,2.620902e+01,8.893761e+00,8.082885e+00,2.505791e+01,2.424865e+01,4.122205e+01,4.041442e+01,4.048552e+00,3.237675e+00,1.052228e+01,9.713026e+00,1.699601e+01,1.618838e+01
1.918957e-05,6.009391e+00,5.204239e+00,1.641626e+01,1.561272e+01,2.682313e+01,2.602120e+01,8.830160e+00,8.025008e+00,2.487856e+01,2.407502e+01,4.092697e+01,4.012504e+01,4.019645e+00,3.214493e+00,1.044702e+01,9.643480e+00,1.687439e+01,1.607247e+01
1.946340e-05,5.967231e+00,5.167763e+00,1.630116e+01,1.550329e+01,2.663508e+01,2.583882e+01,8.768790e+00,7.969322e+00,2.470583e+01,2.390797e+01,4.064288e+01,3.984661e+01,3.991656e+00,3.192188e+00,1.037443e+01,9.576563e+00,1.675720e+01,1.596094e+01
1.974115e-05,5.925503e+00,5.131679e+00,1.618727e+01,1.539504e+01,2.644904e+01,2.565839e+01,8.707461e+00,7.913637e+00,2.453314e+01,2.374091e+01,4.035883e+01,3.956818e+01,3.963705e+00,3.169881e+00,1.030188e+01,9.509642e+00,1.664005e+01,1.584940e+01
2.002285e-05,5.883815e+00,5.095595e+00,1.607343e+01,1.528678e+01,2.626304e+01,2.547797e+01,8.646171e+00,7.857951e+00,2.436049e+01,2.357385e+01,4.007482e+01,3.928975e+01,3.935795e+00,3.147575e+00,1.022937e+01,9.442725e+00,1.652294e+01,1.573788e+01
2.030858e-05,5.842165e+00,5.059510e+00,1.595962e+01,1.517853e+01,2.607707e+01,2.529755e+01,8.584915e+00,7.802260e+00,2.418787e+01,2.340678e+01,3.979082e+01,3.901130e+01,3.907925e+00,3.125269e+00,1.015690e+01,9.375808e+00,1.640587e+01,1.562635e+01
2.059839e-05,5.800555e+00,5.023425e+00,1.584585e+01,1.507028e+01,2.589114e+01,2.511713e+01,8.523704e+00,7.746574e+00,2.401530e+01,2.323972e+01,3.950689e+01,3.873287e+01,3.880094e+00,3.102963e+00,1.008446e+01,9.308890e+00,1.628884e+01,1.551482e+01
2.089233e-05,5.759373e+00,4.987729e+00,1.573329e+01,1.496319e+01,2.570720e+01,2.493864e+01,8.462584e+00,7.690940e+00,2.384292e+01,2.307282e+01,3.922325e+01,3.845470e+01,3.852323e+00,3.080678e+00,1.001213e+01,9.242035e+00,1.617195e+01,1.540339e+01
2.119046e-05,5.719159e+00,4.952962e+00,1.562355e+01,1.485889e+01,2.552794e+01,2.476481e+01,8.403734e+00,7.637537e+00,2.367727e+01,2.291261e+01,3.895082e+01,3.818769e+01,3.825484e+00,3.059288e+00,9.942526e+00,9.177863e+00,1.605957e+01,1.529644e+01
2.149285e-05,5.678983e+00,4.918195e+00,1.551385e+01,1.475459e+01,2.534872e+01,2.459098e+01,8.344923e+00,7.584135e+00,2.351167e+01,2.275240e+01,3.867842e+01,3.792067e+01,3.798684e+00,3.037896e+00,9.872952e+00,9.113688e+00,1.594722e+01,1.518948e+01
2.179955e-05,5.638845e+00,4.883428e+00,1.540419e+01,1.465028e+01,2.516953e+01,2.441714e+01,8.286149e+00,7.530732e+00,2.334610e+01,2.259220e+01,3.840605e+01,3.765366e+01,3.771921e+00,3.016504e+00,9.803417e+00,9.049513e+00,1.583491e+01,1.508252e+01
2.211063e-05,5.598745e+00,4.848661e+00,1.529456e+01,1.454598e+01,2.499038e+01,2.424330e+01,8.227414e+00,7.477330e+00,2.318057e+01,2.243199e+01,3.813373e+01,3.738665e+01,3.745196e+00,2.995112e+00,9.733920e+00,8.985337e+00,1.572264e+01,1.497556e+01
2.242615e-05,5.558971e+00,4.814183e+00,1.518585e+01,1.444255e+01,2.481272e+01,2.407091e+01,8.168710e+00,7.423921e+00,2.301506e+01,2.227176e+01,3.786141e+01,3.711961e+01,3.718509e+00,2.973721e+00,9.664460e+00,8.921162e+00,1.561041e+01,1.486860e+01
2.274617e-05,5.520129e+00,4.780598e+00,1.507985e+01,1.434179e+01,2.463956e+01,2.390299e+01,8.110751e+00,7.371220e+00,2.285171e+01,2.211366e+01,3.759267e+01,3.685610e+01,3.692141e+00,2.952610e+00,9.595881e+00,8.857830e+00,1.549962e+01,1.476305e+01
2.307076e-05,5.481325e+00,4.747015e+00,1.497389e+01,1.424105e+01,2.446645e+01,2.373508e+01,8.054543e+00,7.320233e+00,2.269354e+01,2.196070e+01,3.733254e+01,3.660117e+01,3.666497e+00,2.932187e+00,9.529401e+00,8.796561e+00,1.539231e+01,1.466094e+01
2.339998e-05,5.442558e+00,4.713431e+00,1.486796e+01,1.414029e+01,2.429336e+01,2.356716e+01,7.998372e+00,7.269246e+00,2.253540e+01,2.180774e+01,3.707244e+01,3.634623e+01,3.640890e+00,2.911764e+00,9.462959e+00,8.735292e+00,1.528503e+01,1.455882e+01
2.373390e-05,5.403827e+00,4.679848e+00,1.476207e+01,1.403954e+01,2.412032e+01,2.339924e+01,7.942238e+00,7.218259e+00,2.237731e+01,2.165478e+01,3.681237e+01,3.609129e+01,3.615320e+00,2.891341e+00,9.396553e+00,8.674023e+00,1.517779e+01,1.445671e+01
2.407258e-05,5.365699e+00,4.646831e+00,1.465792e+01,1.394049e+01,2.395015e+01,2.323416e+01,7.886140e+00,7.167272e+00,2.221924e+01,2.150182e+01,3.655235e+01,3.583636e+01,3.589786e+00,2.870918e+00,9.330183e+00,8.612754e+00,1.507058e+01,1.435459e+01
2.441610e-05,5.328110e+00,4.614317e+00,1.455531e+01,1.384295e+01,2.378252e+01,2.307158e+01,7.830078e+00,7.116285e+00,2.206122e+01,2.134885e+01,3.629236e+01,3.558142e+01,3.564288e+00,2.850495e+00,9.263850e+00,8.551486e+00,1.496341e+01,1.425248e+01
2.476452e-05,5.290557e+00,4.581803e+00,1.445275e+01,1.374541e+01,2.361493e+01,2.290902e+01,7.774051e+00,7.065297e+00,2.190323e+01,2.119589e+01,3.603240e+01,3.532649e+01,3.538826e+00,2.830072e+00,9.197552e+00,8.490217e+00,1.485628e+01,1.415036e+01
2.511791e-05,5.253040e+00,4.549290e+00,1.435021e+01,1.364787e+01,2.344738e+01,2.274645e+01,7.718061e+00,7.014310e+00,2.174527e+01,2.104293e+01,3.577248e+01,3.507155e+01,3.513400e+00,2.809649e+00,9.131289e+00,8.428948e+00,1.474918e+01,1.404825e+01
2.547634e-05,5.215667e+00,4.516884e+00,1.424804e+01,1.355065e+01,2.328041e+01,2.258442e+01,7.664003e+00,6.965221e+00,2.159305e+01,2.089566e+01,3.552209e+01,3.482610e+01,3.488767e+00,2.789985e+00,9.067337e+00,8.369954e+00,1.464591e+01,1.394992e+01
2.583989e-05,5.179194e+00,4.485344e+00,1.414849e+01,1.345603e+01,2.311779e+01,2.242672e+01,7.610113e+00,6.916264e+00,2.144125e+01,2.074879e+01,3.527239e+01,3.458132e+01,3.464224e+00,2.770375e+00,9.003584e+00,8.311124e+00,1.454294e+01,1.385187e+01
2.620863e-05,5.142755e+00,4.453804e+00,1.404898e+01,1.336141e+01,2.295521e+01,2.226902e+01,7.556257e+00,6.867306e+00,2.128949e+01,2.060192e+01,3.502272e+01,3.433653e+01,3.439716e+00,2.750765e+00,8.939866e+00,8.252295e+00,1.444002e+01,1.375382e+01
2.658262e-05,5.106352e+00,4.422264e+00,1.394951e+01,1.326679e+01,2.279267e+01,2.211132e+01,7.502442e+00,6.818355e+00,2.113778e+01,2.045507e+01,3.477312e+01,3.409178e+01,3.415243e+00,2.731156e+00,8.876186e+00,8.193468e+00,1.433713e+01,1.365578e+01
2.696196e-05,5.069982e+00,4.390724e+00,1.385007e+01,1.317217e+01,2.263016e+01,2.195362e+01,7.450255e+00,6.770997e+00,2.099089e+01,2.031299e+01,3.453152e+01,3.385498e+01,3.391445e+00,2.712187e+00,8.814458e+00,8.136560e+00,1.423747e+01,1.356093e+01
2.734671e-05,5.034497e+00,4.360035e+00,1.375322e+01,1.308010e+01,2.247193e+01,2.180017e+01,7.398412e+00,6.723949e+00,2.084496e+01,2.017185e+01,3.429151e+01,3.361974e+01,3.367805e+00,2.693343e+00,8.753140e+00,8.080028e+00,1.413848e+01,1.346671e+01
2.773694e-05,4.999087e+00,4.329385e+00,1.365652e+01,1.298816e+01,2.231395e+01,2.164693e+01,7.346608e+00,6.676907e+00,2.069908e+01,2.003072e+01,3.405155e+01,3.338453e+01,3.344200e+00,2.674499e+00,8.691857e+00,8.023496e+00,1.403951e+01,1.337249e+01
2.813275e-05,4.963711e+00,4.298737e+00,1.355985e+01,1.289621e+01,2.215600e+01,2.149369e+01,7.294838e+00,6.629865e+00,2.055324e+01,1.988959e+01,3.381163e+01,3.314932e+01,3.320629e+00,2.655656e+00,8.630609e+00,7.966967e+00,1.394059e+01,1.327828e+01
2.853421e-05,4.928399e+00,4.268120e+00,1.346332e+01,1.280436e+01,2.199824e+01,2.134060e+01,7.243102e+00,6.582823e+00,2.040742e+01,1.974847e+01,3.357175e+01,3.291411e+01,3.297091e+00,2.636812e+00,8.569393e+00,7.910435e+00,1.384169e+01,1.318406e+01
2.894139e-05,4.894278e+00,4.238661e+00,1.337029e+01,1.271598e+01,2.184630e+01,2.119330e+01,7.191393e+00,6.535775e+00,2.026163e+01,1.960732e+01,3.333187e+01,3.267887e+01,3.273586e+00,2.617968e+00,8.508209e+00,7.853904e+00,1.374283e+01,1.308984e+01
2.935438e-05,4.860190e+00,4.209201e+00,1.327729e+01,1.262760e+01,2.169439e+01,2.104600e+01,7.139722e+00,6.488733e+00,2.011588e+01,1.946620e+01,3.309205e+01,3.244366e+01,3.250113e+00,2.599124e+00,8.447058e+00,7.797372e+00,1.364400e+01,1.299562e+01
2.977327e-05,4.826134e+00,4.179741e+00,1.318432e+01,1.253922e+01,2.154251e+01,2.089870e+01,7.089660e+00,6.443266e+00,1.997490e+01,1.932980e+01,3.286014e+01,3.221633e+01,3.227307e+00,2.580913e+00,8.387839e+00,7.742739e+00,1.354837e+01,1.290456e+01
3.019814e-05,4.792112e+00,4.150281e+00,1.309139e+01,1.245084e+01,2.139067e+01,2.075141e+01,7.040418e+00,6.398588e+00,1.983631e+01,1.919576e+01,3.263220e+01,3.199294e+01,3.204847e+00,2.563016e+00,8.329594e+00,7.689048e+00,1.345434e+01,1.281508e+01
3.062907e-05,4.758121e+00,4.120821e+00,1.299849e+01,1.236246e+01,2.123885e+01,2.060411e+01,6.991209e+00,6.353909e+00,1.969775e+01,1.906173e+01,3.240429e+01,3.176955e+01,3.182419e+00,2.545119e+00,8.271381e+00,7.635358e+00,1.336034e+01,1.272560e+01
3.106614e-05,4.724162e+00,4.091362e+00,1.290562e+01,1.227409e+01,2.108708e+01,2.045681e+01,6.942031e+00,6.309231e+00,1.955923e+01,1.892769e+01,3.217642e+01,3.154615e+01,3.160024e+00,2.527223e+00,8.213203e+00,7.581670e+00,1.326638e+01,1.263612e+01
3.150946e-05,4.690234e+00,4.061901e+00,1.281278e+01,1.218570e+01,2.093532e+01,2.030951e+01,6.892885e+00,6.264552e+00,1.942073e+01,1.879366e+01,3.194858e+01,3.132276e+01,3.137660e+00,2.509326e+00,8.155054e+00,7.527979e+00,1.317245e+01,1.254663e+01
3.195910e-05,4.657431e+00,4.033534e+00,1.272325e+01,1.210060e+01,2.078907e+01,2.016767e+01,6.843771e+00,6.219874e+00,1.928227e+01,1.865962e+01,3.172077e+01,3.109937e+01,3.115328e+00,2.491430e+00,8.096940e+00,7.474291e+00,1.307855e+01,1.245715e+01
3.241516e-05,4.624977e+00,4.005484e+00,1.263471e+01,1.201645e+01,2.064443e+01,2.002742e+01,6.794688e+00,6.175195e+00,1.914384e+01,1.852559e+01,3.149299e+01,3.087598e+01,3.093027e+00,2.473534e+00,8.038853e+00,7.420601e+00,1.298468e+01,1.236767e+01
3.287772e-05,4.592554e+00,3.977434e+00,1.254619e+01,1.193230e+01,2.049983e+01,1.988717e+01,6.746166e+00,6.131046e+00,1.900703e+01,1.839314e+01,3.126789e+01,3.065523e+01,3.070969e+00,2.455849e+00,7.981435e+00,7.367547e+00,1.289190e+01,1.227924e+01
3.334689e-05,4.560162e+00,3.949385e+00,1.245771e+01,1.184816e+01,2.035526e+01,1.974693e+01,6.699071e+00,6.088294e+00,1.887444e+01,1.826488e+01,3.104980e+01,3.044147e+01,3.049502e+00,2.438725e+00,7.925728e+00,7.316174e+00,1.280195e+01,1.219362e+01
3.382275e-05,4.527800e+00,3.921335e+00,1.236926e+01,1.176400e+01,2.021071e+01,1.960667e+01,6.652007e+00,6.045542e+00,1.874188e+01,1.813663e+01,3.083175e+01,3.022771e+01,3.028065e+00,2.421599e+00,7.870049e+00,7.264798e+00,1.271203e+01,1.210800e+01
3.430540e-05,4.495469e+00,3.893285e+00,1.228083e+01,1.167986e+01,2.006620e+01,1.946643e+01,6.604974e+00,6.002790e+00,1.860935e+01,1.800837e+01,3.061372e+01,3.001395e+01,3.006659e+00,2.404475e+00,7.814403e+00,7.213425e+00,1.262215e+01,1.202237e+01
3.479494e-05,4.463411e+00,3.865479e+00,1.219317e+01,1.159644e+01,1.992293e+01,1.932739e+01,6.557977e+00,5.960044e+00,1.847687e+01,1.788013e+01,3.039576e+01,2.980022e+01,2.985284e+00,2.387351e+00,7.758788e+00,7.162052e+00,1.253229e+01,1.193675e+01
3.529146e-05,4.432366e+00,3.838655e+00,1.210849e+01,1.151596e+01,1.978461e+01,1.919327e+01,6.511389e+00,5.917677e+00,1.834555e+01,1.775303e+01,3.017972e+01,2.958839e+01,2.964092e+00,2.370380e+00,7.703663e+00,7.111140e+00,1.244323e+01,1.185190e+01
3.579507e-05,4.401351e+00,3.811830e+00,1.202383e+01,1.143549e+01,1.964631e+01,1.905915e+01,6.466090e+00,5.876570e+00,1.821805e+01,1.762971e+01,2.997001e+01,2.938285e+01,2.943436e+00,2.353915e+00,7.650086e+00,7.061745e+00,1.235674e+01,1.176958e+01
3.630587e-05,4.370364e+00,3.785006e+00,1.193920e+01,1.135502e+01,1.950804e+01,1.892503e+01,6.420821e+00,5.835463e+00,1.809058e+01,1.750639e+01,2.976033e+01,2.917731e+01,2.922809e+00,2.337450e+00,7.596537e+00,7.012350e+00,1.227027e+01,1.168725e+01
3.682396e-05,4.339408e+00,3.758182e+00,1.185461e+01,1.127455e+01,1.936981e+01,1.879091e+01,6.375588e+00,5.794361e+00,1.796315e+01,1.738308e+01,2.955071e+01,2.897181e+01,2.902211e+00,2.320985e+00,7.543018e+00,6.962955e+00,1.218382e+01,1.160493e+01
3.734944e-05,4.308481e+00,3.731358e+00,1.177004e+01,1.119407e+01,1.923160e+01,1.865679e+01,6.330377e+00,5.753254e+00,1.783573e+01,1.725976e+01,2.934108e+01,2.876627e+01,2.881643e+00,2.304520e+00,7.489528e+00,6.913561e+00,1.209741e+01,1.152260e+01
3.788241e-05,4.277779e+00,3.704730e+00,1.168609e+01,1.111419e+01,1.909440e+01,1.852365e+01,6.285198e+00,5.712149e+00,1.770835e+01,1.713645e+01,2.913150e+01,2.856075e+01,2.861104e+00,2.288055e+00,7.436067e+00,6.864166e+00,1.201103e+01,1.144028e+01
3.842300e-05,4.247987e+00,3.678983e+00,1.160481e+01,1.103695e+01,1.896164e+01,1.839492e+01,6.240367e+00,5.671364e+00,1.758196e+01,1.701409e+01,2.892355e+01,2.835682e+01,2.840722e+00,2.271719e+00,7.383020e+00,6.815156e+00,1.192532e+01,1.135859e+01
3.897129e-05,4.218223e+00,3.653237e+00,1.152357e+01,1.095971e+01,1.882891e+01,1.826618e+01,6.196974e+00,5.631987e+00,1.745982e+01,1.689596e+01,2.872266e+01,2.815994e+01,2.820932e+00,2.255946e+00,7.331693e+00,6.767838e+00,1.184245e+01,1.127973e+01
3.952741e-05,4.188489e+00,3.627491e+00,1.144235e+01,1.088247e+01,1.869621e+01,1.813745e+01,6.153609e+00,5.592611e+00,1.733771e+01,1.677783e+01,2.852181e+01,2.796306e+01,2.801171e+00,2.240173e+00,7.280395e+00,6.720520e+00,1.175962e+01,1.120087e+01
4.009147e-05,4.158781e+00,3.601744e+00,1.136115e+01,1.080523e+01,1.856353e+01,1.800872e+01,6.110273e+00,5.553235e+00,1.721563e+01,1.665970e+01,2.832098e+01,2.776617e+01,2.781438e+00,2.224401e+00,7.229124e+00,6.673202e+00,1.167681e+01,1.112200e+01
4.066358e-05,4.129103e+00,3.575997e+00,1.127999e+01,1.072799e+01,1.843088e+01,1.787999e+01,6.066963e+00,5.513858e+00,1.709357e+01,1.654157e+01,2.812018e+01,2.756929e+01,2.761733e+00,2.208628e+00,7.177882e+00,6.625884e+00,1.159403e+01,1.104314e+01
4.124385e-05,4.100064e+00,3.550863e+00,1.120069e+01,1.065259e+01,1.830132e+01,1.775432e+01,6.023682e+00,5.474482e+00,1.697155e+01,1.642345e+01,2.791941e+01,2.737241e+01,2.742056e+00,2.192855e+00,7.126667e+00,6.578566e+00,1.151128e+01,1.096428e+01
4.183240e-05,4.071398e+00,3.526074e+00,1.112245e+01,1.057822e+01,1.817351e+01,1.763037e+01,5.980596e+00,5.435273e+00,1.685005e+01,1.630582e+01,2.771950e+01,2.717636e+01,2.722473e+00,2.177150e+00,7.075681e+00,6.531450e+00,1.142889e+01,1.088575e+01
4.242935e-05,4.042759e+00,3.501285e+00,1.104424e+01,1.050386e+01,1.804573e+01,1.750643e+01,5.938984e+00,5.397510e+00,1.673292e+01,1.619253e+01,2.752686e+01,2.698755e+01,2.703497e+00,2.162023e+00,7.026460e+00,6.486070e+00,1.134942e+01,1.081012e+01
4.303482e-05,4.014147e+00,3.476496e+00,1.096606e+01,1.042949e+01,1.791798e+01,1.738248e+01,5.897399e+00,5.359748e+00,1.661582e+01,1.607924e+01,2.733424e+01,2.679874e+01,2.684548e+00,2.146897e+00,6.977265e+00,6.440691e+00,1.126998e+01,1.073448e+01
4.364892e-05,3.985563e+00,3.451707e+00,1.088791e+01,1.035512e+01,1.779025e+01,1.725854e+01,5.855841e+00,5.321986e+00,1.649874e+01,1.596596e+01,2.714165e+01,2.660993e+01,2.665627e+00,2.131771e+00,6.928101e+00,6.395314e+00,1.119058e+01,1.065886e+01
4.427180e-05,3.957434e+00,3.427347e+00,1.081107e+01,1.028204e+01,1.766470e+01,1.713674e+01,5.814310e+00,5.284223e+00,1.638169e+01,1.585267e+01,2.694908e+01,2.642112e+01,2.646732e+00,2.116645e+00,6.878960e+00,6.349935e+00,1.111119e+01,1.058322e+01
4.490356e-05,3.929761e+00,3.403416e+00,1.073554e+01,1.021025e+01,1.754132e+01,1.701708e+01,5.772805e+00,5.246461e+00,1.626467e+01,1.573938e+01,2.675654e+01,2.623230e+01,2.627864e+00,2.101519e+00,6.829849e+00,6.304558e+00,1.103183e+01,1.050760e+01
4.554433e-05,3.902114e+00,3.379485e+00,1.066004e+01,1.013845e+01,1.741796e+01,1.689742e+01,5.731961e+00,5.209332e+00,1.614958e+01,1.562800e+01,2.656720e+01,2.604666e+01,2.609275e+00,2.086647e+00,6.781523e+00,6.259940e+00,1.095377e+01,1.043323e+01
4.619425e-05,3.874494e+00,3.355555e+00,1.058456e+01,1.006666e+01,1.729463e+01,1.677777e+01,5.692218e+00,5.173279e+00,1.603774e+01,1.551984e+01,2.638326e+01,2.586640e+01,2.591144e+00,2.072205e+00,6.734516e+00,6.216615e+00,1.087789e+01,1.036103e+01
4.685344e-05,3.846899e+00,3.331624e+00,1.050912e+01,9.994871e+00,1.717133e+01,1.665812e+01,5.652502e+00,5.137226e+00,1.592592e+01,1.541168e+01,2.619934e+01,2.568613e+01,2.573040e+00,2.057764e+00,6.687537e+00,6.173293e+00,1.080203e+01,1.028882e+01
4.752204e-05,3.819881e+00,3.308243e+00,1.043534e+01,9.924729e+00,1.705080e+01,1.654121e+01,5.612811e+00,5.101173e+00,1.581413e+01,1.530352e+01,2.601545e+01,2.550587e+01,2.554961e+00,2.043323e+00,6.640582e+00,6.129968e+00,1.072620e+01,1.021661e+01
4.820018e-05,3.793113e+00,3.285087e+00,1.036227e+01,9.855260e+00,1.693143e+01,1.642543e+01,5.573147e+00,5.065120e+00,1.570237e+01,1.519536e+01,2.583159e+01,2.532560e+01,2.536907e+00,2.028881e+00,6.593653e+00,6.086643e+00,1.065040e+01,1.014441e+01
4.888800e-05,3.766370e+00,3.261931e+00,1.028922e+01,9.785792e+00,1.681207e+01,1.630965e+01,5.533507e+00,5.029068e+00,1.559063e+01,1.508720e+01,2.564776e+01,2.514534e+01,2.518880e+00,2.014440e+00,6.546751e+00,6.043321e+00,1.057462e+01,1.007220e+01
4.958563e-05,3.739653e+00,3.238774e+00,1.021620e+01,9.716323e+00,1.669275e+01,1.619387e+01,5.493893e+00,4.993015e+00,1.547892e+01,1.497904e+01,2.546395e+01,2.496507e+01,2.500877e+00,1.999999e+00,6.499872e+00,5.999996e+00,1.049887e+01,9.999994e+00
5.029322e-05,3.713119e+00,3.215777e+00,1.014368e+01,9.647330e+00,1.657423e+01,1.607888e+01,5.454324e+00,4.956981e+00,1.536729e+01,1.487094e+01,2.528026e+01,2.478490e+01,2.482908e+00,1.985566e+00,6.453044e+00,5.956697e+00,1.042318e+01,9.927828e+00
5.101091e-05,3.687157e+00,3.193325e+00,1.007282e+01,9.579975e+00,1.645848e+01,1.596663e+01,5.416196e+00,4.922364e+00,1.525994e+01,1.476709e+01,2.510368e+01,2.461182e+01,2.465531e+00,1.971699e+00,6.407941e+00,5.915098e+00,1.035035e+01,9.858497e+00
5.173884e-05,3.661219e+00,3.170873e+00,1.000198e+01,9.512620e+00,1.634275e+01,1.585437e+01,5.378093e+00,4.887747e+00,1.515261e+01,1.466324e+01,2.492712e+01,2.443874e+01,2.448179e+00,1.957833e+00,6.362863e+00,5.873500e+00,1.027755e+01,9.789166e+00
5.247715e-05,3.635305e+00,3.148421e+00,9.931173e+00,9.445264e+00,1.622704e+01,1.574211e+01,5.340014e+00,4.853131e+00,1.504530e+01,1.455939e+01,2.475059e+01,2.426565e+01,2.430851e+00,1.943967e+00,6.317810e+00,5.831901e+00,1.020477e+01,9.719835e+00
5.322600e-05,3.609421e+00,3.125974e+00,9.860401e+00,9.377922e+00,1.611138e+01,1.562987e+01,5.301961e+00,4.818514e+00,1.493802e+01,1.445554e+01,2.457408e+01,2.409257e+01,2.413547e+00,1.930101e+00,6.272781e+00,5.790302e+00,1.013201e+01,9.650504e+00
5.398554e-05,3.584200e+00,3.104166e+00,9.791572e+00,9.312499e+00,1.599894e+01,1.552083e+01,5.265171e+00,4.785137e+00,1.483448e+01,1.435541e+01,2.440380e+01,2.392569e+01,2.396765e+00,1.916732e+00,6.229267e+00,5.750195e+00,1.006177e+01,9.583658e+00
5.475591e-05,3.559002e+00,3.082357e+00,9.722763e+00,9.247072e+00,1.588652e+01,1.541179e+01,5.228517e+00,4.751872e+00,1.473131e+01,1.425562e+01,2.423410e+01,2.375936e+01,2.380052e+00,1.903407e+00,6.185911e+00,5.710220e+00,9.991770e+00,9.517034e+00
5.553728e-05,3.533830e+00,3.060550e+00,9.653982e+00,9.181649e+00,1.577413e+01,1.530275e+01,5.191888e+00,4.718608e+00,1.462816e+01,1.415582e+01,2.406442e+01,2.359304e+01,2.363362e+00,1.890082e+00,6.142578e+00,5.670246e+00,9.921795e+00,9.450410e+00
5.632980e-05,3.508697e+00,3.038758e+00,9.585272e+00,9.116274e+00,1.566185e+01,1.519379e+01,5.155281e+00,4.685342e+00,1.452502e+01,1.405603e+01,2.389477e+01,2.342671e+01,2.346696e+00,1.876757e+00,6.099270e+00,5.630272e+00,9.851843e+00,9.383786e+00
5.713363e-05,3.484162e+00,3.017541e+00,9.518310e+00,9.052623e+00,1.555246e+01,1.508770e+01,5.118699e+00,4.652077e+00,1.442192e+01,1.395623e+01,2.372514e+01,2.326039e+01,2.330055e+00,1.863433e+00,6.055987e+00,5.590300e+00,9.781920e+00,9.317167e+00
5.794892e-05,3.459651e+00,2.996324e+00,9.451370e+00,8.988971e+00,1.544309e+01,1.498162e+01,5.082140e+00,4.618813e+00,1.431884e+01,1.385644e+01,2.355554e+01,2.309406e+01,2.313436e+00,1.850109e+00,6.012725e+00,5.550326e+00,9.712015e+00,9.250543e+00
5.877586e-05,3.435163e+00,2.975107e+00,9.384456e+00,8.925321e+00,1.533375e+01,1.487553e+01,5.045604e+00,4.585547e+00,1.421578e+01,1.375664e+01,2.338595e+01,2.292774e+01,2.296840e+00,1.836784e+00,5.969487e+00,5.510351e+00,9.642133e+00,9.183919e+00
5.961459e-05,3.410905e+00,2.954096e+00,9.318183e+00,8.862289e+00,1.522546e+01,1.477048e+01,5.010343e+00,4.553534e+00,1.411650e+01,1.366060e+01,2.322265e+01,2.276767e+01,2.280769e+00,1.823961e+00,5.927776e+00,5.471882e+00,9.574783e+00,9.119804e+00
6.046529e-05,3.387256e+00,2.933672e+00,9.253692e+00,8.801017e+00,1.512013e+01,1.466836e+01,4.975525e+00,4.521941e+00,1.401850e+01,1.356582e+01,2.306147e+01,2.260971e+01,2.264889e+00,1.811306e+00,5.886593e+00,5.433917e+00,9.508296e+00,9.056529e+00
6.132813e-05,3.363630e+00,2.913248e+00,9.189224e+00,8.739744e+00,1.501482e+01,1.456624e+01,4.940730e+00,4.490348e+00,1.392052e+01,1.347104e+01,2.290032e+01,2.245174e+01,2.249032e+00,1.798651e+00,5.845432e+00,5.395952e+00,9.441832e+00,8.993253e+00
6.220329e-05,3.340026e+00,2.892824e+00,9.124780e+00,8.678473e+00,1.490953e+01,1.446412e+01,4.905958e+00,4.458756e+00,1.382257e+01,1.337627e+01,2.273919e+01,2.229378e+01,2.233198e+00,1.785996e+00,5.804294e+00,5.357987e+00,9.375390e+00,8.929978e+00
6.309093e-05,3.316445e+00,2.872400e+00,9.060355e+00,8.617199e+00,1.480427e+01,1.436200e+01,4.871208e+00,4.427163e+00,1.372464e+01,1.328149e+01,2.257808e+01,2.213581e+01,2.217387e+00,1.773342e+00,5.763181e+00,5.320025e+00,9.308975e+00,8.866708e+00
6.399124e-05,3.292886e+00,2.851976e+00,8.995955e+00,8.555928e+00,1.469902e+01,1.425988e+01,4.836480e+00,4.395570e+00,1.362674e+01,1.318671e+01,2.241699e+01,2.197785e+01,2.201597e+00,1.760686e+00,5.722087e+00,5.282059e+00,9.242577e+00,8.803432e+00
6.490440e-05,3.269349e+00,2.831552e+00,8.931576e+00,8.494655e+00,1.459380e+01,1.415776e+01,4.801775e+00,4.363977e+00,1.352885e+01,1.309193e+01,2.225593e+01,2.181989e+01,2.185829e+00,1.748031e+00,5.681015e+00,5.244094e+00,9.176202e+00,8.740157e+00
6.583058e-05,3.246099e+00,2.811392e+00,8.868014e+00,8.434177e+00,1.448993e+01,1.405696e+01,4.767576e+00,4.332869e+00,1.343244e+01,1.299861e+01,2.209731e+01,2.166434e+01,2.170278e+00,1.735571e+00,5.640549e+00,5.206712e+00,9.110820e+00,8.677853e+00
6.676999e-05,3.223551e+00,2.791913e+00,8.806512e+00,8.375738e+00,1.438947e+01,1.395956e+01,4.734277e+00,4.302639e+00,1.333869e+01,1.290792e+01,2.194311e+01,2.151320e+01,2.155100e+00,1.723462e+00,5.601159e+00,5.170385e+00,9.047219e+00,8.617309e+00
6.772280e-05,3.201024e+00,2.772433e+00,8.745032e+00,8.317299e+00,1.428904e+01,1.386216e+01,4.701000e+00,4.272409e+00,1.324496e+01,1.281723e+01,2.178892e+01,2.136205e+01,2.139945e+00,1.711354e+00,5.561794e+00,5.134061e+00,8.983644e+00,8.556769e+00
6.868920e-05,3.178518e+00,2.752953e+00,8.683573e+00,8.258859e+00,1.418863e+01,1.376477e+01,4.667745e+00,4.242180e+00,1.315125e+01,1.272654e+01,2.163476e+01,2.121090e+01,2.124810e+00,1.699245e+00,5.522448e+00,5.097735e+00,8.920086e+00,8.496224e+00
6.966940e-05,3.156034e+00,2.733473e+00,8.622135e+00,8.200420e+00,1.408824e+01,1.366737e+01,4.634511e+00,4.211950e+00,1.305756e+01,1.263585e+01,2.148062e+01,2.105975e+01,2.109697e+00,1.687136e+00,5.483123e+00,5.061408e+00,8.856549e+00,8.435680e+00
7.066359e-05,3.133572e+00,2.713994e+00,8.560719e+00,8.141981e+00,1.398787e+01,1.356997e+01,4.601665e+00,4.182087e+00,1.296500e+01,1.254626e+01,2.132833e+01,2.091043e+01,2.094752e+00,1.675174e+00,5.444261e+00,5.025523e+00,8.793769e+00,8.375871e+00
7.167196e-05,3.111130e+00,2.694514e+00,8.499324e+00,8.083542e+00,1.388752e+01,1.347257e+01,4.569637e+00,4.153021e+00,1.287484e+01,1.245906e+01,2.118005e+01,2.076510e+01,2.080147e+00,1.663531e+00,5.406376e+00,4.990594e+00,8.732604e+00,8.317656e+00
7.269472e-05,3.089475e+00,2.675801e+00,8.440248e+00,8.027402e+00,1.379102e+01,1.337900e+01,4.537629e+00,4.123955e+00,1.278471e+01,1.237186e+01,2.103179e+01,2.061977e+01,2.065563e+00,1.651888e+00,5.368512e+00,4.955665e+00,8.671460e+00,8.259442e+00
7.373207e-05,3.067900e+00,2.657145e+00,8.381368e+00,7.971436e+00,1.369484e+01,1.328573e+01,4.505643e+00,4.094889e+00,1.269460e+01,1.228467e+01,2.088355e+01,2.047444e+01,2.051001e+00,1.640246e+00,5.330671e+00,4.920739e+00,8.610342e+00,8.201232e+00
7.478423e-05,3.046345e+00,2.638490e+00,8.322508e+00,7.915470e+00,1.359867e+01,1.319245e+01,4.473677e+00,4.065823e+00,1.260451e+01,1.219747e+01,2.073533e+01,2.032911e+01,2.036458e+00,1.628603e+00,5.292849e+00,4.885810e+00,8.549239e+00,8.143017e+00
7.585140e-05,3.024810e+00,2.619835e+00,8.263669e+00,7.859504e+00,1.350253e+01,1.309917e+01,4.441732e+00,4.036756e+00,1.251443e+01,1.211027e+01,2.058714e+01,2.018378e+01,2.021936e+00,1.616961e+00,5.255046e+00,4.850882e+00,8.488157e+00,8.084803e+00
7.693381e-05,3.003296e+00,2.601179e+00,8.204850e+00,7.803538e+00,1.340640e+01,1.300590e+01,4.410132e+00,4.008016e+00,1.242536e+01,1.202405e+01,2.044059e+01,2.004008e+01,2.007564e+00,1.605448e+00,5.217655e+00,4.816343e+00,8.427745e+00,8.027239e+00
7.803165e-05,2.981876e+00,2.582599e+00,8.146274e+00,7.747796e+00,1.331067e+01,1.291299e+01,4.379450e+00,3.980173e+00,1.233900e+01,1.194052e+01,2.029854e+01,1.990086e+01,1.993573e+00,1.594295e+00,5.181365e+00,4.782886e+00,8.369156e+00,7.971477e+00
7.914517e-05,2.961131e+00,2.564672e+00,8.089680e+00,7.694015e+00,1.321823e+01,1.282336e+01,4.348788e+00,3.952329e+00,1.225265e+01,1.185699e+01,2.015652e+01,1.976165e+01,1.979602e+00,1.583143e+00,5.145094e+00,4.749429e+00,8.310586e+00,7.915715e+00
8.027457e-05,2.940405e+00,2.546745e+00,8.033107e+00,7.640235e+00,1.312581e+01,1.273372e+01,4.318145e+00,3.924485e+00,1.216633e+01,1.177346e+01,2.001451e+01,1.962243e+01,1.965650e+00,1.571990e+00,5.108841e+00,4.715969e+00,8.252032e+00,7.859948e+00
8.142009e-05,2.919699e+00,2.528817e+00,7.976551e+00,7.586452e+00,1.303340e+01,1.264409e+01,4.287523e+00,3.896642e+00,1.208002e+01,1.168993e+01,1.987252e+01,1.948321e+01,1.951718e+00,1.560837e+00,5.072610e+00,4.682512e+00,8.193502e+00,7.804186e+00
8.258196e-05,2.899012e+00,2.510891e+00,7.920016e+00,7.532672e+00,1.294102e+01,1.255445e+01,4.256920e+00,3.868798e+00,1.199374e+01,1.160640e+01,1.973056e+01,1.934399e+01,1.937805e+00,1.549684e+00,5.036396e+00,4.649052e+00,8.134987e+00,7.748419e+00
8.376041e-05,2.878345e+00,2.492964e+00,7.863501e+00,7.478891e+00,1.284866e+01,1.246482e+01,4.226547e+00,3.841165e+00,1.190811e+01,1.152350e+01,1.958967e+01,1.920583e+01,1.923997e+00,1.538615e+00,5.000456e+00,4.615846e+00,8.076916e+00,7.693077e+00
8.495567e-05,2.858166e+00,2.475505e+00,7.808409e+00,7.426514e+00,1.275865e+01,1.237752e+01,4.197125e+00,3.814464e+00,1.182529e+01,1.144339e+01,1.945345e+01,1.907232e+01,1.910581e+00,1.527920e+00,4.965654e+00,4.583759e+00,8.020726e+00,7.639598e+00
8.616799e-05,2.838186e+00,2.458226e+00,7.753877e+00,7.374678e+00,1.266957e+01,1.229113e+01,4.167721e+00,3.787762e+00,1.174248e+01,1.136329e+01,1.931725e+01,1.893881e+01,1.897183e+00,1.517224e+00,4.930870e+00,4.551671e+00,7.964557e+00,7.586118e+00
8.739761e-05,2.818226e+00,2.440948e+00,7.699367e+00,7.322845e+00,1.258051e+01,1.220474e+01,4.138337e+00,3.761059e+00,1.165970e+01,1.128318e+01,1.918106e+01,1.880530e+01,1.883805e+00,1.506528e+00,4.896105e+00,4.519583e+00,7.908406e+00,7.532639e+00
8.864477e-05,2.798284e+00,2.423670e+00,7.644875e+00,7.271011e+00,1.249147e+01,1.211835e+01,4.108971e+00,3.734357e+00,1.157694e+01,1.120307e+01,1.904490e+01,1.867179e+01,1.870446e+00,1.495832e+00,4.861360e+00,4.487496e+00,7.852274e+00,7.479160e+00
8.990974e-05,2.778362e+00,2.406393e+00,7.590402e+00,7.219178e+00,1.240244e+01,1.203196e+01,4.079625e+00,3.707656e+00,1.149419e+01,1.112297e+01,1.890876e+01,1.853828e+01,1.857105e+00,1.485136e+00,4.826633e+00,4.455408e+00,7.796160e+00,7.425680e+00
9.119275e-05,2.758878e+00,2.389535e+00,7.537208e+00,7.168604e+00,1.231554e+01,1.194767e+01,4.050843e+00,3.681500e+00,1.141310e+01,1.104450e+01,1.877536e+01,1.840750e+01,1.844002e+00,1.474659e+00,4.792581e+00,4.423977e+00,7.741160e+00,7.373295e+00
9.249407e-05,2.739576e+00,2.372840e+00,7.484523e+00,7.118521e+00,1.222947e+01,1.186420e+01,4.022742e+00,3.656007e+00,1.133402e+01,1.096802e+01,1.864530e+01,1.828003e+01,1.831183e+00,1.464447e+00,4.759343e+00,4.393341e+00,7.687503e+00,7.322235e+00
9.381397e-05,2.720293e+00,2.356146e+00,7.431857e+00,7.068439e+00,1.214342e+01,1.178073e+01,3.994660e+00,3.630513e+00,1.125496e+01,1.089154e+01,1.851525e+01,1.815256e+01,1.818383e+00,1.454236e+00,4.726126e+00,4.362708e+00,7.633869e+00,7.271180e+00
9.515270e-05,2.701028e+00,2.339452e+00,7.379208e+00,7.018356e+00,1.205739e+01,1.169726e+01,3.966596e+00,3.605020e+00,1.117591e+01,1.081506e+01,1.838523e+01,1.802510e+01,1.805600e+00,1.444024e+00,4.692925e+00,4.332072e+00,7.580249e+00,7.220120e+00
9.651053e-05,2.681808e+00,2.322784e+00,7.326658e+00,6.968353e+00,1.197151e+01,1.161392e+01,3.938551e+00,3.579527e+00,1.109689e+01,1.073858e+01,1.825522e+01,1.789763e+01,1.792837e+00,1.433813e+00,4.659744e+00,4.301439e+00,7.526651e+00,7.169065e+00
9.788773e-05,2.663108e+00,2.306619e+00,7.275631e+00,6.919856e+00,1.188815e+01,1.153309e+01,3.910523e+00,3.554034e+00,1.101788e+01,1.066210e+01,1.812523e+01,1.777017e+01,1.780091e+00,1.423602e+00,4.626582e+00,4.270806e+00,7.473072e+00,7.118010e+00
9.928460e-05,2.644425e+00,2.290453e+00,7.224622e+00,6.871358e+00,1.180482e+01,1.145226e+01,3.882513e+00,3.528540e+00,1.093888e+01,1.058562e+01,1.799526e+01,1.764270e+01,1.767363e+00,1.413390e+00,4.593434e+00,4.240170e+00,7.419506e+00,7.066950e+00
1.007014e-04,2.625761e+00,2.274287e+00,7.173631e+00,6.822861e+00,1.172150e+01,1.137144e+01,3.854616e+00,3.503142e+00,1.086020e+01,1.050943e+01,1.786578e+01,1.751571e+01,1.754690e+00,1.403217e+00,4.560420e+00,4.209650e+00,7.366150e+00,7.016084e+00
1.021384e-04,2.607113e+00,2.258121e+00,7.122656e+00,6.774362e+00,1.163820e+01,1.129060e+01,3.827657e+00,3.478665e+00,1.078429e+01,1.043599e+01,1.774092e+01,1.739332e+01,1.742405e+00,1.393412e+00,4.528531e+00,4.180237e+00,7.314657e+00,6.967062e+00
1.035959e-04,2.588807e+00,2.242278e+00,7.072669e+00,6.726834e+00,1.155653e+01,1.121139e+01,3.800716e+00,3.454187e+00,1.070840e+01,1.036256e+01,1.761608e+01,1.727094e+01,1.730137e+00,1.383608e+00,4.496658e+00,4.150824e+00,7.263180e+00,6.918039e+00
1.050742e-04,2.570676e+00,2.226593e+00,7.023174e+00,6.679780e+00,1.147567e+01,1.113297e+01,3.773792e+00,3.429710e+00,1.063252e+01,1.028913e+01,1.749125e+01,1.714855e+01,1.717885e+00,1.373802e+00,4.464801e+00,4.121407e+00,7.211717e+00,6.869012e+00
1.065736e-04,2.552562e+00,2.210909e+00,6.973695e+00,6.632726e+00,1.139483e+01,1.105454e+01,3.746886e+00,3.405232e+00,1.055667e+01,1.021570e+01,1.736645e+01,1.702616e+01,1.705651e+00,1.363998e+00,4.432963e+00,4.091994e+00,7.160275e+00,6.819990e+00
1.080945e-04,2.534466e+00,2.195225e+00,6.924236e+00,6.585674e+00,1.131401e+01,1.097612e+01,3.720949e+00,3.381707e+00,1.048368e+01,1.014512e+01,1.724642e+01,1.690854e+01,1.693816e+00,1.354575e+00,4.402286e+00,4.063724e+00,7.110756e+00,6.772873e+00
1.096370e-04,2.516627e+00,2.179781e+00,6.875514e+00,6.539342e+00,1.123440e+01,1.089890e+01,3.695032e+00,3.358185e+00,1.041073e+01,1.007456e+01,1.712642e+01,1.679093e+01,1.681999e+00,1.345153e+00,4.371631e+00,4.035459e+00,7.061263e+00,6.725766e+00
1.112015e-04,2.499006e+00,2.164537e+00,6.827411e+00,6.493612e+00,1.115582e+01,1.082269e+01,3.669132e+00,3.334664e+00,1.033779e+01,1.000399e+01,1.700645e+01,1.667332e+01,1.670199e+00,1.335731e+00,4.340991e+00,4.007192e+00,7.011783e+00,6.678653e+00
1.127883e-04,2.481401e+00,2.149294e+00,6.779323e+00,6.447881e+00,1.107725e+01,1.074647e+01,3.643249e+00,3.311142e+00,1.026487e+01,9.933426e+00,1.688649e+01,1.655571e+01,1.658416e+00,1.326309e+00,4.310370e+00,3.978928e+00,6.962323e+00,6.631546e+00
1.143978e-04,2.463812e+00,2.134050e+00,6.731251e+00,6.402149e+00,1.099869e+01,1.067025e+01,3.617383e+00,3.287620e+00,1.019196e+01,9.862859e+00,1.676654e+01,1.643810e+01,1.646650e+00,1.316887e+00,4.279763e+00,3.950660e+00,6.912876e+00,6.584434e+00
1.160303e-04,2.446504e+00,2.119070e+00,6.683988e+00,6.357209e+00,1.092147e+01,1.059535e+01,3.591533e+00,3.264098e+00,1.011907e+01,9.792294e+00,1.664661e+01,1.632049e+01,1.634900e+00,1.307465e+00,4.249175e+00,3.922396e+00,6.863450e+00,6.537326e+00
1.176860e-04,2.429355e+00,2.104232e+00,6.637169e+00,6.312697e+00,1.084498e+01,1.052116e+01,3.565699e+00,3.240576e+00,1.004620e+01,9.721728e+00,1.652670e+01,1.620288e+01,1.623166e+00,1.298043e+00,4.218601e+00,3.894128e+00,6.814035e+00,6.490214e+00
1.193654e-04,2.412222e+00,2.089394e+00,6.590364e+00,6.268183e+00,1.076851e+01,1.044697e+01,3.540861e+00,3.218033e+00,9.976281e+00,9.654099e+00,1.641170e+01,1.609017e+01,1.611842e+00,1.289014e+00,4.189223e+00,3.867041e+00,6.766604e+00,6.445069e+00
1.210688e-04,2.395106e+00,2.074557e+00,6.543577e+00,6.223670e+00,1.069205e+01,1.037278e+01,3.516243e+00,3.195694e+00,9.906989e+00,9.587082e+00,1.629773e+01,1.597847e+01,1.600614e+00,1.280065e+00,4.160102e+00,3.840194e+00,6.719589e+00,6.400324e+00
1.227964e-04,2.378527e+00,2.060241e+00,6.498373e+00,6.180724e+00,1.061822e+01,1.030121e+01,3.491641e+00,3.173355e+00,9.837713e+00,9.520064e+00,1.618378e+01,1.586677e+01,1.589403e+00,1.271117e+00,4.130999e+00,3.813351e+00,6.672596e+00,6.355584e+00
1.245487e-04,2.361988e+00,2.045949e+00,6.453253e+00,6.137846e+00,1.054452e+01,1.022974e+01,3.467054e+00,3.151015e+00,9.768452e+00,9.453046e+00,1.606985e+01,1.575508e+01,1.578208e+00,1.262169e+00,4.101913e+00,3.786507e+00,6.625618e+00,6.310844e+00
1.263261e-04,2.345464e+00,2.031656e+00,6.408147e+00,6.094967e+00,1.047083e+01,1.015828e+01,3.442484e+00,3.128676e+00,9.699208e+00,9.386028e+00,1.595593e+01,1.564338e+01,1.567029e+00,1.253221e+00,4.072842e+00,3.759663e+00,6.578656e+00,6.266105e+00
1.281287e-04,2.328956e+00,2.017363e+00,6.363058e+00,6.052089e+00,1.039716e+01,1.008682e+01,3.417930e+00,3.106337e+00,9.629979e+00,9.319011e+00,1.584203e+01,1.553168e+01,1.555866e+00,1.244273e+00,4.043788e+00,3.732819e+00,6.531710e+00,6.221365e+00
1.299571e-04,2.312463e+00,2.003070e+00,6.317983e+00,6.009210e+00,1.032350e+01,1.001535e+01,3.393390e+00,3.083997e+00,9.560765e+00,9.251991e+00,1.572814e+01,1.541999e+01,1.544717e+00,1.235324e+00,4.014746e+00,3.705972e+00,6.484774e+00,6.176620e+00
1.318116e-04,2.295986e+00,1.988777e+00,6.272926e+00,5.966332e+00,1.024987e+01,9.943887e+00,3.369286e+00,3.062077e+00,9.492825e+00,9.186231e+00,1.561636e+01,1.531039e+01,1.533753e+00,1.226544e+00,3.986226e+00,3.679632e+00,6.438699e+00,6.132720e+00
1.336926e-04,2.279595e+00,1.974555e+00,6.228094e+00,5.923665e+00,1.017659e+01,9.872774e+00,3.345742e+00,3.040702e+00,9.426534e+00,9.122105e+00,1.550733e+01,1.520351e+01,1.523022e+00,1.217982e+00,3.958375e+00,3.653945e+00,6.393728e+00,6.089909e+00
1.356004e-04,2.263799e+00,1.960913e+00,6.185019e+00,5.882738e+00,1.010624e+01,9.804564e+00,3.322213e+00,3.019326e+00,9.360259e+00,9.057979e+00,1.539830e+01,1.509663e+01,1.512306e+00,1.209420e+00,3.930539e+00,3.628259e+00,6.348772e+00,6.047098e+00
1.375354e-04,2.248019e+00,1.947271e+00,6.141959e+00,5.841812e+00,1.003590e+01,9.736354e+00,3.298700e+00,2.997951e+00,9.294000e+00,8.993854e+00,1.528930e+01,1.498976e+01,1.501606e+00,1.200857e+00,3.902719e+00,3.602572e+00,6.303831e+00,6.004287e+00
1.394980e-04,2.232254e+00,1.933629e+00,6.098914e+00,5.800886e+00,9.965573e+00,9.668144e+00,3.275201e+00,2.976576e+00,9.227755e+00,8.929728e+00,1.518031e+01,1.488288e+01,1.490921e+00,1.192295e+00,3.874913e+00,3.576886e+00,6.258906e+00,5.961477e+00
1.414887e-04,2.216504e+00,1.919987e+00,6.055884e+00,5.759960e+00,9.895264e+00,9.599934e+00,3.252042e+00,2.955525e+00,9.162498e+00,8.866575e+00,1.507295e+01,1.477762e+01,1.480380e+00,1.183863e+00,3.847513e+00,3.551590e+00,6.214646e+00,5.919317e+00
1.435077e-04,2.200768e+00,1.906344e+00,6.012867e+00,5.719032e+00,9.824966e+00,9.531721e+00,3.229396e+00,2.934973e+00,9.098752e+00,8.804918e+00,1.496811e+01,1.467486e+01,1.470054e+00,1.175630e+00,3.820725e+00,3.526891e+00,6.171397e+00,5.878152e+00
1.455556e-04,2.185047e+00,1.892702e+00,5.969866e+00,5.678106e+00,9.754685e+00,9.463511e+00,3.206765e+00,2.914419e+00,9.035018e+00,8.743258e+00,1.486327e+01,1.457210e+01,1.459743e+00,1.167397e+00,3.793952e+00,3.502192e+00,6.128162e+00,5.836987e+00
1.476327e-04,2.169834e+00,1.879552e+00,5.928357e+00,5.638657e+00,9.686880e+00,9.397761e+00,3.184148e+00,2.893867e+00,8.971301e+00,8.681601e+00,1.475845e+01,1.446934e+01,1.449447e+00,1.159165e+00,3.767196e+00,3.477496e+00,6.084946e+00,5.795827e+00
1.497394e-04,2.154712e+00,1.866480e+00,5.887094e+00,5.599439e+00,9.619476e+00,9.332398e+00,3.161547e+00,2.873315e+00,8.907599e+00,8.619944e+00,1.465365e+01,1.436657e+01,1.439165e+00,1.150932e+00,3.740452e+00,3.452797e+00,6.041740e+00,5.754662e+00
1.518762e-04,2.139604e+00,1.853407e+00,5.845845e+00,5.560221e+00,9.552087e+00,9.267035e+00,3.138959e+00,2.852762e+00,8.843909e+00,8.558285e+00,1.454886e+01,1.426381e+01,1.428898e+00,1.142700e+00,3.713726e+00,3.428101e+00,5.998553e+00,5.713502e+00
1.540434e-04,2.124511e+00,1.840334e+00,5.804611e+00,5.521003e+00,9.484712e+00,9.201672e+00,3.116685e+00,2.832508e+00,8.781133e+00,8.497524e+00,1.444558e+01,1.416254e+01,1.418764e+00,1.134587e+00,3.687370e+00,3.403762e+00,5.955975e+00,5.672936e+00
1.562416e-04,2.109433e+00,1.827262e+00,5.763392e+00,5.481786e+00,9.417351e+00,9.136310e+00,3.094991e+00,2.812820e+00,8.720066e+00,8.438460e+00,1.434514e+01,1.406410e+01,1.408872e+00,1.126701e+00,3.661710e+00,3.380104e+00,5.914548e+00,5.633507e+00
1.584712e-04,2.094433e+00,1.814254e+00,5.722380e+00,5.442762e+00,9.350327e+00,9.071270e+00,3.073310e+00,2.793131e+00,8.659012e+00,8.379394e+00,1.424471e+01,1.396566e+01,1.398993e+00,1.118815e+00,3.636062e+00,3.356444e+00,5.873130e+00,5.594073e+00
1.607326e-04,2.079886e+00,1.801685e+00,5.682700e+00,5.405056e+00,9.285514e+00,9.008427e+00,3.051644e+00,2.773443e+00,8.597974e+00,8.320330e+00,1.414430e+01,1.386722e+01,1.389130e+00,1.110929e+00,3.610430e+00,3.332786e+00,5.831731e+00,5.554644e+00
1.630263e-04,2.065354e+00,1.789117e+00,5.643036e+00,5.367352e+00,9.220718e+00,8.945587e+00,3.029992e+00,2.753755e+00,8.536949e+00,8.261266e+00,1.404391e+01,1.376878e+01,1.379279e+00,1.103042e+00,3.584810e+00,3.309126e+00,5.790341e+00,5.515210e+00
1.653527e-04,2.050836e+00,1.776549e+00,5.603384e+00,5.329646e+00,9.155933e+00,8.882744e+00,3.008354e+00,2.734067e+00,8.475939e+00,8.202201e+00,1.394352e+01,1.367034e+01,1.369443e+00,1.095156e+00,3.559206e+00,3.285469e+00,5.748969e+00,5.475781e+00
1.677122e-04,2.036331e+00,1.763980e+00,5.563746e+00,5.291941e+00,9.091161e+00,8.819901e+00,2.986943e+00,2.714592e+00,8.415582e+00,8.143777e+00,1.384422e+01,1.357296e+01,1.359706e+00,1.087355e+00,3.533871e+00,3.262066e+00,5.708036e+00,5.436776e+00
1.701055e-04,2.021840e+00,1.751412e+00,5.524123e+00,5.254237e+00,9.026406e+00,8.757061e+00,2.966139e+00,2.695711e+00,8.357020e+00,8.087133e+00,1.374790e+01,1.347856e+01,1.350220e+00,1.079792e+00,3.509262e+00,3.239376e+00,5.668305e+00,5.398960e+00
1.725329e-04,2.007733e+00,1.739214e+00,5.485623e+00,5.217642e+00,8.963513e+00,8.696070e+00,2.945349e+00,2.676830e+00,8.298471e+00,8.030490e+00,1.365159e+01,1.338415e+01,1.340748e+00,1.072230e+00,3.484670e+00,3.216689e+00,5.628592e+00,5.361149e+00
1.749950e-04,1.993719e+00,1.727096e+00,5.447377e+00,5.181287e+00,8.901035e+00,8.635479e+00,2.924572e+00,2.657949e+00,8.239937e+00,7.973848e+00,1.355530e+01,1.328975e+01,1.331290e+00,1.064667e+00,3.460089e+00,3.194000e+00,5.588888e+00,5.323333e+00
1.774921e-04,1.979719e+00,1.714978e+00,5.409144e+00,5.144933e+00,8.838569e+00,8.574888e+00,2.903809e+00,2.639068e+00,8.181415e+00,7.917204e+00,1.345902e+01,1.319534e+01,1.321844e+00,1.057103e+00,3.435521e+00,3.171310e+00,5.549197e+00,5.285516e+00
1.800250e-04,1.965731e+00,1.702860e+00,5.370924e+00,5.108579e+00,8.776117e+00,8.514298e+00,2.883059e+00,2.620187e+00,8.122906e+00,7.860560e+00,1.336275e+01,1.310093e+01,1.312413e+00,1.049541e+00,3.410969e+00,3.148623e+00,5.509524e+00,5.247705e+00
1.825939e-04,1.951758e+00,1.690741e+00,5.332718e+00,5.072224e+00,8.713678e+00,8.453707e+00,2.862776e+00,2.601760e+00,8.065775e+00,7.805281e+00,1.326877e+01,1.300880e+01,1.303176e+00,1.042160e+00,3.386973e+00,3.126479e+00,5.470770e+00,5.210799e+00
1.851995e-04,1.938157e+00,1.678984e+00,5.295606e+00,5.036951e+00,8.653054e+00,8.394919e+00,2.842907e+00,2.583734e+00,8.009856e+00,7.751201e+00,1.317680e+01,1.291867e+01,1.294112e+00,1.034939e+00,3.363472e+00,3.104817e+00,5.432831e+00,5.174695e+00
1.878423e-04,1.924615e+00,1.667271e+00,5.258641e+00,5.001812e+00,8.592667e+00,8.336354e+00,2.823051e+00,2.565707e+00,7.953950e+00,7.697121e+00,1.308485e+01,1.282853e+01,1.285062e+00,1.027718e+00,3.339983e+00,3.083155e+00,5.394904e+00,5.138591e+00
1.905229e-04,1.911085e+00,1.655558e+00,5.221689e+00,4.966673e+00,8.532293e+00,8.277789e+00,2.803208e+00,2.547681e+00,7.898058e+00,7.643043e+00,1.299291e+01,1.273840e+01,1.276024e+00,1.020497e+00,3.316508e+00,3.061492e+00,5.356991e+00,5.102487e+00
1.932416e-04,1.897569e+00,1.643845e+00,5.184751e+00,4.931536e+00,8.471934e+00,8.219227e+00,2.783377e+00,2.529654e+00,7.842178e+00,7.588963e+00,1.290098e+01,1.264827e+01,1.267000e+00,1.013277e+00,3.293045e+00,3.039830e+00,5.319090e+00,5.066383e+00
1.959992e-04,1.884166e+00,1.632234e+00,5.148130e+00,4.896703e+00,8.412095e+00,8.161171e+00,2.763560e+00,2.511628e+00,7.786312e+00,7.534884e+00,1.280906e+01,1.255814e+01,1.257988e+00,1.006056e+00,3.269595e+00,3.018167e+00,5.281202e+00,5.030279e+00
1.987961e-04,1.871042e+00,1.620889e+00,5.112318e+00,4.862666e+00,8.353594e+00,8.104443e+00,2.743755e+00,2.493601e+00,7.730457e+00,7.480804e+00,1.271716e+01,1.246801e+01,1.248988e+00,9.988349e-01,3.246157e+00,2.996505e+00,5.243326e+00,4.994175e+00
2.016329e-04,1.857930e+00,1.609543e+00,5.076519e+00,4.828628e+00,8.295107e+00,8.047714e+00,2.724088e+00,2.475700e+00,7.674991e+00,7.427101e+00,1.262589e+01,1.237850e+01,1.240053e+00,9.916650e-01,3.222885e+00,2.974995e+00,5.205718e+00,4.958325e+00
2.045102e-04,1.844832e+00,1.598198e+00,5.040733e+00,4.794593e+00,8.236635e+00,7.990989e+00,2.705026e+00,2.458392e+00,7.621316e+00,7.375175e+00,1.253761e+01,1.229196e+01,1.231366e+00,9.847319e-01,3.200336e+00,2.954196e+00,5.169306e+00,4.923660e+00
2.074286e-04,1.831745e+00,1.586852e+00,5.004958e+00,4.760556e+00,8.178172e+00,7.934260e+00,2.685976e+00,2.441083e+00,7.567653e+00,7.323250e+00,1.244933e+01,1.220542e+01,1.222692e+00,9.777988e-01,3.177799e+00,2.933396e+00,5.132906e+00,4.888994e+00
2.103886e-04,1.818988e+00,1.575824e+00,4.970150e+00,4.727473e+00,8.121312e+00,7.879122e+00,2.666939e+00,2.423775e+00,7.514002e+00,7.271325e+00,1.236107e+01,1.211888e+01,1.214030e+00,9.708657e-01,3.155274e+00,2.912597e+00,5.096519e+00,4.854328e+00
2.133909e-04,1.806261e+00,1.564814e+00,4.935406e+00,4.694442e+00,8.064550e+00,7.824069e+00,2.647967e+00,2.406520e+00,7.460523e+00,7.219559e+00,1.227308e+01,1.203260e+01,1.205401e+00,9.639533e-01,3.132824e+00,2.891860e+00,5.060247e+00,4.819767e+00
2.164360e-04,1.793547e+00,1.553804e+00,4.900675e+00,4.661412e+00,8.007803e+00,7.769020e+00,2.629630e+00,2.389887e+00,7.408924e+00,7.169661e+00,1.218822e+01,1.194943e+01,1.197034e+00,9.572909e-01,3.111136e+00,2.871873e+00,5.025238e+00,4.786455e+00
2.195245e-04,1.780844e+00,1.542793e+00,4.865954e+00,4.628380e+00,7.951065e+00,7.713967e+00,2.611305e+00,2.373255e+00,7.357338e+00,7.119764e+00,1.210337e+01,1.186627e+01,1.188680e+00,9.506295e-01,3.089462e+00,2.851888e+00,4.990245e+00,4.753147e+00
2.226571e-04,1.768420e+00,1.532051e+00,4.832048e+00,4.596152e+00,7.895676e+00,7.660253e+00,2.592993e+00,2.356623e+00,7.305765e+00,7.069868e+00,1.201854e+01,1.178311e+01,1.180337e+00,9.439671e-01,3.067798e+00,2.831901e+00,4.955259e+00,4.719835e+00
2.258345e-04,1.756049e+00,1.521348e+00,4.798274e+00,4.564043e+00,7.840500e+00,7.606738e+00,2.574691e+00,2.339990e+00,7.254201e+00,7.019970e+00,1.193371e+01,1.169995e+01,1.172006e+00,9.373048e-01,3.046146e+00,2.811914e+00,4.920285e+00,4.686524e+00
2.290571e-04,1.743689e+00,1.510645e+00,4.764512e+00,4.531935e+00,7.785336e+00,7.553224e+00,2.556402e+00,2.323358e+00,7.202652e+00,6.970074e+00,1.184890e+01,1.161679e+01,1.163687e+00,9.306426e-01,3.024505e+00,2.791928e+00,4.885324e+00,4.653213e+00
2.323258e-04,1.731347e+00,1.499948e+00,4.730780e+00,4.499844e+00,7.730213e+00,7.499740e+00,2.538124e+00,2.306725e+00,7.151112e+00,6.920176e+00,1.176410e+01,1.153363e+01,1.155379e+00,9.239804e-01,3.002877e+00,2.771941e+00,4.850374e+00,4.619902e+00
2.356411e-04,1.719422e+00,1.489656e+00,4.698274e+00,4.468969e+00,7.677126e+00,7.448281e+00,2.519859e+00,2.290093e+00,7.099585e+00,6.870280e+00,1.167931e+01,1.145047e+01,1.147084e+00,9.173181e-01,2.981260e+00,2.751954e+00,4.815436e+00,4.586591e+00
2.390037e-04,1.707507e+00,1.479364e+00,4.665778e+00,4.438091e+00,7.624049e+00,7.396819e+00,2.502364e+00,2.274220e+00,7.050348e+00,6.822661e+00,1.159833e+01,1.137110e+01,1.139104e+00,9.109602e-01,2.960568e+00,2.732881e+00,4.782031e+00,4.554801e+00
2.424143e-04,1.695604e+00,1.469071e+00,4.633293e+00,4.407214e+00,7.570982e+00,7.345356e+00,2.484957e+00,2.258424e+00,7.001351e+00,6.775271e+00,1.151774e+01,1.129212e+01,1.131166e+00,9.046328e-01,2.939978e+00,2.713898e+00,4.748790e+00,4.523164e+00
2.458735e-04,1.683713e+00,1.458779e+00,4.600822e+00,4.376338e+00,7.517931e+00,7.293897e+00,2.467561e+00,2.242627e+00,6.952365e+00,6.727882e+00,1.143717e+01,1.121314e+01,1.123239e+00,8.983055e-01,2.919400e+00,2.694916e+00,4.715560e+00,4.491527e+00
2.493821e-04,1.671833e+00,1.448487e+00,4.568360e+00,4.345461e+00,7.464887e+00,7.242435e+00,2.450177e+00,2.226831e+00,6.903391e+00,6.680492e+00,1.135661e+01,1.113415e+01,1.115324e+00,8.919781e-01,2.898833e+00,2.675934e+00,4.682342e+00,4.459891e+00
2.529408e-04,1.659964e+00,1.438195e+00,4.535909e+00,4.314584e+00,7.411854e+00,7.190973e+00,2.432804e+00,2.211035e+00,6.854430e+00,6.633105e+00,1.127606e+01,1.105517e+01,1.107420e+00,8.856507e-01,2.878277e+00,2.656952e+00,4.649135e+00,4.428253e+00
2.565503e-04,1.648106e+00,1.427903e+00,4.503471e+00,4.283708e+00,7.358836e+00,7.139514e+00,2.415442e+00,2.195238e+00,6.805478e+00,6.585715e+00,1.119551e+01,1.097619e+01,1.099527e+00,8.793233e-01,2.857733e+00,2.637970e+00,4.615939e+00,4.396617e+00
2.602113e-04,1.636691e+00,1.418042e+00,4.472338e+00,4.254126e+00,7.307984e+00,7.090211e+00,2.398091e+00,2.179442e+00,6.756537e+00,6.538326e+00,1.111498e+01,1.089721e+01,1.091645e+00,8.729960e-01,2.837199e+00,2.618988e+00,4.582753e+00,4.364980e+00
2.639245e-04,1.625343e+00,1.408238e+00,4.441385e+00,4.224714e+00,7.257427e+00,7.041191e+00,2.381102e+00,2.163997e+00,6.708661e+00,6.491990e+00,1.103622e+01,1.081998e+01,1.083915e+00,8.668094e-01,2.817099e+00,2.600428e+00,4.550283e+00,4.334047e+00
2.676907e-04,1.614007e+00,1.398434e+00,4.410443e+00,4.195302e+00,7.206880e+00,6.992170e+00,2.364455e+00,2.148882e+00,6.661788e+00,6.446647e+00,1.095912e+01,1.074441e+01,1.076328e+00,8.607550e-01,2.797406e+00,2.582265e+00,4.518485e+00,4.303775e+00
2.715107e-04,1.602681e+00,1.388631e+00,4.379514e+00,4.165892e+00,7.156347e+00,6.943153e+00,2.347819e+00,2.133768e+00,6.614926e+00,6.401304e+00,1.088203e+01,1.066884e+01,1.068752e+00,8.547007e-01,2.777724e+00,2.564102e+00,4.486697e+00,4.273503e+00
2.753851e-04,1.591366e+00,1.378827e+00,4.348594e+00,4.136480e+00,7.105821e+00,6.894133e+00,2.331193e+00,2.118653e+00,6.568073e+00,6.355959e+00,1.080495e+01,1.059326e+01,1.061186e+00,8.486463e-01,2.758053e+00,2.545939e+00,4.454920e+00,4.243232e+00
2.793149e-04,1.580062e+00,1.369023e+00,4.317686e+00,4.107069e+00,7.055310e+00,6.845115e+00,2.314578e+00,2.103539e+00,6.521232e+00,6.310616e+00,1.072789e+01,1.051769e+01,1.053631e+00,8.425920e-01,2.738393e+00,2.527776e+00,4.423154e+00,4.212960e+00
2.833007e-04,1.568942e+00,1.359392e+00,4.287307e+00,4.078177e+00,7.005672e+00,6.796961e+00,2.298250e+00,2.088700e+00,6.475230e+00,6.266100e+00,1.065221e+01,1.044350e+01,1.046198e+00,8.366484e-01,2.719075e+00,2.509945e+00,4.391952e+00,4.183242e+00
2.873434e-04,1.558084e+00,1.350014e+00,4.257696e+00,4.050042e+00,6.957307e+00,6.750070e+00,2.282237e+00,2.074167e+00,6.430155e+00,6.222501e+00,1.057807e+01,1.037084e+01,1.038897e+00,8.308271e-01,2.700135e+00,2.492481e+00,4.361372e+00,4.154135e+00
2.914438e-04,1.547237e+00,1.340636e+00,4.228095e+00,4.021908e+00,6.908953e+00,6.703179e+00,2.266236e+00,2.059635e+00,6.385092e+00,6.178904e+00,1.050395e+01,1.029817e+01,1.031607e+00,8.250058e-01,2.681205e+00,2.475017e+00,4.330803e+00,4.125029e+00
2.956027e-04,1.536400e+00,1.331258e+00,4.198505e+00,3.993773e+00,6.860609e+00,6.656288e+00,2.250244e+00,2.045102e+00,6.340037e+00,6.135305e+00,1.042983e+01,1.022551e+01,1.024327e+00,8.191844e-01,2.662285e+00,2.457553e+00,4.300244e+00,4.095922e+00
2.998210e-04,1.525574e+00,1.321879e+00,4.168925e+00,3.965638e+00,6.812276e+00,6.609397e+00,2.234263e+00,2.030569e+00,6.294993e+00,6.091706e+00,1.035572e+01,1.015284e+01,1.017058e+00,8.133632e-01,2.643376e+00,2.440090e+00,4.269695e+00,4.066816e+00
3.040994e-04,1.514758e+00,1.312501e+00,4.139355e+00,3.937504e+00,6.763953e+00,6.562506e+00,2.218292e+00,2.016036e+00,6.249959e+00,6.048107e+00,1.028162e+01,1.008018e+01,1.009798e+00,8.075419e-01,2.624477e+00,2.422626e+00,4.239156e+00,4.037710e+00
3.084389e-04,1.504130e+00,1.303301e+00,4.110329e+00,3.909902e+00,6.716529e+00,6.516504e+00,2.202592e+00,2.001764e+00,6.205718e+00,6.005291e+00,1.020884e+01,1.000882e+01,1.002654e+00,8.018251e-01,2.605902e+00,2.405475e+00,4.209150e+00,4.009126e+00
3.128404e-04,1.493709e+00,1.294298e+00,4.081905e+00,3.882894e+00,6.670102e+00,6.471489e+00,2.187253e+00,1.987842e+00,6.162538e+00,5.963526e+00,1.013782e+01,9.939210e+00,9.956596e-01,7.962487e-01,2.587758e+00,2.388746e+00,4.179856e+00,3.981243e+00
3.173046e-04,1.483298e+00,1.285294e+00,4.053490e+00,3.855883e+00,6.623682e+00,6.426472e+00,2.171924e+00,1.973920e+00,6.119368e+00,5.921761e+00,1.006681e+01,9.869602e+00,9.886754e-01,7.906722e-01,2.569623e+00,2.372016e+00,4.150571e+00,3.953361e+00
3.218326e-04,1.472896e+00,1.276291e+00,4.025084e+00,3.828873e+00,6.577272e+00,6.381454e+00,2.156604e+00,1.959999e+00,6.076208e+00,5.879996e+00,9.995811e+00,9.799993e+00,9.817012e-01,7.850958e-01,2.551499e+00,2.355287e+00,4.121297e+00,3.925479e+00
3.264251e-04,1.462505e+00,1.267288e+00,3.996691e+00,3.801864e+00,6.530876e+00,6.336440e+00,2.141294e+00,1.946077e+00,6.033057e+00,5.838231e+00,9.924820e+00,9.730384e+00,9.747368e-01,7.795193e-01,2.533384e+00,2.338558e+00,4.092032e+00,3.897596e+00
3.310832e-04,1.452125e+00,1.258286e+00,3.968309e+00,3.774858e+00,6.484493e+00,6.291429e+00,2.125995e+00,1.932155e+00,5.989917e+00,5.796466e+00,9.853839e+00,9.660776e+00,9.677821e-01,7.739428e-01,2.515280e+00,2.321828e+00,4.062777e+00,3.869714e+00
3.358078e-04,1.442087e+00,1.249616e+00,3.940934e+00,3.748848e+00,6.439781e+00,6.248080e+00,2.110902e+00,1.918431e+00,5.947378e+00,5.755292e+00,9.783854e+00,9.592154e+00,9.609162e-01,7.684453e-01,2.497422e+00,2.305336e+00,4.033927e+00,3.842227e+00
3.405998e-04,1.432058e+00,1.240946e+00,3.913569e+00,3.722839e+00,6.395079e+00,6.204732e+00,2.096192e+00,1.905080e+00,5.905968e+00,5.715239e+00,9.715745e+00,9.525398e+00,9.542095e-01,7.630974e-01,2.480022e+00,2.289292e+00,4.005834e+00,3.815487e+00
3.454601e-04,1.422040e+00,1.232277e+00,3.886215e+00,3.696832e+00,6.350389e+00,6.161386e+00,2.081491e+00,1.891728e+00,5.864568e+00,5.675185e+00,9.647645e+00,9.458642e+00,9.475126e-01,7.577496e-01,2.462632e+00,2.273249e+00,3.977751e+00,3.788748e+00
3.503899e-04,1.412031e+00,1.223607e+00,3.858868e+00,3.670822e+00,6.305706e+00,6.118037e+00,2.066801e+00,1.878378e+00,5.823179e+00,5.635133e+00,9.579557e+00,9.391888e+00,9.408251e-01,7.524017e-01,2.445251e+00,2.257205e+00,3.949678e+00,3.762009e+00
3.553899e-04,1.402031e+00,1.214938e+00,3.831533e+00,3.644815e+00,6.261035e+00,6.074691e+00,2.052120e+00,1.865026e+00,5.781798e+00,5.595079e+00,9.511476e+00,9.325132e+00,9.341471e-01,7.470539e-01,2.427880e+00,2.241162e+00,3.921614e+00,3.735269e+00
3.604614e-04,1.392318e+00,1.206546e+00,3.805038e+00,3.619637e+00,6.217757e+00,6.032729e+00,2.037448e+00,1.851675e+00,5.740426e+00,5.555026e+00,9.443405e+00,9.258376e+00,9.274783e-01,7.417060e-01,2.410518e+00,2.225118e+00,3.893558e+00,3.708530e+00
3.656052e-04,1.382637e+00,1.198176e+00,3.778620e+00,3.594529e+00,6.174603e+00,5.990881e+00,2.023155e+00,1.838694e+00,5.700175e+00,5.516083e+00,9.377194e+00,9.193472e+00,9.209673e-01,7.365064e-01,2.393611e+00,2.209519e+00,3.866254e+00,3.682532e+00
3.708224e-04,1.372965e+00,1.189806e+00,3.752210e+00,3.569418e+00,6.131455e+00,5.949030e+00,2.009107e+00,1.825948e+00,5.660637e+00,5.477845e+00,9.312166e+00,9.129741e+00,9.145593e-01,7.314006e-01,2.376994e+00,2.194202e+00,3.839428e+00,3.657003e+00
3.761140e-04,1.363302e+00,1.181436e+00,3.725811e+00,3.544309e+00,6.088320e+00,5.907182e+00,1.995067e+00,1.813201e+00,5.621106e+00,5.439604e+00,9.247144e+00,9.066007e+00,9.081605e-01,7.262948e-01,2.360386e+00,2.178884e+00,3.812612e+00,3.631474e+00
3.814812e-04,1.353699e+00,1.173117e+00,3.699573e+00,3.519352e+00,6.045446e+00,5.865587e+00,1.981036e+00,1.800455e+00,5.581584e+00,5.401364e+00,9.182132e+00,9.002273e+00,9.017708e-01,7.211890e-01,2.343787e+00,2.163567e+00,3.785804e+00,3.605945e+00
3.869249e-04,1.344325e+00,1.165018e+00,3.674003e+00,3.495055e+00,6.003681e+00,5.825092e+00,1.967015e+00,1.787708e+00,5.542073e+00,5.363125e+00,9.117131e+00,8.938542e+00,8.953902e-01,7.160832e-01,2.327198e+00,2.148250e+00,3.759005e+00,3.580416e+00
3.924463e-04,1.334961e+00,1.156920e+00,3.648443e+00,3.470759e+00,5.961926e+00,5.784598e+00,1.953003e+00,1.774962e+00,5.502569e+00,5.324885e+00,9.052136e+00,8.874808e+00,8.890187e-01,7.109775e-01,2.310617e+00,2.132933e+00,3.732216e+00,3.554888e+00
3.980466e-04,1.325605e+00,1.148821e+00,3.622892e+00,3.446462e+00,5.920179e+00,5.744103e+00,1.939000e+00,1.762215e+00,5.463076e+00,5.286646e+00,8.987153e+00,8.811077e+00,8.826560e-01,7.058717e-01,2.294046e+00,2.117615e+00,3.705435e+00,3.529359e+00
4.037267e-04,1.316258e+00,1.140722e+00,3.597350e+00,3.422165e+00,5.878441e+00,5.703608e+00,1.925134e+00,1.749598e+00,5.423979e+00,5.248794e+00,8.922823e+00,8.747990e+00,8.763541e-01,7.008179e-01,2.277639e+00,2.102454e+00,3.678923e+00,3.504090e+00
4.094879e-04,1.307105e+00,1.132808e+00,3.572371e+00,3.398423e+00,5.837638e+00,5.664039e+00,1.911657e+00,1.737360e+00,5.386027e+00,5.212079e+00,8.860397e+00,8.686798e+00,8.702125e-01,6.959155e-01,2.261695e+00,2.087746e+00,3.653177e+00,3.479577e+00
4.153313e-04,1.298022e+00,1.124956e+00,3.547587e+00,3.374867e+00,5.797151e+00,5.624778e+00,1.898187e+00,1.725121e+00,5.348082e+00,5.175362e+00,8.797976e+00,8.625603e+00,8.640796e-01,6.910131e-01,2.245759e+00,2.073039e+00,3.627439e+00,3.455065e+00
4.212581e-04,1.288948e+00,1.117103e+00,3.522811e+00,3.351310e+00,5.756673e+00,5.585517e+00,1.884726e+00,1.712882e+00,5.310145e+00,5.138645e+00,8.735564e+00,8.564408e+00,8.579555e-01,6.861108e-01,2.229833e+00,2.058332e+00,3.601710e+00,3.430554e+00
4.272694e-04,1.279883e+00,1.109251e+00,3.498043e+00,3.327753e+00,5.716204e+00,5.546255e+00,1.871350e+00,1.700718e+00,5.272445e+00,5.102155e+00,8.673541e+00,8.503592e+00,8.518703e-01,6.812387e-01,2.214006e+00,2.043716e+00,3.576142e+00,3.406194e+00
4.333666e-04,1.270955e+00,1.101528e+00,3.473672e+00,3.304585e+00,5.676390e+00,5.507641e+00,1.858385e+00,1.688958e+00,5.235962e+00,5.066874e+00,8.613538e+00,8.444790e+00,8.459548e-01,6.765278e-01,2.198671e+00,2.029583e+00,3.551387e+00,3.382639e+00
4.395507e-04,1.262132e+00,1.093901e+00,3.449598e+00,3.281704e+00,5.637064e+00,5.469506e+00,1.845428e+00,1.677197e+00,5.199485e+00,5.031590e+00,8.553541e+00,8.385984e+00,8.400478e-01,6.718168e-01,2.183345e+00,2.015450e+00,3.526642e+00,3.359084e+00
4.458231e-04,1.253318e+00,1.086274e+00,3.425532e+00,3.258823e+00,5.597746e+00,5.431372e+00,1.832479e+00,1.665436e+00,5.163016e+00,4.996307e+00,8.493553e+00,8.327179e+00,8.341492e-01,6.671059e-01,2.168027e+00,2.001318e+00,3.501904e+00,3.335529e+00
4.521850e-04,1.244512e+00,1.078648e+00,3.401476e+00,3.235944e+00,5.558440e+00,5.393240e+00,1.819539e+00,1.653675e+00,5.126558e+00,4.961026e+00,8.433576e+00,8.268376e+00,8.282591e-01,6.623950e-01,2.152717e+00,1.987185e+00,3.477175e+00,3.311975e+00
4.586377e-04,1.235905e+00,1.071211e+00,3.377998e+00,3.213634e+00,5.520091e+00,5.356057e+00,1.806607e+00,1.641914e+00,5.090106e+00,4.925742e+00,8.373604e+00,8.209570e+00,8.223771e-01,6.576839e-01,2.137415e+00,1.973052e+00,3.452453e+00,3.288420e+00
4.651825e-04,1.227416e+00,1.063886e+00,3.354860e+00,3.191657e+00,5.482303e+00,5.319428e+00,1.793684e+00,1.630154e+00,5.053664e+00,4.890461e+00,8.313644e+00,8.150768e+00,8.165035e-01,6.529730e-01,2.122122e+00,1.958919e+00,3.427741e+00,3.264865e+00
4.718207e-04,1.218936e+00,1.056560e+00,3.331732e+00,3.169681e+00,5.444527e+00,5.282801e+00,1.780769e+00,1.618392e+00,5.017228e+00,4.855177e+00,8.253688e+00,8.091962e+00,8.106381e-01,6.482621e-01,2.106837e+00,1.944786e+00,3.403036e+00,3.241310e+00
4.785536e-04,1.210464e+00,1.049234e+00,3.308610e+00,3.147703e+00,5.406756e+00,5.246172e+00,1.768447e+00,1.607217e+00,4.982557e+00,4.821650e+00,8.196668e+00,8.036084e+00,8.050153e-01,6.437855e-01,2.092264e+00,1.931357e+00,3.379512e+00,3.218928e+00
4.853825e-04,1.202001e+00,1.041909e+00,3.285498e+00,3.125727e+00,5.368996e+00,5.209545e+00,1.756138e+00,1.596047e+00,4.947912e+00,4.788141e+00,8.139685e+00,7.980234e+00,7.994029e-01,6.393114e-01,2.077705e+00,1.917934e+00,3.356007e+00,3.196557e+00
4.923090e-04,1.193544e+00,1.034583e+00,3.262392e+00,3.103749e+00,5.331240e+00,5.172915e+00,1.743838e+00,1.584877e+00,4.913274e+00,4.754631e+00,8.082710e+00,7.924385e+00,7.937986e-01,6.348373e-01,2.063155e+00,1.904512e+00,3.332511e+00,3.174186e+00
4.993342e-04,1.185097e+00,1.027258e+00,3.239297e+00,3.081773e+00,5.293496e+00,5.136289e+00,1.731546e+00,1.573707e+00,4.878644e+00,4.721121e+00,8.025743e+00,7.868535e+00,7.882023e-01,6.303631e-01,2.048613e+00,1.891089e+00,3.309023e+00,3.151816e+00
5.064597e-04,1.176782e+00,1.020057e+00,3.216584e+00,3.060172e+00,5.256385e+00,5.100287e+00,1.719262e+00,1.562537e+00,4.844023e+00,4.687611e+00,7.968783e+00,7.812686e+00,7.826138e-01,6.258889e-01,2.034078e+00,1.877667e+00,3.285542e+00,3.129445e+00
5.136869e-04,1.168708e+00,1.013089e+00,3.194574e+00,3.039267e+00,5.220441e+00,5.065445e+00,1.706986e+00,1.551368e+00,4.809410e+00,4.654103e+00,7.911835e+00,7.756839e+00,7.770334e-01,6.214149e-01,2.019552e+00,1.864245e+00,3.262070e+00,3.107074e+00
5.210173e-04,1.160640e+00,1.006121e+00,3.172572e+00,3.018362e+00,5.184504e+00,5.030603e+00,1.694718e+00,1.540198e+00,4.774804e+00,4.620594e+00,7.854891e+00,7.700990e+00,7.714606e-01,6.169407e-01,2.005033e+00,1.850822e+00,3.238605e+00,3.084703e+00
5.284522e-04,1.152581e+00,9.991521e-01,3.150578e+00,2.997456e+00,5.148575e+00,4.995761e+00,1.682745e+00,1.529316e+00,4.741069e+00,4.587947e+00,7.799392e+00,7.646578e+00,7.660108e-01,6.125818e-01,1.990867e+00,1.837745e+00,3.215724e+00,3.062909e+00
5.359932e-04,1.144530e+00,9.921837e-01,3.128592e+00,2.976551e+00,5.112654e+00,4.960918e+00,1.670974e+00,1.518628e+00,4.707925e+00,4.555884e+00,7.744877e+00,7.593141e+00,7.606466e-01,6.083007e-01,1.976943e+00,1.824902e+00,3.193239e+00,3.041504e+00
5.436419e-04,1.136486e+00,9.852152e-01,3.106613e+00,2.955646e+00,5.076741e+00,4.926076e+00,1.659211e+00,1.507940e+00,4.674788e+00,4.523820e+00,7.690366e+00,7.539701e+00,7.552900e-01,6.040196e-01,1.963026e+00,1.812059e+00,3.170763e+00,3.020098e+00
5.513996e-04,1.128449e+00,9.782468e-01,3.084642e+00,2.934740e+00,5.040835e+00,4.891234e+00,1.647455e+00,1.497253e+00,4.641660e+00,4.491758e+00,7.635865e+00,7.486264e+00,7.499411e-01,5.997385e-01,1.949117e+00,1.799216e+00,3.148294e+00,2.998693e+00
5.592681e-04,1.120654e+00,9.715117e-01,3.063379e+00,2.914535e+00,5.006104e+00,4.857559e+00,1.635707e+00,1.486565e+00,4.608538e+00,4.459694e+00,7.581369e+00,7.432824e+00,7.445996e-01,5.954575e-01,1.935216e+00,1.786372e+00,3.125832e+00,2.977287e+00
5.672489e-04,1.112943e+00,9.648539e-01,3.042354e+00,2.894562e+00,4.971766e+00,4.824269e+00,1.624196e+00,1.476106e+00,4.576111e+00,4.428319e+00,7.528027e+00,7.380531e+00,7.393573e-01,5.912681e-01,1.921597e+00,1.773804e+00,3.103837e+00,2.956340e+00
5.753436e-04,1.105239e+00,9.581955e-01,3.021336e+00,2.874586e+00,4.937432e+00,4.790977e+00,1.612873e+00,1.465829e+00,4.544238e+00,4.397488e+00,7.475602e+00,7.329147e+00,7.341956e-01,5.871518e-01,1.908205e+00,1.761455e+00,3.082214e+00,2.935759e+00
5.835537e-04,1.097543e+00,9.515376e-01,3.000326e+00,2.854613e+00,4.903109e+00,4.757688e+00,1.601559e+00,1.455553e+00,4.512373e+00,4.366660e+00,7.423187e+00,7.277766e+00,7.290413e-01,5.830355e-01,1.894820e+00,1.749106e+00,3.060599e+00,2.915177e+00
5.918811e-04,1.089855e+00,9.448798e-01,2.979324e+00,2.834639e+00,4.868794e+00,4.724399e+00,1.590252e+00,1.445277e+00,4.480516e+00,4.335831e+00,7.370779e+00,7.226385e+00,7.238942e-01,5.789192e-01,1.881442e+00,1.736758e+00,3.038990e+00,2.894596e+00
6.003272e-04,1.082174e+00,9.382220e-01,2.958329e+00,2.814666e+00,4.834485e+00,4.691110e+00,1.578952e+00,1.435000e+00,4.448664e+00,4.305001e+00,7.318376e+00,7.175001e+00,7.187545e-01,5.748029e-01,1.868072e+00,1.724409e+00,3.017390e+00,2.874014e+00
6.088939e-04,1.074695e+00,9.317597e-01,2.937928e+00,2.795279e+00,4.801162e+00,4.658799e+00,1.567659e+00,1.424724e+00,4.416821e+00,4.274172e+00,7.265983e+00,7.123620e+00,7.136219e-01,5.706865e-01,1.854709e+00,1.712060e+00,2.995796e+00,2.853433e+00
6.175828e-04,1.067301e+00,9.253747e-01,2.917766e+00,2.776124e+00,4.768231e+00,4.626873e+00,1.556594e+00,1.414667e+00,4.385644e+00,4.244002e+00,7.214695e+00,7.073337e+00,7.085844e-01,5.666581e-01,1.841617e+00,1.699974e+00,2.974649e+00,2.833291e+00
6.263958e-04,1.059914e+00,9.189897e-01,2.897611e+00,2.756969e+00,4.735309e+00,4.594948e+00,1.545747e+00,1.404823e+00,4.355111e+00,4.214469e+00,7.164475e+00,7.024115e+00,7.036394e-01,5.627150e-01,1.828787e+00,1.688145e+00,2.953935e+00,2.813575e+00
6.353344e-04,1.052534e+00,9.126047e-01,2.877463e+00,2.737814e+00,4.702393e+00,4.563024e+00,1.534909e+00,1.394979e+00,4.324587e+00,4.184938e+00,7.114266e+00,6.974897e+00,6.987013e-01,5.587718e-01,1.815965e+00,1.676315e+00,2.933228e+00,2.793859e+00
6.444007e-04,1.045161e+00,9.062197e-01,2.857323e+00,2.718659e+00,4.669484e+00,4.531098e+00,1.524077e+00,1.385135e+00,4.294068e+00,4.155405e+00,7.064060e+00,6.925675e+00,6.937704e-01,5.548287e-01,1.803150e+00,1.664486e+00,2.912529e+00,2.774144e+00
6.535963e-04,1.037834e+00,8.998733e-01,2.837304e+00,2.699620e+00,4.636775e+00,4.499366e+00,1.513252e+00,1.375291e+00,4.263558e+00,4.125874e+00,7.013864e+00,6.876456e+00,6.888463e-01,5.508855e-01,1.790341e+00,1.652657e+00,2.891836e+00,2.754428e+00
6.629231e-04,1.030718e+00,8.937307e-01,2.817905e+00,2.681192e+00,4.605092e+00,4.468653e+00,1.502434e+00,1.365447e+00,4.233053e+00,4.096341e+00,6.963673e+00,6.827234e+00,6.839293e-01,5.469424e-01,1.777540e+00,1.640827e+00,2.871150e+00,2.734712e+00
6.723831e-04,1.023608e+00,8.875886e-01,2.798513e+00,2.662766e+00,4.573418e+00,4.437943e+00,1.491794e+00,1.355774e+00,4.203071e+00,4.067323e+00,6.914348e+00,6.778872e+00,6.790879e-01,5.430681e-01,1.764952e+00,1.629204e+00,2.850816e+00,2.715340e+00
6.819780e-04,1.016506e+00,8.814460e-01,2.779127e+00,2.644338e+00,4.541749e+00,4.407230e+00,1.481393e+00,1.346334e+00,4.173791e+00,4.039002e+00,6.866188e+00,6.731669e+00,6.743461e-01,5.392866e-01,1.752649e+00,1.617860e+00,2.830952e+00,2.696433e+00
6.917098e-04,1.009410e+00,8.753039e-01,2.759749e+00,2.625912e+00,4.510089e+00,4.376520e+00,1.470999e+00,1.336893e+00,4.144517e+00,4.010680e+00,6.818035e+00,6.684466e+00,6.696112e-01,5.355051e-01,1.740353e+00,1.606515e+00,2.811095e+00,2.677526e+00
7.015805e-04,1.002322e+00,8.691627e-01,2.740381e+00,2.607488e+00,4.478440e+00,4.345814e+00,1.460612e+00,1.327453e+00,4.115251e+00,3.982358e+00,6.769889e+00,6.637263e+00,6.648830e-01,5.317236e-01,1.728064e+00,1.595171e+00,2.791244e+00,2.658618e+00
7.115921e-04,9.954572e-01,8.632378e-01,2.721668e+00,2.589714e+00,4.447879e+00,4.316189e+00,1.450231e+00,1.318012e+00,4.085991e+00,3.954036e+00,6.721750e+00,6.590060e+00,6.601614e-01,5.279421e-01,1.715781e+00,1.583826e+00,2.771400e+00,2.639710e+00
7.217466e-04,9.885994e-01,8.573135e-01,2.702964e+00,2.571940e+00,4.417328e+00,4.286567e+00,1.439857e+00,1.308571e+00,4.056737e+00,3.925714e+00,6.673617e+00,6.542857e+00,6.554465e-01,5.241606e-01,1.703505e+00,1.572482e+00,2.751563e+00,2.620803e+00
7.320459e-04,9.817477e-01,8.513886e-01,2.684264e+00,2.554166e+00,4.386780e+00,4.256943e+00,1.429786e+00,1.299427e+00,4.028379e+00,3.898281e+00,6.626972e+00,6.497135e+00,6.508568e-01,5.204977e-01,1.691591e+00,1.561493e+00,2.732326e+00,2.602489e+00
7.424922e-04,9.749031e-01,8.454643e-01,2.665573e+00,2.536393e+00,4.356242e+00,4.227322e+00,1.419852e+00,1.290414e+00,4.000420e+00,3.871241e+00,6.580988e+00,6.452068e+00,6.463262e-01,5.168874e-01,1.679842e+00,1.550662e+00,2.713358e+00,2.584437e+00
7.530876e-04,9.681045e-01,8.395795e-01,2.647006e+00,2.518738e+00,4.325908e+00,4.197897e+00,1.409926e+00,1.281401e+00,3.972470e+00,3.844202e+00,6.535015e+00,6.407004e+00,6.418021e-01,5.132771e-01,1.668099e+00,1.539831e+00,2.694396e+00,2.566385e+00
7.638342e-04,9.614692e-01,8.338515e-01,2.628917e+00,2.501554e+00,4.296364e+00,4.169257e+00,1.400005e+00,1.272387e+00,3.944525e+00,3.817162e+00,6.489044e+00,6.361937e+00,6.372844e-01,5.096667e-01,1.656362e+00,1.529000e+00,2.675440e+00,2.548333e+00
7.747341e-04,9.548402e-01,8.281234e-01,2.610833e+00,2.484370e+00,4.266826e+00,4.140617e+00,1.390091e+00,1.263374e+00,3.916586e+00,3.790122e+00,6.443080e+00,6.316871e+00,6.327731e-01,5.060564e-01,1.644632e+00,1.518169e+00,2.656491e+00,2.530282e+00
7.857896e-04,9.482175e-01,8.223953e-01,2.592756e+00,2.467186e+00,4.237295e+00,4.111977e+00,1.380183e+00,1.254361e+00,3.888653e+00,3.763082e+00,6.397123e+00,6.271804e+00,6.282683e-01,5.024461e-01,1.632908e+00,1.507338e+00,2.637549e+00,2.512230e+00
7.970028e-04,9.416013e-01,8.166673e-01,2.574686e+00,2.450002e+00,4.207770e+00,4.083336e+00,1.370281e+00,1.245347e+00,3.860726e+00,3.736042e+00,6.351171e+00,6.226737e+00,6.237697e-01,4.988357e-01,1.621191e+00,1.496507e+00,2.618612e+00,2.494179e+00
8.083761e-04,9.351176e-01,8.110656e-01,2.557001e+00,2.433197e+00,4.178883e+00,4.055328e+00,1.360507e+00,1.236455e+00,3.833168e+00,3.709365e+00,6.305830e+00,6.182275e+00,6.193257e-01,4.952737e-01,1.609625e+00,1.485821e+00,2.599924e+00,2.476369e+00
8.199116e-04,9.286923e-01,8.055160e-01,2.539478e+00,2.416548e+00,4.150263e+00,4.027580e+00,1.350977e+00,1.227801e+00,3.806333e+00,3.683403e+00,6.261688e+00,6.139005e+00,6.149834e-01,4.918072e-01,1.598351e+00,1.475421e+00,2.581719e+00,2.459036e+00
8.316118e-04,9.222737e-01,7.999670e-01,2.521963e+00,2.399901e+00,4.121652e+00,3.999835e+00,1.341453e+00,1.219147e+00,3.779501e+00,3.657440e+00,6.217550e+00,6.095733e+00,6.106474e-01,4.883407e-01,1.587084e+00,1.465022e+00,2.563520e+00,2.441703e+00
8.434789e-04,9.158613e-01,7.944180e-01,2.504454e+00,2.383254e+00,4.093047e+00,3.972090e+00,1.331936e+00,1.210493e+00,3.752678e+00,3.631478e+00,6.173420e+00,6.052463e+00,6.063174e-01,4.848741e-01,1.575823e+00,1.454622e+00,2.545328e+00,2.424371e+00
8.555154e-04,9.095331e-01,7.889472e-01,2.487186e+00,2.366842e+00,4.064839e+00,3.944736e+00,1.322505e+00,1.201919e+00,3.726102e+00,3.605758e+00,6.129699e+00,6.009596e+00,6.020259e-01,4.814400e-01,1.564665e+00,1.444320e+00,2.527303e+00,2.407200e+00
8.677236e-04,9.032957e-01,7.835611e-01,2.470178e+00,2.350683e+00,4.037060e+00,3.917805e+00,1.313338e+00,1.193603e+00,3.700304e+00,3.580809e+00,6.087270e+00,5.968015e+00,5.978435e-01,4.781089e-01,1.553822e+00,1.434327e+00,2.509800e+00,2.390545e+00
8.801061e-04,8.970649e-01,7.781755e-01,2.453178e+00,2.334527e+00,4.009291e+00,3.890878e+00,1.304176e+00,1.185287e+00,3.674511e+00,3.555860e+00,6.044846e+00,5.926433e+00,5.936671e-01,4.747777e-01,1.542985e+00,1.424333e+00,2.492302e+00,2.373889e+00
8.926652e-04,8.908395e-01,7.727894e-01,2.436182e+00,2.318368e+00,3.981525e+00,3.863947e+00,1.295021e+00,1.176971e+00,3.648726e+00,3.530912e+00,6.002432e+00,5.884854e+00,5.894967e-01,4.714466e-01,1.532154e+00,1.414340e+00,2.474810e+00,2.357233e+00
9.054035e-04,8.847212e-01,7.675045e-01,2.419496e+00,2.302514e+00,3.954270e+00,3.837523e+00,1.285871e+00,1.168654e+00,3.622945e+00,3.505963e+00,5.960020e+00,5.843272e+00,5.853321e-01,4.681154e-01,1.521328e+00,1.404346e+00,2.457324e+00,2.340577e+00
9.183237e-04,8.787129e-01,7.623237e-01,2.403127e+00,2.286971e+00,3.927542e+00,3.811618e+00,1.276727e+00,1.160338e+00,3.597171e+00,3.481015e+00,5.917614e+00,5.801691e+00,5.811735e-01,4.647843e-01,1.510509e+00,1.394353e+00,2.439845e+00,2.323922e+00
9.314282e-04,8.727098e-01,7.571423e-01,2.386763e+00,2.271427e+00,3.900816e+00,3.785711e+00,1.267589e+00,1.152022e+00,3.571402e+00,3.456066e+00,5.875214e+00,5.760109e+00,5.770206e-01,4.614531e-01,1.499696e+00,1.384359e+00,2.422370e+00,2.307266e+00
9.447197e-04,8.667131e-01,7.519614e-01,2.370406e+00,2.255884e+00,3.874099e+00,3.759807e+00,1.258487e+00,1.143735e+00,3.545728e+00,3.431206e+00,5.832969e+00,5.718677e+00,5.728855e-01,4.581338e-01,1.488923e+00,1.374401e+00,2.404961e+00,2.290669e+00
9.582009e-04,8.607415e-01,7.467999e-01,2.354113e+00,2.240400e+00,3.847485e+00,3.734000e+00,1.249779e+00,1.135837e+00,3.521225e+00,3.407512e+00,5.792671e+00,5.679186e+00,5.689117e-01,4.549701e-01,1.478624e+00,1.364910e+00,2.388336e+00,2.274851e+00
9.718744e-04,8.547827e-01,7.416455e-01,2.337847e+00,2.224937e+00,3.820912e+00,3.708228e+00,1.241076e+00,1.127939e+00,3.496727e+00,3.383817e+00,5.752379e+00,5.639695e+00,5.649437e-01,4.518065e-01,1.468330e+00,1.355419e+00,2.371717e+00,2.259032e+00
9.857431e-04,8.488298e-01,7.364913e-01,2.321587e+00,2.209474e+00,3.794345e+00,3.682456e+00,1.232379e+00,1.120041e+00,3.472236e+00,3.360122e+00,5.712092e+00,5.600203e+00,5.609812e-01,4.486427e-01,1.458042e+00,1.345928e+00,2.355102e+00,2.243214e+00
9.998097e-04,8.429156e-01,7.313702e-01,2.305433e+00,2.194110e+00,3.767950e+00,3.656851e+00,1.223688e+00,1.112142e+00,3.447749e+00,3.336427e+00,5.671811e+00,5.560712e+00,5.570245e-01,4.454790e-01,1.447759e+00,1.336437e+00,2.338494e+00,2.227395e+00
1.014077e-03,8.372186e-01,7.264606e-01,2.289918e+00,2.179382e+00,3.742617e+00,3.632303e+00,1.215002e+00,1.104244e+00,3.423269e+00,3.312733e+00,5.631536e+00,5.521221e+00,5.530733e-01,4.423154e-01,1.437482e+00,1.326946e+00,2.321891e+00,2.211577e+00
1.028548e-03,8.315271e-01,7.215510e-01,2.274409e+00,2.164653e+00,3.717291e+00,3.607755e+00,1.206322e+00,1.096346e+00,3.398794e+00,3.289038e+00,5.591266e+00,5.481730e+00,5.491277e-01,4.391516e-01,1.427211e+00,1.317455e+00,2.305294e+00,2.195758e+00
1.043225e-03,8.258411e-01,7.166414e-01,2.258905e+00,2.149924e+00,3.691970e+00,3.583207e+00,1.197647e+00,1.088448e+00,3.374324e+00,3.265343e+00,5.551001e+00,5.442239e+00,5.451876e-01,4.359879e-01,1.416945e+00,1.307964e+00,2.288702e+00,2.179940e+00
1.058112e-03,8.201607e-01,7.117319e-01,2.243407e+00,2.135196e+00,3.666654e+00,3.558659e+00,1.189209e+00,1.080781e+00,3.350554e+00,3.242342e+00,5.511898e+00,5.403903e+00,5.413455e-01,4.329167e-01,1.406962e+00,1.298750e+00,2.272578e+00,2.164583e+00
1.073211e-03,8.144856e-01,7.068222e-01,2.227915e+00,2.120467e+00,3.641343e+00,3.534111e+00,1.180886e+00,1.073223e+00,3.327116e+00,3.219669e+00,5.473347e+00,5.366114e+00,5.375529e-01,4.298895e-01,1.397116e+00,1.289669e+00,2.256680e+00,2.149448e+00
1.088526e-03,8.088160e-01,7.019127e-01,2.212427e+00,2.105738e+00,3.616039e+00,3.509563e+00,1.172569e+00,1.065666e+00,3.303686e+00,3.196997e+00,5.434804e+00,5.328328e+00,5.337656e-01,4.268623e-01,1.387276e+00,1.280587e+00,2.240787e+00,2.134312e+00
1.104059e-03,8.032579e-01,6.971093e-01,2.197264e+00,2.091328e+00,3.591270e+00,3.485546e+00,1.164256e+00,1.058108e+00,3.280260e+00,3.174324e+00,5.396263e+00,5.290539e+00,5.299837e-01,4.238351e-01,1.377441e+00,1.271505e+00,2.224899e+00,2.119175e+00
1.119814e-03,7.978233e-01,6.924240e-01,2.182460e+00,2.077272e+00,3.567097e+00,3.462120e+00,1.155950e+00,1.050551e+00,3.256840e+00,3.151652e+00,5.357731e+00,5.252753e+00,5.262071e-01,4.208079e-01,1.367612e+00,1.262424e+00,2.209017e+00,2.104039e+00
1.135794e-03,7.923939e-01,6.877388e-01,2.167662e+00,2.063216e+00,3.542930e+00,3.438694e+00,1.147834e+00,1.043179e+00,3.233982e+00,3.129536e+00,5.320129e+00,5.215893e+00,5.225101e-01,4.178549e-01,1.358010e+00,1.253565e+00,2.193511e+00,2.089275e+00
1.152002e-03,7.869699e-01,6.830535e-01,2.152869e+00,2.049161e+00,3.518768e+00,3.415268e+00,1.139828e+00,1.035912e+00,3.211444e+00,3.107735e+00,5.283059e+00,5.179559e+00,5.188606e-01,4.149443e-01,1.348541e+00,1.244833e+00,2.178222e+00,2.074721e+00
1.168441e-03,7.815511e-01,6.783683e-01,2.138081e+00,2.035105e+00,3.494611e+00,3.391842e+00,1.131828e+00,1.028646e+00,3.188913e+00,3.085937e+00,5.245998e+00,5.143228e+00,5.152163e-01,4.120336e-01,1.339077e+00,1.236101e+00,2.162937e+00,2.060168e+00
1.185115e-03,7.761374e-01,6.736831e-01,2.123299e+00,2.021049e+00,3.470460e+00,3.368416e+00,1.123833e+00,1.021379e+00,3.166386e+00,3.064136e+00,5.208938e+00,5.106894e+00,5.115773e-01,4.091230e-01,1.329618e+00,1.227369e+00,2.147659e+00,2.045615e+00
1.202026e-03,7.708051e-01,6.690740e-01,2.108749e+00,2.007222e+00,3.446694e+00,3.345370e+00,1.115844e+00,1.014113e+00,3.143865e+00,3.042338e+00,5.171887e+00,5.070563e+00,5.079434e-01,4.062123e-01,1.320164e+00,1.218637e+00,2.132385e+00,2.031062e+00
1.219179e-03,7.655990e-01,6.645862e-01,2.094569e+00,1.993758e+00,3.423539e+00,3.322931e+00,1.107859e+00,1.006846e+00,3.121348e+00,3.020537e+00,5.134837e+00,5.034229e+00,5.043145e-01,4.033016e-01,1.310716e+00,1.209905e+00,2.117117e+00,2.016508e+00
1.236577e-03,7.603980e-01,6.600983e-01,2.080394e+00,1.980295e+00,3.400390e+00,3.300491e+00,1.100059e+00,9.997590e-01,3.099376e+00,2.999277e+00,5.098693e+00,4.998795e+00,5.007628e-01,4.004630e-01,1.301488e+00,1.201389e+00,2.102213e+00,2.002315e+00
1.254223e-03,7.552020e-01,6.556104e-01,2.066223e+00,1.966831e+00,3.377245e+00,3.278052e+00,1.092390e+00,9.927987e-01,3.077788e+00,2.978396e+00,5.063187e+00,4.963994e+00,4.972664e-01,3.976748e-01,1.292417e+00,1.193024e+00,2.087567e+00,1.988374e+00
1.272121e-03,7.500110e-01,6.511224e-01,2.052058e+00,1.953367e+00,3.354105e+00,3.255612e+00,1.084726e+00,9.858379e-01,3.056204e+00,2.957514e+00,5.027682e+00,4.929189e+00,4.937751e-01,3.948865e-01,1.283350e+00,1.184660e+00,2.072925e+00,1.974433e+00
1.290274e-03,7.448251e-01,6.466345e-01,2.037898e+00,1.939904e+00,3.330970e+00,3.233173e+00,1.077068e+00,9.788770e-01,3.034625e+00,2.936631e+00,4.992182e+00,4.894385e+00,4.902889e-01,3.920984e-01,1.274289e+00,1.176295e+00,2.058289e+00,1.960492e+00
1.308686e-03,7.397812e-01,6.422838e-01,2.024154e+00,1.926852e+00,3.308526e+00,3.211419e+00,1.069414e+00,9.719162e-01,3.013051e+00,2.915749e+00,4.956688e+00,4.859581e+00,4.868075e-01,3.893101e-01,1.265232e+00,1.167930e+00,2.043658e+00,1.946551e+00
1.327361e-03,7.347804e-01,6.379713e-01,2.010529e+00,1.913914e+00,3.286278e+00,3.189857e+00,1.061764e+00,9.649553e-01,2.991481e+00,2.894866e+00,4.921198e+00,4.824777e+00,4.833309e-01,3.865219e-01,1.256181e+00,1.159566e+00,2.029031e+00,1.932609e+00
1.346303e-03,7.297843e-01,6.336587e-01,1.996909e+00,1.900976e+00,3.264034e+00,3.168294e+00,1.054264e+00,9.581388e-01,2.970350e+00,2.874416e+00,4.886435e+00,4.790694e+00,4.799171e-01,3.837915e-01,1.247308e+00,1.151375e+00,2.014698e+00,1.918958e+00
1.365515e-03,7.247932e-01,6.293462e-01,1.983294e+00,1.888039e+00,3.241796e+00,3.146731e+00,1.046911e+00,9.514638e-01,2.949647e+00,2.854391e+00,4.852384e+00,4.757319e+00,4.765646e-01,3.811176e-01,1.238609e+00,1.143353e+00,2.000653e+00,1.905588e+00
1.385001e-03,7.198068e-01,6.250337e-01,1.969684e+00,1.875101e+00,3.219562e+00,3.125168e+00,1.039561e+00,9.447882e-01,2.928948e+00,2.834365e+00,4.818335e+00,4.723941e+00,4.732169e-01,3.784437e-01,1.229915e+00,1.135331e+00,1.986612e+00,1.892219e+00
1.404765e-03,7.149181e-01,6.208140e-01,1.956358e+00,1.862442e+00,3.197797e+00,3.104070e+00,1.032217e+00,9.381126e-01,2.908253e+00,2.814338e+00,4.784290e+00,4.690563e+00,4.698739e-01,3.757698e-01,1.221225e+00,1.127309e+00,1.972576e+00,1.878849e+00
1.424811e-03,7.100983e-01,6.166585e-01,1.943228e+00,1.849976e+00,3.176358e+00,3.083293e+00,1.024877e+00,9.314370e-01,2.887564e+00,2.794311e+00,4.750250e+00,4.657185e+00,4.665357e-01,3.730959e-01,1.212540e+00,1.119288e+00,1.958545e+00,1.865479e+00
1.445143e-03,7.052833e-01,6.125031e-01,1.930104e+00,1.837509e+00,3.154924e+00,3.062516e+00,1.017542e+00,9.247614e-01,2.866878e+00,2.774284e+00,4.716215e+00,4.623807e+00,4.632021e-01,3.704219e-01,1.203860e+00,1.111266e+00,1.944518e+00,1.852110e+00
1.465765e-03,7.004729e-01,6.083477e-01,1.916984e+00,1.825043e+00,3.133495e+00,3.041739e+00,1.010445e+00,9.183198e-01,2.846900e+00,2.754959e+00,4.683355e+00,4.591599e+00,4.599669e-01,3.678417e-01,1.195466e+00,1.103525e+00,1.930965e+00,1.839208e+00
1.486681e-03,6.956672e-01,6.041923e-01,1.903869e+00,1.812577e+00,3.112070e+00,3.020962e+00,1.003422e+00,9.119467e-01,2.827132e+00,2.735840e+00,4.650842e+00,4.559733e+00,4.567636e-01,3.652888e-01,1.187158e+00,1.095866e+00,1.917553e+00,1.826444e+00
1.507896e-03,6.909732e-01,6.001442e-01,1.891080e+00,1.800433e+00,3.091186e+00,3.000721e+00,9.964021e-01,9.055730e-01,2.807366e+00,2.716719e+00,4.618330e+00,4.527865e+00,4.535650e-01,3.627359e-01,1.178855e+00,1.088208e+00,1.904145e+00,1.813680e+00
1.529414e-03,6.863186e-01,5.961308e-01,1.878400e+00,1.788392e+00,3.070481e+00,2.980654e+00,9.893877e-01,8.991999e-01,2.787607e+00,2.697600e+00,4.585826e+00,4.495999e+00,4.503708e-01,3.601830e-01,1.170556e+00,1.080549e+00,1.890742e+00,1.800915e+00
1.551239e-03,6.816685e-01,5.921173e-01,1.865724e+00,1.776352e+00,3.049779e+00,2.960587e+00,9.823779e-01,8.928268e-01,2.767852e+00,2.678480e+00,4.553327e+00,4.464134e+00,4.471812e-01,3.576301e-01,1.162262e+00,1.072890e+00,1.877343e+00,1.788151e+00
1.573375e-03,6.770229e-01,5.881039e-01,1.853053e+00,1.764312e+00,3.029082e+00,2.940520e+00,9.753726e-01,8.864537e-01,2.748102e+00,2.659361e+00,4.520831e+00,4.432268e+00,4.439962e-01,3.550772e-01,1.153973e+00,1.065232e+00,1.863949e+00,1.775386e+00
1.595827e-03,6.724115e-01,5.841202e-01,1.840475e+00,1.752361e+00,3.008539e+00,2.920601e+00,9.683718e-01,8.800806e-01,2.728356e+00,2.640242e+00,4.488341e+00,4.400403e+00,4.408155e-01,3.525243e-01,1.145687e+00,1.057573e+00,1.850559e+00,1.762622e+00
1.618600e-03,6.679038e-01,5.802359e-01,1.828200e+00,1.740708e+00,2.988497e+00,2.901180e+00,9.614806e-01,8.738127e-01,2.708930e+00,2.621438e+00,4.456380e+00,4.369063e+00,4.376818e-01,3.500139e-01,1.137534e+00,1.050042e+00,1.837386e+00,1.750069e+00
1.641697e-03,6.634007e-01,5.763517e-01,1.815930e+00,1.729055e+00,2.968459e+00,2.881758e+00,9.547422e-01,8.676932e-01,2.689954e+00,2.603080e+00,4.425166e+00,4.338466e+00,4.346117e-01,3.475627e-01,1.129563e+00,1.042688e+00,1.824514e+00,1.737813e+00
1.665124e-03,6.589019e-01,5.724674e-01,1.803664e+00,1.717402e+00,2.948425e+00,2.862337e+00,9.480082e-01,8.615737e-01,2.670983e+00,2.584721e+00,4.393957e+00,4.307868e+00,4.315459e-01,3.451114e-01,1.121596e+00,1.035334e+00,1.811645e+00,1.725557e+00
1.688886e-03,6.544074e-01,5.685831e-01,1.791402e+00,1.705749e+00,2.928396e+00,2.842915e+00,9.412785e-01,8.554542e-01,2.652015e+00,2.566363e+00,4.362752e+00,4.277271e+00,4.284844e-01,3.426601e-01,1.113633e+00,1.027980e+00,1.798781e+00,1.713301e+00
1.712986e-03,6.500327e-01,5.648143e-01,1.779491e+00,1.694443e+00,2.908949e+00,2.824071e+00,9.346296e-01,8.494112e-01,2.633281e+00,2.548234e+00,4.331933e+00,4.247056e+00,4.254581e-01,3.402397e-01,1.105767e+00,1.020719e+00,1.786076e+00,1.701198e+00
1.737430e-03,6.456649e-01,5.610481e-01,1.767592e+00,1.683144e+00,2.889518e+00,2.805240e+00,9.281472e-01,8.435304e-01,2.615038e+00,2.530591e+00,4.301930e+00,4.217652e+00,4.225011e-01,3.378842e-01,1.098100e+00,1.013653e+00,1.773699e+00,1.689421e+00
1.762224e-03,6.413013e-01,5.572819e-01,1.755697e+00,1.671846e+00,2.870092e+00,2.786409e+00,9.216696e-01,8.376501e-01,2.596802e+00,2.512950e+00,4.271933e+00,4.188250e+00,4.195482e-01,3.355287e-01,1.090437e+00,1.006586e+00,1.761327e+00,1.677644e+00
1.787371e-03,6.369420e-01,5.535157e-01,1.743806e+00,1.660547e+00,2.850671e+00,2.767578e+00,9.151962e-01,8.317698e-01,2.578569e+00,2.495309e+00,4.241941e+00,4.158849e+00,4.165996e-01,3.331733e-01,1.082779e+00,9.995198e-01,1.748959e+00,1.665866e+00
1.812876e-03,6.327391e-01,5.499017e-01,1.732377e+00,1.649705e+00,2.832014e+00,2.749509e+00,9.087270e-01,8.258896e-01,2.560340e+00,2.477669e+00,4.211954e+00,4.129448e+00,4.136551e-01,3.308177e-01,1.075125e+00,9.924531e-01,1.736594e+00,1.654089e+00
1.838746e-03,6.285455e-01,5.462929e-01,1.720967e+00,1.638879e+00,2.813388e+00,2.731465e+00,9.022613e-01,8.200087e-01,2.542114e+00,2.460026e+00,4.181967e+00,4.100044e+00,4.107148e-01,3.284622e-01,1.067475e+00,9.853867e-01,1.724234e+00,1.642311e+00
1.864985e-03,6.243561e-01,5.426841e-01,1.709561e+00,1.628052e+00,2.794766e+00,2.713421e+00,8.958004e-01,8.141285e-01,2.523894e+00,2.442385e+00,4.151987e+00,4.070642e+00,4.077787e-01,3.261068e-01,1.059829e+00,9.783203e-01,1.711879e+00,1.630534e+00
1.891599e-03,6.201707e-01,5.390753e-01,1.698159e+00,1.617226e+00,2.776147e+00,2.695377e+00,8.893878e-01,8.082925e-01,2.505810e+00,2.424877e+00,4.122233e+00,4.041462e+00,4.048646e-01,3.237692e-01,1.052241e+00,9.713077e-01,1.699617e+00,1.618846e+00
1.918592e-03,6.159894e-01,5.354665e-01,1.686761e+00,1.606400e+00,2.757533e+00,2.677333e+00,8.832307e-01,8.027078e-01,2.488485e+00,2.408123e+00,4.093740e+00,4.013539e+00,4.020551e-01,3.215322e-01,1.044958e+00,9.645967e-01,1.687862e+00,1.607661e+00
1.945970e-03,6.118121e-01,5.318577e-01,1.675368e+00,1.595573e+00,2.738923e+00,2.659289e+00,8.770776e-01,7.971231e-01,2.471164e+00,2.391369e+00,4.065250e+00,3.985616e+00,3.992496e-01,3.192952e-01,1.037680e+00,9.578855e-01,1.676110e+00,1.596476e+00
1.973739e-03,6.076389e-01,5.282489e-01,1.663978e+00,1.584747e+00,2.720317e+00,2.641245e+00,8.709279e-01,7.915379e-01,2.453845e+00,2.374614e+00,4.036762e+00,3.957690e+00,3.964480e-01,3.170581e-01,1.030405e+00,9.511742e-01,1.664362e+00,1.585290e+00
2.001904e-03,6.035761e-01,5.247466e-01,1.652912e+00,1.574240e+00,2.702247e+00,2.623733e+00,8.647828e-01,7.859532e-01,2.436531e+00,2.357860e+00,4.008280e+00,3.929766e+00,3.936505e-01,3.148210e-01,1.023135e+00,9.444630e-01,1.652619e+00,1.574105e+00
2.030472e-03,5.995976e-01,5.213246e-01,1.642090e+00,1.563974e+00,2.684583e+00,2.606623e+00,8.586416e-01,7.803686e-01,2.419222e+00,2.341106e+00,3.979802e+00,3.901843e+00,3.908569e-01,3.125839e-01,1.015868e+00,9.377517e-01,1.640879e+00,1.562919e+00
2.059447e-03,5.956229e-01,5.179025e-01,1.631272e+00,1.553708e+00,2.666922e+00,2.589513e+00,8.525038e-01,7.747833e-01,2.401915e+00,2.324350e+00,3.951326e+00,3.873917e+00,3.880672e-01,3.103468e-01,1.008605e+00,9.310404e-01,1.629143e+00,1.551734e+00
2.088835e-03,5.916522e-01,5.144805e-01,1.620459e+00,1.543441e+00,2.649265e+00,2.572402e+00,8.463704e-01,7.691987e-01,2.384613e+00,2.307596e+00,3.922856e+00,3.845993e+00,3.852815e-01,3.081097e-01,1.001346e+00,9.243292e-01,1.617411e+00,1.540549e+00
2.118643e-03,5.876854e-01,5.110584e-01,1.609649e+00,1.533175e+00,2.631612e+00,2.555292e+00,8.404238e-01,7.637969e-01,2.367864e+00,2.291391e+00,3.895305e+00,3.818984e+00,3.825728e-01,3.059458e-01,9.943111e-01,9.178375e-01,1.606049e+00,1.529729e+00
2.148876e-03,5.837224e-01,5.076364e-01,1.598843e+00,1.522909e+00,2.613963e+00,2.538182e+00,8.345386e-01,7.584526e-01,2.351291e+00,2.275358e+00,3.868044e+00,3.792263e+00,3.798914e-01,3.038053e-01,9.873497e-01,9.114160e-01,1.594808e+00,1.519027e+00
2.179540e-03,5.797631e-01,5.042143e-01,1.588040e+00,1.512643e+00,2.596318e+00,2.521071e+00,8.286578e-01,7.531089e-01,2.334724e+00,2.259327e+00,3.840791e+00,3.765544e+00,3.772136e-01,3.016648e-01,9.803919e-01,9.049943e-01,1.583570e+00,1.508324e+00
2.210642e-03,5.759500e-01,5.009345e-01,1.577669e+00,1.502803e+00,2.579387e+00,2.504672e+00,8.227801e-01,7.477646e-01,2.318159e+00,2.243294e+00,3.813538e+00,3.738823e+00,3.745397e-01,2.995242e-01,9.734379e-01,8.985725e-01,1.572336e+00,1.497621e+00
2.242188e-03,5.721606e-01,4.976747e-01,1.567361e+00,1.493024e+00,2.562561e+00,2.488373e+00,8.169069e-01,7.424209e-01,2.301600e+00,2.227263e+00,3.786292e+00,3.712104e+00,3.718695e-01,2.973836e-01,9.664876e-01,8.921507e-01,1.561106e+00,1.486918e+00
2.274184e-03,5.683750e-01,4.944149e-01,1.557057e+00,1.483245e+00,2.545738e+00,2.472075e+00,8.111845e-01,7.372244e-01,2.285485e+00,2.211673e+00,3.759786e+00,3.686122e+00,3.692624e-01,2.953022e-01,9.597188e-01,8.859067e-01,1.550175e+00,1.476511e+00
2.306637e-03,5.645932e-01,4.911552e-01,1.546757e+00,1.473466e+00,2.528920e+00,2.455776e+00,8.055246e-01,7.320866e-01,2.269551e+00,2.196260e+00,3.733577e+00,3.660433e+00,3.666821e-01,2.932441e-01,9.530232e-01,8.797323e-01,1.539364e+00,1.466220e+00
2.339553e-03,5.608149e-01,4.878954e-01,1.536460e+00,1.463686e+00,2.512104e+00,2.439477e+00,7.998677e-01,7.269482e-01,2.253618e+00,2.180845e+00,3.707369e+00,3.634741e+00,3.641055e-01,2.911859e-01,9.463314e-01,8.735578e-01,1.528557e+00,1.455930e+00
2.372938e-03,5.570404e-01,4.846356e-01,1.526167e+00,1.453907e+00,2.495293e+00,2.423178e+00,7.942146e-01,7.218098e-01,2.237689e+00,2.165429e+00,3.681164e+00,3.609049e+00,3.615326e-01,2.891278e-01,9.396432e-01,8.673834e-01,1.517754e+00,1.445639e+00
2.406800e-03,5.533783e-01,4.814846e-01,1.516204e+00,1.444454e+00,2.479029e+00,2.407423e+00,7.885650e-01,7.166714e-01,2.221764e+00,2.150014e+00,3.654963e+00,3.583357e+00,3.589633e-01,2.870696e-01,9.329587e-01,8.612089e-01,1.506954e+00,1.435348e+00
2.441145e-03,5.497538e-01,4.783677e-01,1.506346e+00,1.435103e+00,2.462939e+00,2.391838e+00,7.829191e-01,7.115330e-01,2.205842e+00,2.134599e+00,3.628765e+00,3.557665e+00,3.563976e-01,2.850115e-01,9.262777e-01,8.550345e-01,1.496158e+00,1.425058e+00
2.475980e-03,5.461328e-01,4.752506e-01,1.496492e+00,1.425752e+00,2.446852e+00,2.376253e+00,7.774217e-01,7.065395e-01,2.190359e+00,2.119619e+00,3.603296e+00,3.532698e+00,3.538934e-01,2.830113e-01,9.197741e-01,8.490338e-01,1.485655e+00,1.415056e+00
2.511313e-03,5.425153e-01,4.721336e-01,1.486642e+00,1.416401e+00,2.430768e+00,2.360668e+00,7.719997e-01,7.016179e-01,2.175095e+00,2.104854e+00,3.578190e+00,3.508090e+00,3.514215e-01,2.810397e-01,9.133600e-01,8.431192e-01,1.475299e+00,1.405199e+00
2.547149e-03,5.389015e-01,4.690166e-01,1.476795e+00,1.407050e+00,2.414688e+00,2.345083e+00,7.665806e-01,6.966957e-01,2.159832e+00,2.090087e+00,3.553084e+00,3.483479e+00,3.489530e-01,2.790681e-01,9.069492e-01,8.372042e-01,1.464945e+00,1.395340e+00
2.583497e-03,5.353083e-01,4.659168e-01,1.467003e+00,1.397750e+00,2.398698e+00,2.329584e+00,7.611651e-01,6.917736e-01,2.144573e+00,2.075321e+00,3.527982e+00,3.458868e+00,3.464881e-01,2.770965e-01,9.005422e-01,8.312896e-01,1.454596e+00,1.385483e+00
2.620364e-03,5.318284e-01,4.629267e-01,1.457544e+00,1.388780e+00,2.383259e+00,2.314634e+00,7.557531e-01,6.868514e-01,2.129318e+00,2.060554e+00,3.502883e+00,3.434257e+00,3.440266e-01,2.751250e-01,8.941386e-01,8.253749e-01,1.444251e+00,1.375625e+00
2.657756e-03,5.283519e-01,4.599366e-01,1.448088e+00,1.379810e+00,2.367824e+00,2.299683e+00,7.503451e-01,6.819298e-01,2.114068e+00,2.045789e+00,3.477790e+00,3.409649e+00,3.415687e-01,2.731534e-01,8.877385e-01,8.194603e-01,1.433908e+00,1.365767e+00
2.695683e-03,5.248788e-01,4.569465e-01,1.438636e+00,1.370839e+00,2.352393e+00,2.284732e+00,7.450584e-01,6.771261e-01,2.099175e+00,2.031378e+00,3.453291e+00,3.385631e+00,3.391615e-01,2.712292e-01,8.814839e-01,8.136877e-01,1.423806e+00,1.356146e+00
2.734150e-03,5.214091e-01,4.539564e-01,1.429187e+00,1.361869e+00,2.336965e+00,2.269782e+00,7.398585e-01,6.724058e-01,2.084535e+00,2.017217e+00,3.429212e+00,3.362029e+00,3.367912e-01,2.693385e-01,8.753332e-01,8.080155e-01,1.413875e+00,1.346693e+00
2.773166e-03,5.179428e-01,4.509663e-01,1.419741e+00,1.352899e+00,2.321540e+00,2.254832e+00,7.346620e-01,6.676855e-01,2.069899e+00,2.003056e+00,3.405136e+00,3.338427e+00,3.344242e-01,2.674477e-01,8.691855e-01,8.023431e-01,1.403947e+00,1.337238e+00
2.812740e-03,5.145853e-01,4.480816e-01,1.410615e+00,1.344245e+00,2.306645e+00,2.240408e+00,7.294689e-01,6.629652e-01,2.055266e+00,1.988896e+00,3.381063e+00,3.314826e+00,3.320607e-01,2.655570e-01,8.630415e-01,7.966710e-01,1.394022e+00,1.327785e+00
2.852878e-03,5.112396e-01,4.452054e-01,1.401518e+00,1.335616e+00,2.291797e+00,2.226027e+00,7.242791e-01,6.582449e-01,2.040637e+00,1.974735e+00,3.356994e+00,3.291224e+00,3.297004e-01,2.636662e-01,8.569005e-01,7.909985e-01,1.384101e+00,1.318331e+00
2.893588e-03,5.078972e-01,4.423292e-01,1.392424e+00,1.326988e+00,2.276951e+00,2.211646e+00,7.190926e-01,6.535246e-01,2.026010e+00,1.960574e+00,3.332928e+00,3.267623e+00,3.273434e-01,2.617754e-01,8.507629e-01,7.853261e-01,1.374182e+00,1.308877e+00
2.934880e-03,5.045581e-01,4.394529e-01,1.383334e+00,1.318359e+00,2.262109e+00,2.197265e+00,7.140923e-01,6.489871e-01,2.011936e+00,1.946961e+00,3.309780e+00,3.244936e+00,3.250629e-01,2.599578e-01,8.448481e-01,7.798733e-01,1.364633e+00,1.299789e+00
2.976761e-03,5.012297e-01,4.365842e-01,1.374269e+00,1.309753e+00,2.247308e+00,2.182921e+00,7.091257e-01,6.444802e-01,1.997957e+00,1.933441e+00,3.286788e+00,3.222401e+00,3.227981e-01,2.581526e-01,8.389739e-01,7.744578e-01,1.355150e+00,1.290763e+00
3.019239e-03,4.980001e-01,4.338109e-01,1.365493e+00,1.301433e+00,2.232987e+00,2.169054e+00,7.041630e-01,6.399738e-01,1.983982e+00,1.919921e+00,3.263801e+00,3.199869e+00,3.205366e-01,2.563474e-01,8.331030e-01,7.690423e-01,1.345669e+00,1.281737e+00
3.062324e-03,4.947736e-01,4.310376e-01,1.356721e+00,1.293113e+00,2.218669e+00,2.155188e+00,6.992034e-01,6.354674e-01,1.970011e+00,1.906402e+00,3.240818e+00,3.177337e+00,3.182783e-01,2.545423e-01,8.272353e-01,7.636269e-01,1.336192e+00,1.272711e+00
3.106023e-03,4.915503e-01,4.282642e-01,1.347952e+00,1.284793e+00,2.204354e+00,2.141321e+00,6.942465e-01,6.309605e-01,1.956041e+00,1.892881e+00,3.217835e+00,3.154802e+00,3.160232e-01,2.527371e-01,8.213708e-01,7.582114e-01,1.326718e+00,1.263686e+00
3.150346e-03,4.883302e-01,4.254909e-01,1.339186e+00,1.276473e+00,2.190042e+00,2.127454e+00,6.892934e-01,6.264541e-01,1.942076e+00,1.879362e+00,3.194858e+00,3.132270e+00,3.137713e-01,2.509320e-01,8.155094e-01,7.527959e-01,1.317248e+00,1.254660e+00
3.195302e-03,4.851632e-01,4.227675e-01,1.330573e+00,1.268302e+00,2.175983e+00,2.113837e+00,6.843434e-01,6.219477e-01,1.928114e+00,1.865843e+00,3.171884e+00,3.109738e+00,3.115225e-01,2.491268e-01,8.096512e-01,7.473805e-01,1.307780e+00,1.245634e+00
3.240899e-03,4.820430e-01,4.200878e-01,1.322095e+00,1.260263e+00,2.162146e+00,2.100439e+00,6.794851e-01,6.175299e-01,1.914421e+00,1.852590e+00,3.149357e+00,3.087649e+00,3.093126e-01,2.473574e-01,8.039034e-01,7.420722e-01,1.298494e+00,1.236787e+00
3.287146e-03,4.789259e-01,4.174081e-01,1.313619e+00,1.252224e+00,2.148312e+00,2.087040e+00,6.747208e-01,6.132029e-01,1.901003e+00,1.839609e+00,3.127286e+00,3.066015e+00,3.071421e-01,2.456242e-01,7.982673e-01,7.368727e-01,1.289393e+00,1.228121e+00
3.334054e-03,4.758119e-01,4.147283e-01,1.305146e+00,1.244185e+00,2.134481e+00,2.073642e+00,6.699595e-01,6.088760e-01,1.887589e+00,1.826628e+00,3.105219e+00,3.044380e+00,3.049745e-01,2.438909e-01,7.926341e-01,7.316728e-01,1.280294e+00,1.219455e+00
3.381631e-03,4.727240e-01,4.120717e-01,1.296746e+00,1.236215e+00,2.120768e+00,2.060358e+00,6.652008e-01,6.045484e-01,1.874176e+00,1.813645e+00,3.083152e+00,3.022742e+00,3.028100e-01,2.421577e-01,7.870039e-01,7.264730e-01,1.271198e+00,1.210788e+00
3.429887e-03,4.697018e-01,4.094777e-01,1.288537e+00,1.228433e+00,2.107371e+00,2.047388e+00,6.605135e-01,6.002894e-01,1.860972e+00,1.800868e+00,3.061430e+00,3.001447e+00,3.006757e-01,2.404516e-01,7.814582e-01,7.213547e-01,1.262241e+00,1.202258e+00
3.478832e-03,4.666826e-01,4.068836e-01,1.280330e+00,1.220651e+00,2.093978e+00,2.034418e+00,6.559299e-01,5.961309e-01,1.848072e+00,1.788393e+00,3.040214e+00,2.980655e+00,2.985850e-01,2.387860e-01,7.760373e-01,7.163580e-01,1.253490e+00,1.193930e+00
3.528475e-03,4.636664e-01,4.042896e-01,1.272127e+00,1.212869e+00,2.080587e+00,2.021448e+00,6.513498e-01,5.919730e-01,1.835177e+00,1.775919e+00,3.019004e+00,2.959865e+00,2.964972e-01,2.371204e-01,7.706190e-01,7.113611e-01,1.244741e+00,1.185602e+00
3.578826e-03,4.606813e-01,4.017236e-01,1.264010e+00,1.205171e+00,2.067340e+00,2.008618e+00,6.467722e-01,5.878146e-01,1.822283e+00,1.763444e+00,2.997794e+00,2.939073e+00,2.944125e-01,2.354548e-01,7.652040e-01,7.063644e-01,1.235996e+00,1.177274e+00
3.629896e-03,4.577853e-01,3.992438e-01,1.256156e+00,1.197732e+00,2.054526e+00,1.996219e+00,6.421981e-01,5.836567e-01,1.809394e+00,1.750970e+00,2.976591e+00,2.918283e+00,2.923307e-01,2.337893e-01,7.597920e-01,7.013678e-01,1.227253e+00,1.168946e+00
3.681695e-03,4.548923e-01,3.967641e-01,1.248304e+00,1.190292e+00,2.041716e+00,1.983821e+00,6.376270e-01,5.794988e-01,1.796508e+00,1.738496e+00,2.955390e+00,2.897494e+00,2.902519e-01,2.321237e-01,7.543829e-01,6.963711e-01,1.218514e+00,1.160619e+00
3.734233e-03,4.520021e-01,3.942843e-01,1.240455e+00,1.182853e+00,2.028908e+00,1.971421e+00,6.330582e-01,5.753404e-01,1.783623e+00,1.726021e+00,2.934189e+00,2.876702e+00,2.881759e-01,2.304581e-01,7.489764e-01,6.913742e-01,1.209777e+00,1.152290e+00
3.787520e-03,4.491149e-01,3.918045e-01,1.232609e+00,1.175414e+00,2.016103e+00,1.959023e+00,6.285413e-01,5.712310e-01,1.770889e+00,1.713693e+00,2.913236e+00,2.856155e+00,2.861223e-01,2.288119e-01,7.436314e-01,6.864358e-01,1.201141e+00,1.144060e+00
3.841568e-03,4.462306e-01,3.893248e-01,1.224766e+00,1.167974e+00,2.003302e+00,1.946624e+00,6.241876e-01,5.672818e-01,1.758637e+00,1.701846e+00,2.893087e+00,2.836409e+00,2.841358e-01,2.272301e-01,7.384820e-01,6.816902e-01,1.192828e+00,1.136150e+00
3.896388e-03,4.433490e-01,3.868450e-01,1.216926e+00,1.160535e+00,1.990503e+00,1.934225e+00,6.198368e-01,5.633328e-01,1.746389e+00,1.689998e+00,2.872942e+00,2.816664e+00,2.821523e-01,2.256483e-01,7.333357e-01,6.769448e-01,1.184519e+00,1.128241e+00
3.951989e-03,4.404703e-01,3.843652e-01,1.209088e+00,1.153096e+00,1.977706e+00,1.921826e+00,6.154888e-01,5.593837e-01,1.734144e+00,1.678151e+00,2.852799e+00,2.796918e+00,2.801715e-01,2.240664e-01,7.281920e-01,6.721991e-01,1.176212e+00,1.120332e+00
4.008384e-03,4.377069e-01,3.819979e-01,1.201591e+00,1.145994e+00,1.965475e+00,1.909989e+00,6.111436e-01,5.554345e-01,1.721901e+00,1.666304e+00,2.832659e+00,2.777173e+00,2.781936e-01,2.224845e-01,7.230510e-01,6.674535e-01,1.167908e+00,1.112422e+00
4.065584e-03,4.349695e-01,3.796537e-01,1.194166e+00,1.138961e+00,1.953363e+00,1.898269e+00,6.068012e-01,5.514854e-01,1.709661e+00,1.654456e+00,2.812521e+00,2.757427e+00,2.762184e-01,2.209026e-01,7.179129e-01,6.627078e-01,1.159607e+00,1.104513e+00
4.123600e-03,4.322349e-01,3.773096e-01,1.186744e+00,1.131929e+00,1.941253e+00,1.886548e+00,6.024616e-01,5.475364e-01,1.697424e+00,1.642609e+00,2.792387e+00,2.737682e+00,2.742461e-01,2.193208e-01,7.127778e-01,6.579625e-01,1.151309e+00,1.096604e+00
4.182444e-03,4.295029e-01,3.749654e-01,1.179325e+00,1.124896e+00,1.929146e+00,1.874827e+00,5.981248e-01,5.435872e-01,1.685190e+00,1.630762e+00,2.772255e+00,2.717936e+00,2.722765e-01,2.177389e-01,7.076452e-01,6.532168e-01,1.143014e+00,1.088695e+00
4.242127e-03,4.267738e-01,3.726213e-01,1.171908e+00,1.117864e+00,1.917042e+00,1.863106e+00,5.939337e-01,5.397811e-01,1.673388e+00,1.619343e+00,2.752841e+00,2.698906e+00,2.703668e-01,2.162143e-01,7.026871e-01,6.486430e-01,1.135007e+00,1.081072e+00
4.302663e-03,4.240473e-01,3.702771e-01,1.164494e+00,1.110831e+00,1.904940e+00,1.851385e+00,5.897726e-01,5.360024e-01,1.661670e+00,1.608007e+00,2.733567e+00,2.680012e+00,2.684709e-01,2.147007e-01,6.977648e-01,6.441022e-01,1.127059e+00,1.073504e+00
4.364062e-03,4.213376e-01,3.679469e-01,1.157125e+00,1.103841e+00,1.892911e+00,1.839735e+00,5.856143e-01,5.322237e-01,1.649955e+00,1.596671e+00,2.714295e+00,2.661118e+00,2.665778e-01,2.131871e-01,6.928452e-01,6.395614e-01,1.119113e+00,1.065936e+00
4.426337e-03,4.187343e-01,3.657206e-01,1.150069e+00,1.097162e+00,1.881404e+00,1.828603e+00,5.814587e-01,5.284450e-01,1.638243e+00,1.585335e+00,2.695026e+00,2.642225e+00,2.646873e-01,2.116736e-01,6.879282e-01,6.350207e-01,1.111169e+00,1.058368e+00
4.489501e-03,4.161338e-01,3.634944e-01,1.143017e+00,1.090483e+00,1.869901e+00,1.817472e+00,5.773057e-01,5.246663e-01,1.626533e+00,1.573999e+00,2.675760e+00,2.623331e+00,2.627994e-01,2.101600e-01,6.830140e-01,6.304799e-01,1.103229e+00,1.050800e+00
4.553566e-03,4.135359e-01,3.612681e-01,1.135967e+00,1.083804e+00,1.858399e+00,1.806340e+00,5.732715e-01,5.210037e-01,1.615174e+00,1.563011e+00,2.657077e+00,2.605018e+00,2.609607e-01,2.086929e-01,6.782418e-01,6.260786e-01,1.095523e+00,1.043464e+00
4.618546e-03,4.109406e-01,3.590417e-01,1.128920e+00,1.077125e+00,1.846900e+00,1.795209e+00,5.692693e-01,5.173705e-01,1.603906e+00,1.552111e+00,2.638543e+00,2.586852e+00,2.591364e-01,2.072376e-01,6.735077e-01,6.217127e-01,1.087879e+00,1.036188e+00
4.684452e-03,4.083479e-01,3.568155e-01,1.121876e+00,1.070446e+00,1.835403e+00,1.784077e+00,5.652697e-01,5.137372e-01,1.592641e+00,1.541212e+00,2.620012e+00,2.568686e+00,2.573148e-01,2.057823e-01,6.687762e-01,6.173469e-01,1.080238e+00,1.028911e+00
4.751300e-03,4.057579e-01,3.545892e-01,1.114834e+00,1.063768e+00,1.823910e+00,1.772946e+00,5.612726e-01,5.101040e-01,1.581378e+00,1.530312e+00,2.601484e+00,2.550520e+00,2.554956e-01,2.043269e-01,6.640469e-01,6.129807e-01,1.072598e+00,1.021634e+00
4.819101e-03,4.032731e-01,3.524656e-01,1.108103e+00,1.057397e+00,1.812932e+00,1.762328e+00,5.572781e-01,5.064707e-01,1.570118e+00,1.519412e+00,2.582957e+00,2.532353e+00,2.536791e-01,2.028716e-01,6.593206e-01,6.086148e-01,1.064962e+00,1.014358e+00
4.887870e-03,4.007918e-01,3.503431e-01,1.101377e+00,1.051029e+00,1.801962e+00,1.751715e+00,5.532862e-01,5.028375e-01,1.558860e+00,1.508512e+00,2.564434e+00,2.514187e+00,2.518651e-01,2.014163e-01,6.545967e-01,6.042489e-01,1.057328e+00,1.007082e+00
4.957620e-03,3.983130e-01,3.482204e-01,1.094654e+00,1.044661e+00,1.790994e+00,1.741102e+00,5.494114e-01,4.993188e-01,1.547949e+00,1.497956e+00,2.546486e+00,2.496594e+00,2.500995e-01,2.000069e-01,6.500129e-01,6.000206e-01,1.049926e+00,1.000034e+00
5.028365e-03,3.958368e-01,3.460978e-01,1.087933e+00,1.038293e+00,1.780029e+00,1.730489e+00,5.455774e-01,4.958384e-01,1.537155e+00,1.487515e+00,2.528732e+00,2.479192e+00,2.483517e-01,1.986127e-01,6.454775e-01,5.958381e-01,1.042603e+00,9.930634e-01
5.100120e-03,3.933630e-01,3.439752e-01,1.081214e+00,1.031925e+00,1.769066e+00,1.719876e+00,5.417458e-01,4.923579e-01,1.526363e+00,1.477074e+00,2.510980e+00,2.461790e+00,2.466065e-01,1.972186e-01,6.409448e-01,5.916558e-01,1.035283e+00,9.860931e-01
5.172899e-03,3.909243e-01,3.418851e-01,1.074596e+00,1.025655e+00,1.758268e+00,1.709426e+00,5.379167e-01,4.888775e-01,1.515573e+00,1.466632e+00,2.493230e+00,2.444387e+00,2.448637e-01,1.958244e-01,6.364144e-01,5.874733e-01,1.027965e+00,9.791222e-01
5.246716e-03,3.885477e-01,3.398547e-01,1.068160e+00,1.019564e+00,1.747771e+00,1.699273e+00,5.340900e-01,4.853970e-01,1.504787e+00,1.456191e+00,2.475483e+00,2.426985e+00,2.431234e-01,1.944304e-01,6.318866e-01,5.832911e-01,1.020650e+00,9.721518e-01
5.321587e-03,3.861733e-01,3.378241e-01,1.061725e+00,1.013472e+00,1.737276e+00,1.689120e+00,5.302659e-01,4.819166e-01,1.494002e+00,1.445750e+00,2.457739e+00,2.409583e+00,2.413855e-01,1.930362e-01,6.273611e-01,5.791086e-01,1.013337e+00,9.651810e-01
5.397526e-03,3.838016e-01,3.357936e-01,1.055293e+00,1.007381e+00,1.726784e+00,1.678968e+00,5.265394e-01,4.785315e-01,1.483506e+00,1.435594e+00,2.440473e+00,2.392657e+00,2.396882e-01,1.916802e-01,6.229525e-01,5.750407e-01,1.006217e+00,9.584012e-01
5.474549e-03,3.814321e-01,3.337631e-01,1.048863e+00,1.001289e+00,1.716294e+00,1.668815e+00,5.228628e-01,4.751937e-01,1.473155e+00,1.425581e+00,2.423447e+00,2.375969e+00,2.380123e-01,1.903433e-01,6.186036e-01,5.710300e-01,9.991948e-01,9.517166e-01
5.552671e-03,3.790761e-01,3.317436e-01,1.042469e+00,9.952308e-01,1.705861e+00,1.658718e+00,5.191885e-01,4.718560e-01,1.462806e+00,1.415568e+00,2.406423e+00,2.359280e+00,2.363388e-01,1.890063e-01,6.142567e-01,5.670189e-01,9.921746e-01,9.450316e-01
5.631908e-03,3.767940e-01,3.297956e-01,1.036291e+00,9.893868e-01,1.695788e+00,1.648978e+00,5.155166e-01,4.685182e-01,1.452459e+00,1.405555e+00,2.389401e+00,2.342591e+00,2.346678e-01,1.876694e-01,6.099125e-01,5.630082e-01,9.851572e-01,9.383470e-01
5.712275e-03,3.745142e-01,3.278476e-01,1.030116e+00,9.835429e-01,1.685718e+00,1.639238e+00,5.118471e-01,4.651805e-01,1.442115e+00,1.395541e+00,2.372382e+00,2.325902e+00,2.329990e-01,1.863324e-01,6.055703e-01,5.589972e-01,9.781417e-01,9.316620e-01
5.793790e-03,3.722368e-01,3.258997e-01,1.023943e+00,9.776991e-01,1.675650e+00,1.629498e+00,5.081799e-01,4.618427e-01,1.431773e+00,1.385528e+00,2.355365e+00,2.309214e+00,2.313326e-01,1.849955e-01,6.012308e-01,5.549864e-01,9.711290e-01,9.249774e-01
5.876467e-03,3.699617e-01,3.239517e-01,1.017773e+00,9.718551e-01,1.665584e+00,1.619759e+00,5.046563e-01,4.586463e-01,1.421857e+00,1.375939e+00,2.339057e+00,2.293231e+00,2.297251e-01,1.837151e-01,5.970631e-01,5.511452e-01,9.644011e-01,9.185754e-01
5.960324e-03,3.677092e-01,3.220240e-01,1.011666e+00,9.660720e-01,1.655622e+00,1.610120e+00,5.011448e-01,4.554596e-01,1.411973e+00,1.366379e+00,2.322800e+00,2.277298e+00,2.281238e-01,1.824386e-01,5.929096e-01,5.473159e-01,9.576954e-01,9.121931e-01
6.045378e-03,3.655132e-01,3.201505e-01,1.005723e+00,9.604516e-01,1.645934e+00,1.600753e+00,4.976356e-01,4.522730e-01,1.402091e+00,1.356819e+00,2.306546e+00,2.261365e+00,2.265249e-01,1.811622e-01,5.887584e-01,5.434865e-01,9.509919e-01,9.058109e-01
6.131646e-03,3.633194e-01,3.182769e-01,9.997831e-01,9.548308e-01,1.636247e+00,1.591385e+00,4.941287e-01,4.490863e-01,1.392211e+00,1.347259e+00,2.290294e+00,2.245431e+00,2.249282e-01,1.798857e-01,5.846094e-01,5.396572e-01,9.442907e-01,8.994286e-01
6.219145e-03,3.611279e-01,3.164034e-01,9.938452e-01,9.492103e-01,1.626563e+00,1.582017e+00,4.906241e-01,4.458996e-01,1.382334e+00,1.337699e+00,2.274043e+00,2.229498e+00,2.233337e-01,1.786093e-01,5.804628e-01,5.358278e-01,9.375918e-01,8.930464e-01
6.307892e-03,3.589386e-01,3.145299e-01,9.879095e-01,9.435897e-01,1.616880e+00,1.572650e+00,4.871217e-01,4.427129e-01,1.372459e+00,1.328139e+00,2.257796e+00,2.213565e+00,2.217416e-01,1.773328e-01,5.763183e-01,5.319985e-01,9.308951e-01,8.866641e-01
6.397906e-03,3.568006e-01,3.127054e-01,9.821230e-01,9.381161e-01,1.607445e+00,1.563527e+00,4.836215e-01,4.395263e-01,1.362586e+00,1.318579e+00,2.241550e+00,2.197631e+00,2.201516e-01,1.760564e-01,5.721761e-01,5.281691e-01,9.242006e-01,8.802819e-01
6.489204e-03,3.546834e-01,3.108994e-01,9.763945e-01,9.326983e-01,1.598106e+00,1.554497e+00,4.801969e-01,4.364130e-01,1.352935e+00,1.309239e+00,2.225674e+00,2.182065e+00,2.185933e-01,1.748094e-01,5.681244e-01,5.244281e-01,9.176554e-01,8.740468e-01
6.581805e-03,3.525683e-01,3.090934e-01,9.706681e-01,9.272803e-01,1.588768e+00,1.545467e+00,4.768281e-01,4.333533e-01,1.343448e+00,1.300060e+00,2.210067e+00,2.166766e+00,2.170586e-01,1.735838e-01,5.641391e-01,5.207513e-01,9.112196e-01,8.679188e-01
6.675728e-03,3.504555e-01,3.072876e-01,9.649442e-01,9.218627e-01,1.579433e+00,1.536438e+00,4.734615e-01,4.302935e-01,1.333962e+00,1.290881e+00,2.194463e+00,2.151468e+00,2.155261e-01,1.723582e-01,5.601560e-01,5.170745e-01,9.047858e-01,8.617908e-01
6.770991e-03,3.483727e-01,3.055095e-01,9.593059e-01,9.165285e-01,1.570239e+00,1.527548e+00,4.700970e-01,4.272338e-01,1.324479e+00,1.281702e+00,2.178861e+00,2.136169e+00,2.139957e-01,1.711325e-01,5.561750e-01,5.133976e-01,8.983543e-01,8.556627e-01
6.867613e-03,3.463258e-01,3.037652e-01,9.537709e-01,9.112955e-01,1.561216e+00,1.518826e+00,4.667922e-01,4.242317e-01,1.315170e+00,1.272695e+00,2.163548e+00,2.121158e+00,2.124905e-01,1.699300e-01,5.522652e-01,5.097899e-01,8.920400e-01,8.496498e-01
6.965614e-03,3.442810e-01,3.020209e-01,9.482381e-01,9.060626e-01,1.552195e+00,1.510104e+00,4.635515e-01,4.212914e-01,1.306050e+00,1.263874e+00,2.148548e+00,2.106457e+00,2.110124e-01,1.687523e-01,5.484323e-01,5.062568e-01,8.858523e-01,8.437614e-01
7.065014e-03,3.422383e-01,3.002765e-01,9.427074e-01,9.008296e-01,1.543176e+00,1.501383e+00,4.603130e-01,4.183512e-01,1.296931e+00,1.255054e+00,2.133550e+00,2.091756e+00,2.095363e-01,1.675745e-01,5.446012e-01,5.027235e-01,8.796662e-01,8.378725e-01
7.165832e-03,3.402325e-01,2.985670e-01,9.372830e-01,8.957009e-01,1.534333e+00,1.492835e+00,4.570765e-01,4.154109e-01,1.287815e+00,1.246233e+00,2.118553e+00,2.077055e+00,2.080623e-01,1.663967e-01,5.407723e-01,4.991901e-01,8.734823e-01,8.319835e-01
7.268088e-03,3.382758e-01,2.969044e-01,9.320018e-01,8.907132e-01,1.525728e+00,1.484522e+00,4.538421e-01,4.124707e-01,1.278701e+00,1.237412e+00,2.103559e+00,2.062353e+00,2.065904e-01,1.652190e-01,5.369457e-01,4.956571e-01,8.673009e-01,8.260951e-01
7.371804e-03,3.363212e-01,2.952418e-01,9.267227e-01,8.857255e-01,1.517124e+00,1.476209e+00,4.506098e-01,4.095304e-01,1.269588e+00,1.228591e+00,2.088567e+00,2.047652e+00,2.051206e-01,1.640412e-01,5.331208e-01,4.921237e-01,8.611211e-01,8.202062e-01
7.477000e-03,3.343687e-01,2.935793e-01,9.214456e-01,8.807379e-01,1.508523e+00,1.467897e+00,4.473795e-01,4.065902e-01,1.260478e+00,1.219771e+00,2.073577e+00,2.032951e+00,2.036528e-01,1.628635e-01,5.292981e-01,4.885904e-01,8.549433e-01,8.143173e-01
7.583697e-03,3.324182e-01,2.919168e-01,9.161706e-01,8.757503e-01,1.499923e+00,1.459584e+00,4.441976e-01,4.036962e-01,1.251509e+00,1.211089e+00,2.058820e+00,2.018481e+00,2.022057e-01,1.617043e-01,5.255331e-01,4.851128e-01,8.488605e-01,8.085213e-01
7.691916e-03,3.304697e-01,2.902542e-01,9.108976e-01,8.707627e-01,1.491326e+00,1.451271e+00,4.411193e-01,4.009038e-01,1.242846e+00,1.202711e+00,2.044573e+00,2.004519e+00,2.008012e-01,1.605857e-01,5.218921e-01,4.817572e-01,8.429830e-01,8.029286e-01
7.801680e-03,3.285232e-01,2.885917e-01,9.056266e-01,8.657750e-01,1.482730e+00,1.442958e+00,4.380429e-01,3.981113e-01,1.234186e+00,1.194334e+00,2.030328e+00,1.990557e+00,1.993987e-01,1.594672e-01,5.182532e-01,4.784015e-01,8.371076e-01,7.973359e-01
7.913010e-03,3.265788e-01,2.869291e-01,9.003577e-01,8.607874e-01,1.474137e+00,1.434646e+00,4.349686e-01,3.953189e-01,1.225527e+00,1.185957e+00,2.016085e+00,1.976594e+00,1.979983e-01,1.583486e-01,5.146162e-01,4.750459e-01,8.312341e-01,7.917432e-01
8.025929e-03,3.247324e-01,2.853626e-01,8.953788e-01,8.560879e-01,1.466025e+00,1.426813e+00,4.318962e-01,3.925264e-01,1.216870e+00,1.177579e+00,2.001844e+00,1.962632e+00,1.965999e-01,1.572301e-01,5.109812e-01,4.716903e-01,8.253626e-01,7.861504e-01
8.140459e-03,3.228881e-01,2.837963e-01,8.904024e-01,8.513888e-01,1.457917e+00,1.418981e+00,4.288258e-01,3.897340e-01,1.208216e+00,1.169202e+00,1.987605e+00,1.948670e+00,1.952035e-01,1.561116e-01,5.073485e-01,4.683349e-01,8.194935e-01,7.805582e-01
8.256624e-03,3.210457e-01,2.822298e-01,8.854276e-01,8.466895e-01,1.449810e+00,1.411149e+00,4.257575e-01,3.869416e-01,1.199563e+00,1.160825e+00,1.973368e+00,1.934708e+00,1.938090e-01,1.549931e-01,5.037174e-01,4.649793e-01,8.136259e-01,7.749655e-01
8.374446e-03,3.192053e-01,2.806635e-01,8.804551e-01,8.419904e-01,1.441705e+00,1.403317e+00,4.226910e-01,3.841492e-01,1.190912e+00,1.152447e+00,1.959133e+00,1.920746e+00,1.924164e-01,1.538746e-01,5.000883e-01,4.616237e-01,8.077603e-01,7.693728e-01
8.493950e-03,3.173668e-01,2.790971e-01,8.754844e-01,8.372913e-01,1.433602e+00,1.395485e+00,4.197373e-01,3.814675e-01,1.182596e+00,1.144403e+00,1.945454e+00,1.907338e+00,1.910702e-01,1.528004e-01,4.965945e-01,4.584013e-01,8.021187e-01,7.640022e-01
8.615159e-03,3.155303e-01,2.775307e-01,8.705155e-01,8.325920e-01,1.425501e+00,1.387653e+00,4.167951e-01,3.787956e-01,1.174310e+00,1.136387e+00,1.931825e+00,1.893978e+00,1.897297e-01,1.517301e-01,4.931138e-01,4.551903e-01,7.964979e-01,7.586505e-01
8.738097e-03,3.137187e-01,2.759874e-01,8.656180e-01,8.279622e-01,1.417517e+00,1.379937e+00,4.138549e-01,3.761236e-01,1.166027e+00,1.128371e+00,1.918198e+00,1.880618e+00,1.883912e-01,1.506599e-01,4.896353e-01,4.519796e-01,7.908795e-01,7.532993e-01
8.862790e-03,3.119684e-01,2.745034e-01,8.609003e-01,8.235103e-01,1.409832e+00,1.372517e+00,4.109166e-01,3.734516e-01,1.157745e+00,1.120355e+00,1.904573e+00,1.867258e+00,1.870546e-01,1.495896e-01,4.861588e-01,4.487688e-01,7.852630e-01,7.479480e-01
8.989262e-03,3.102199e-01,2.730194e-01,8.561843e-01,8.190583e-01,1.402149e+00,1.365097e+00,4.079801e-01,3.707797e-01,1.149465e+00,1.112339e+00,1.890950e+00,1.853898e+00,1.857198e-01,1.485194e-01,4.826841e-01,4.455581e-01,7.796483e-01,7.425968e-01
9.117539e-03,3.084733e-01,2.715355e-01,8.514703e-01,8.146064e-01,1.394467e+00,1.357677e+00,4.051360e-01,3.681981e-01,1.141458e+00,1.104594e+00,1.877781e+00,1.840991e+00,1.844231e-01,1.474852e-01,4.793196e-01,4.424557e-01,7.742162e-01,7.374262e-01
9.247647e-03,3.067286e-01,2.700515e-01,8.467582e-01,8.101545e-01,1.386788e+00,1.350258e+00,4.023061e-01,3.656291e-01,1.133491e+00,1.096887e+00,1.864676e+00,1.828145e+00,1.831333e-01,1.464562e-01,4.759723e-01,4.393686e-01,7.688113e-01,7.322811e-01
9.379611e-03,3.049857e-01,2.685675e-01,8.420477e-01,8.057025e-01,1.379110e+00,1.342837e+00,3.994781e-01,3.630600e-01,1.125525e+00,1.089180e+00,1.851572e+00,1.815300e+00,1.818453e-01,1.454271e-01,4.726265e-01,4.362813e-01,7.634078e-01,7.271355e-01
9.513459e-03,3.032550e-01,2.670940e-01,8.373705e-01,8.012819e-01,1.371486e+00,1.335470e+00,3.966519e-01,3.604908e-01,1.117561e+00,1.081472e+00,1.838470e+00,1.802454e+00,1.805590e-01,1.443980e-01,4.692826e-01,4.331939e-01,7.580061e-01,7.219899e-01
9.649216e-03,3.015869e-01,2.656811e-01,8.328772e-01,7.970433e-01,1.364167e+00,1.328405e+00,3.938275e-01,3.579217e-01,1.109599e+00,1.073765e+00,1.825371e+00,1.789609e+00,1.792747e-01,1.433689e-01,4.659407e-01,4.301068e-01,7.526068e-01,7.168447e-01
9.786910e-03,2.999205e-01,2.642682e-01,8.283856e-01,7.928047e-01,1.356851e+00,1.321341e+00,3.910050e-01,3.553527e-01,1.101639e+00,1.066058e+00,1.812273e+00,1.776763e+00,1.779921e-01,1.423398e-01,4.626004e-01,4.270195e-01,7.472087e-01,7.116991e-01
9.926570e-03,2.982560e-01,2.628554e-01,8.238959e-01,7.885661e-01,1.349536e+00,1.314277e+00,3.882739e-01,3.528733e-01,1.093950e+00,1.058620e+00,1.799625e+00,1.764366e+00,1.767474e-01,1.413467e-01,4.593700e-01,4.240402e-01,7.419926e-01,7.067337e-01
1.006822e-02,2.965932e-01,2.614425e-01,8.194079e-01,7.843275e-01,1.342223e+00,1.307213e+00,3.855630e-01,3.504123e-01,1.086317e+00,1.051237e+00,1.787071e+00,1.752061e+00,1.755116e-01,1.403609e-01,4.561631e-01,4.210828e-01,7.368146e-01,7.018046e-01
1.021190e-02,2.949322e-01,2.600297e-01,8.149216e-01,7.800890e-01,1.334911e+00,1.300148e+00,3.828538e-01,3.479512e-01,1.078686e+00,1.043854e+00,1.774519e+00,1.739756e+00,1.742776e-01,1.393751e-01,4.529580e-01,4.181253e-01,7.316383e-01,6.968755e-01
1.035762e-02,2.933040e-01,2.586478e-01,8.105303e-01,7.759435e-01,1.327757e+00,1.293239e+00,3.801463e-01,3.454902e-01,1.071057e+00,1.036470e+00,1.761968e+00,1.727451e+00,1.730455e-01,1.383894e-01,4.497549e-01,4.151681e-01,7.264642e-01,6.919468e-01
1.050542e-02,2.917082e-01,2.572967e-01,8.062327e-01,7.718901e-01,1.320757e+00,1.286483e+00,3.774406e-01,3.430291e-01,1.063430e+00,1.029087e+00,1.749419e+00,1.715146e+00,1.718151e-01,1.374035e-01,4.465532e-01,4.122106e-01,7.212914e-01,6.870177e-01
1.065534e-02,2.901141e-01,2.559456e-01,8.019368e-01,7.678367e-01,1.313760e+00,1.279728e+00,3.747367e-01,3.405681e-01,1.055804e+00,1.021704e+00,1.736872e+00,1.702841e+00,1.705864e-01,1.364178e-01,4.433536e-01,4.092534e-01,7.161208e-01,6.820891e-01
1.080739e-02,2.885218e-01,2.545944e-01,7.976427e-01,7.637832e-01,1.306764e+00,1.272972e+00,3.721099e-01,3.381826e-01,1.048407e+00,1.014548e+00,1.724704e+00,1.690913e+00,1.693896e-01,1.354623e-01,4.402462e-01,4.063868e-01,7.111029e-01,6.773114e-01
1.096161e-02,2.869311e-01,2.532433e-01,7.933502e-01,7.597298e-01,1.299769e+00,1.266216e+00,3.695103e-01,3.358224e-01,1.041088e+00,1.007467e+00,1.712665e+00,1.679112e+00,1.682047e-01,1.345168e-01,4.371709e-01,4.035505e-01,7.061371e-01,6.725841e-01
1.111803e-02,2.853571e-01,2.519071e-01,7.891043e-01,7.557212e-01,1.292852e+00,1.259535e+00,3.669123e-01,3.334623e-01,1.033770e+00,1.000387e+00,1.700627e+00,1.667311e+00,1.670215e-01,1.335715e-01,4.340975e-01,4.007144e-01,7.011734e-01,6.678573e-01
1.127669e-02,2.838234e-01,2.506095e-01,7.849760e-01,7.518286e-01,1.286129e+00,1.253048e+00,3.643161e-01,3.311022e-01,1.026454e+00,9.933065e-01,1.688592e+00,1.655511e+00,1.658400e-01,1.326261e-01,4.310257e-01,3.978783e-01,6.962114e-01,6.631305e-01
1.143761e-02,2.822915e-01,2.493121e-01,7.808496e-01,7.479362e-01,1.279408e+00,1.246560e+00,3.617214e-01,3.287420e-01,1.019139e+00,9.862261e-01,1.676557e+00,1.643710e+00,1.646602e-01,1.316807e-01,4.279556e-01,3.950422e-01,6.912511e-01,6.584037e-01
1.160082e-02,2.807611e-01,2.480145e-01,7.767246e-01,7.440436e-01,1.272688e+00,1.240073e+00,3.591301e-01,3.263835e-01,1.011832e+00,9.791506e-01,1.664533e+00,1.631918e+00,1.634826e-01,1.307360e-01,4.248889e-01,3.922079e-01,6.862953e-01,6.536798e-01
1.176636e-02,2.792325e-01,2.467170e-01,7.726014e-01,7.401511e-01,1.265970e+00,1.233585e+00,3.566456e-01,3.241302e-01,1.004841e+00,9.723907e-01,1.653036e+00,1.620651e+00,1.623488e-01,1.298334e-01,4.219506e-01,3.895003e-01,6.815524e-01,6.491671e-01
1.193427e-02,2.777247e-01,2.454388e-01,7.685376e-01,7.363164e-01,1.259351e+00,1.227194e+00,3.541628e-01,3.218770e-01,9.978522e-01,9.656309e-01,1.641541e+00,1.609385e+00,1.612167e-01,1.289308e-01,4.190136e-01,3.867924e-01,6.768106e-01,6.446540e-01
1.210457e-02,2.762459e-01,2.441879e-01,7.645575e-01,7.325638e-01,1.252869e+00,1.220940e+00,3.516816e-01,3.196237e-01,9.908648e-01,9.588710e-01,1.630048e+00,1.598118e+00,1.600862e-01,1.280283e-01,4.160786e-01,3.840848e-01,6.720709e-01,6.401414e-01
1.227731e-02,2.747686e-01,2.429370e-01,7.605789e-01,7.288110e-01,1.246389e+00,1.214685e+00,3.492020e-01,3.173704e-01,9.838790e-01,9.521111e-01,1.618556e+00,1.586852e+00,1.589573e-01,1.271256e-01,4.131448e-01,3.813769e-01,6.673324e-01,6.356282e-01
1.245250e-02,2.732930e-01,2.416861e-01,7.566020e-01,7.250584e-01,1.239911e+00,1.208431e+00,3.467240e-01,3.151171e-01,9.768948e-01,9.453512e-01,1.607066e+00,1.575585e+00,1.578300e-01,1.262231e-01,4.102130e-01,3.786693e-01,6.625959e-01,6.311156e-01
1.263020e-02,2.718190e-01,2.404353e-01,7.526267e-01,7.213058e-01,1.233434e+00,1.202176e+00,3.442475e-01,3.128638e-01,9.699122e-01,9.385913e-01,1.595577e+00,1.564319e+00,1.567043e-01,1.253205e-01,4.072824e-01,3.759615e-01,6.578606e-01,6.266024e-01
1.281043e-02,2.703960e-01,2.392338e-01,7.488012e-01,7.177013e-01,1.227206e+00,1.196169e+00,3.417727e-01,3.106105e-01,9.629312e-01,9.318314e-01,1.584090e+00,1.553052e+00,1.555802e-01,1.244180e-01,4.043537e-01,3.732539e-01,6.531272e-01,6.220898e-01
1.299324e-02,2.689825e-01,2.380403e-01,7.450011e-01,7.141208e-01,1.221020e+00,1.190201e+00,3.393584e-01,3.084162e-01,9.561289e-01,9.252486e-01,1.572899e+00,1.542081e+00,1.544812e-01,1.235390e-01,4.014973e-01,3.706170e-01,6.485134e-01,6.176950e-01
1.317865e-02,2.675706e-01,2.368468e-01,7.412026e-01,7.105403e-01,1.214835e+00,1.184234e+00,3.369765e-01,3.062527e-01,9.494203e-01,9.187580e-01,1.561864e+00,1.531263e+00,1.533962e-01,1.226724e-01,3.986795e-01,3.680172e-01,6.439629e-01,6.133621e-01
1.336671e-02,2.661602e-01,2.356533e-01,7.374056e-01,7.069598e-01,1.208651e+00,1.178266e+00,3.345960e-01,3.040891e-01,9.427131e-01,9.122672e-01,1.550830e+00,1.520445e+00,1.523126e-01,1.218057e-01,3.958630e-01,3.654172e-01,6.394134e-01,6.090286e-01
1.355746e-02,2.647513e-01,2.344597e-01,7.336101e-01,7.033792e-01,1.202469e+00,1.172299e+00,3.322170e-01,3.019255e-01,9.360074e-01,9.057765e-01,1.539798e+00,1.509627e+00,1.512307e-01,1.209391e-01,3.930483e-01,3.628174e-01,6.348659e-01,6.046957e-01
1.375092e-02,2.633439e-01,2.332662e-01,7.298160e-01,6.997985e-01,1.196288e+00,1.166331e+00,3.298872e-01,2.998095e-01,9.294459e-01,8.994284e-01,1.529005e+00,1.499047e+00,1.501692e-01,1.200915e-01,3.902920e-01,3.602745e-01,6.304148e-01,6.004575e-01
1.394715e-02,2.619380e-01,2.320727e-01,7.260236e-01,6.962180e-01,1.190109e+00,1.160363e+00,3.275958e-01,2.977304e-01,9.229968e-01,8.931912e-01,1.518398e+00,1.488652e+00,1.491241e-01,1.192588e-01,3.875819e-01,3.577763e-01,6.260396e-01,5.962939e-01
1.414617e-02,2.605337e-01,2.308792e-01,7.222327e-01,6.926375e-01,1.183932e+00,1.154396e+00,3.253059e-01,2.956514e-01,9.165492e-01,8.869541e-01,1.507793e+00,1.478257e+00,1.480805e-01,1.184259e-01,3.848730e-01,3.552778e-01,6.216655e-01,5.921297e-01
1.434804e-02,2.591642e-01,2.297190e-01,7.185433e-01,6.891571e-01,1.177922e+00,1.148595e+00,3.230175e-01,2.935723e-01,9.101031e-01,8.807169e-01,1.497189e+00,1.467861e+00,1.470383e-01,1.175931e-01,3.821656e-01,3.527794e-01,6.172929e-01,5.879656e-01
1.455279e-02,2.578229e-01,2.285855e-01,7.149354e-01,6.857566e-01,1.172048e+00,1.142928e+00,3.207306e-01,2.914932e-01,9.036585e-01,8.744797e-01,1.486586e+00,1.457466e+00,1.459977e-01,1.167604e-01,3.794600e-01,3.502812e-01,6.129222e-01,5.838020e-01
1.476046e-02,2.564830e-01,2.274521e-01,7.113292e-01,6.823564e-01,1.166175e+00,1.137261e+00,3.184451e-01,2.894142e-01,8.972154e-01,8.682426e-01,1.475986e+00,1.447071e+00,1.449585e-01,1.159276e-01,3.767555e-01,3.477827e-01,6.085525e-01,5.796379e-01
1.497109e-02,2.551446e-01,2.263187e-01,7.077242e-01,6.789560e-01,1.160304e+00,1.131593e+00,3.161611e-01,2.873351e-01,8.907737e-01,8.620054e-01,1.465386e+00,1.436676e+00,1.439208e-01,1.150948e-01,3.740528e-01,3.452845e-01,6.041848e-01,5.754742e-01
1.518473e-02,2.538077e-01,2.251852e-01,7.041209e-01,6.755557e-01,1.154434e+00,1.125926e+00,3.139197e-01,2.852972e-01,8.844568e-01,8.558916e-01,1.454994e+00,1.426486e+00,1.429010e-01,1.142785e-01,3.714007e-01,3.428356e-01,5.999005e-01,5.713927e-01
1.540141e-02,2.524722e-01,2.240518e-01,7.005190e-01,6.721555e-01,1.148566e+00,1.120259e+00,3.117430e-01,2.833226e-01,8.783313e-01,8.499678e-01,1.444920e+00,1.416613e+00,1.419080e-01,1.134876e-01,3.688263e-01,3.404628e-01,5.957446e-01,5.674379e-01
1.562119e-02,2.511381e-01,2.229184e-01,6.969183e-01,6.687551e-01,1.142699e+00,1.114592e+00,3.095678e-01,2.813480e-01,8.722073e-01,8.440441e-01,1.434847e+00,1.406740e+00,1.409164e-01,1.126966e-01,3.662532e-01,3.380899e-01,5.915900e-01,5.634832e-01
1.584411e-02,2.498107e-01,2.217901e-01,6.933349e-01,6.653704e-01,1.136859e+00,1.108951e+00,3.073940e-01,2.793735e-01,8.660848e-01,8.381204e-01,1.424776e+00,1.396867e+00,1.399262e-01,1.119057e-01,3.636816e-01,3.357171e-01,5.874369e-01,5.595285e-01
1.607020e-02,2.485217e-01,2.206990e-01,6.898640e-01,6.620970e-01,1.131206e+00,1.103495e+00,3.052216e-01,2.773989e-01,8.599637e-01,8.321967e-01,1.414706e+00,1.386995e+00,1.389375e-01,1.111148e-01,3.611113e-01,3.333443e-01,5.832852e-01,5.555738e-01
1.629952e-02,2.472341e-01,2.196078e-01,6.863943e-01,6.588233e-01,1.125555e+00,1.098039e+00,3.030507e-01,2.754243e-01,8.538440e-01,8.262730e-01,1.404637e+00,1.377122e+00,1.379501e-01,1.103238e-01,3.585425e-01,3.309715e-01,5.791348e-01,5.516191e-01
1.653212e-02,2.459478e-01,2.185166e-01,6.829260e-01,6.555497e-01,1.119904e+00,1.092583e+00,3.008811e-01,2.734498e-01,8.477257e-01,8.203494e-01,1.394570e+00,1.367249e+00,1.369643e-01,1.095330e-01,3.559753e-01,3.285989e-01,5.749863e-01,5.476649e-01
1.676803e-02,2.446630e-01,2.174253e-01,6.794591e-01,6.522760e-01,1.114255e+00,1.087127e+00,2.987129e-01,2.714753e-01,8.416090e-01,8.144258e-01,1.384505e+00,1.357376e+00,1.359797e-01,1.087420e-01,3.534092e-01,3.262261e-01,5.708388e-01,5.437102e-01
1.700731e-02,2.433795e-01,2.163341e-01,6.759935e-01,6.490023e-01,1.108608e+00,1.081671e+00,2.966313e-01,2.695859e-01,8.357491e-01,8.087578e-01,1.374867e+00,1.347930e+00,1.350306e-01,1.079852e-01,3.509469e-01,3.239557e-01,5.668633e-01,5.399262e-01
1.725001e-02,2.420973e-01,2.152429e-01,6.725294e-01,6.457287e-01,1.102961e+00,1.076214e+00,2.945510e-01,2.676966e-01,8.298905e-01,8.030898e-01,1.365230e+00,1.338483e+00,1.340829e-01,1.072284e-01,3.484860e-01,3.216853e-01,5.628891e-01,5.361422e-01
1.749617e-02,2.408273e-01,2.141625e-01,6.690988e-01,6.424874e-01,1.097370e+00,1.070812e+00,2.924721e-01,2.658072e-01,8.240331e-01,7.974217e-01,1.355594e+00,1.329036e+00,1.331365e-01,1.064717e-01,3.460264e-01,3.194150e-01,5.589163e-01,5.323583e-01
1.774584e-02,2.395746e-01,2.130980e-01,6.657177e-01,6.392941e-01,1.091861e+00,1.065490e+00,2.903945e-01,2.639179e-01,8.181773e-01,7.917537e-01,1.345960e+00,1.319589e+00,1.321914e-01,1.057148e-01,3.435679e-01,3.171443e-01,5.549444e-01,5.285738e-01
1.799907e-02,2.383233e-01,2.120336e-01,6.623379e-01,6.361008e-01,1.086352e+00,1.060168e+00,2.883182e-01,2.620286e-01,8.123227e-01,7.860857e-01,1.336327e+00,1.310143e+00,1.312477e-01,1.049580e-01,3.411110e-01,3.148739e-01,5.509743e-01,5.247898e-01
1.825592e-02,2.370733e-01,2.109692e-01,6.589594e-01,6.329076e-01,1.080846e+00,1.054846e+00,2.863131e-01,2.602090e-01,8.066788e-01,7.806270e-01,1.327045e+00,1.301045e+00,1.303333e-01,1.042292e-01,3.387394e-01,3.126876e-01,5.471455e-01,5.211459e-01
1.851643e-02,2.358246e-01,2.099048e-01,6.555824e-01,6.297145e-01,1.075340e+00,1.049524e+00,2.843122e-01,2.583924e-01,8.010451e-01,7.751772e-01,1.317778e+00,1.291962e+00,1.294214e-01,1.035015e-01,3.363725e-01,3.105046e-01,5.433237e-01,5.175077e-01
1.878066e-02,2.345772e-01,2.088404e-01,6.522065e-01,6.265212e-01,1.069836e+00,1.044202e+00,2.823126e-01,2.565758e-01,7.954126e-01,7.697273e-01,1.308513e+00,1.282879e+00,1.285107e-01,1.027739e-01,3.340070e-01,3.083217e-01,5.395032e-01,5.138695e-01
1.904866e-02,2.333346e-01,2.077795e-01,6.488424e-01,6.233384e-01,1.064350e+00,1.038897e+00,2.803143e-01,2.547591e-01,7.897813e-01,7.642774e-01,1.299248e+00,1.273796e+00,1.276013e-01,1.020462e-01,3.316424e-01,3.061385e-01,5.356836e-01,5.102308e-01
1.932048e-02,2.321030e-01,2.067283e-01,6.455088e-01,6.201848e-01,1.058915e+00,1.033641e+00,2.783172e-01,2.529425e-01,7.841514e-01,7.588274e-01,1.289986e+00,1.264712e+00,1.266932e-01,1.013185e-01,3.292795e-01,3.039555e-01,5.318657e-01,5.065925e-01
1.959619e-02,2.308726e-01,2.056770e-01,6.421762e-01,6.170311e-01,1.053480e+00,1.028385e+00,2.763214e-01,2.511258e-01,7.785227e-01,7.533775e-01,1.280724e+00,1.255629e+00,1.257865e-01,1.005909e-01,3.269177e-01,3.017726e-01,5.280490e-01,5.029543e-01
1.987583e-02,2.296436e-01,2.046258e-01,6.388452e-01,6.138775e-01,1.048047e+00,1.023129e+00,2.744003e-01,2.493826e-01,7.731154e-01,7.481477e-01,1.271830e+00,1.246913e+00,1.249103e-01,9.989255e-02,3.246453e-01,2.996776e-01,5.243803e-01,4.994627e-01
2.015946e-02,2.284157e-01,2.035746e-01,6.355151e-01,6.107238e-01,1.042615e+00,1.017873e+00,2.724876e-01,2.476464e-01,7.677307e-01,7.429393e-01,1.262974e+00,1.238232e+00,1.240383e-01,9.919716e-02,3.223829e-01,2.975915e-01,5.207274e-01,4.959858e-01
2.044713e-02,2.271892e-01,2.025234e-01,6.321866e-01,6.075702e-01,1.037184e+00,1.012617e+00,2.705761e-01,2.459104e-01,7.623475e-01,7.377311e-01,1.254119e+00,1.229552e+00,1.231674e-01,9.850168e-02,3.201214e-01,2.955050e-01,5.170754e-01,4.925084e-01
2.073891e-02,2.259644e-01,2.014728e-01,6.288610e-01,6.044184e-01,1.031758e+00,1.007364e+00,2.686659e-01,2.441742e-01,7.569653e-01,7.325227e-01,1.245265e+00,1.220871e+00,1.222979e-01,9.780629e-02,3.178615e-01,2.934189e-01,5.134250e-01,4.890315e-01
2.103486e-02,2.247413e-01,2.004226e-01,6.255379e-01,6.012679e-01,1.026334e+00,1.002113e+00,2.667568e-01,2.424381e-01,7.515844e-01,7.273143e-01,1.236412e+00,1.212191e+00,1.214295e-01,9.711081e-02,3.156025e-01,2.913324e-01,5.097754e-01,4.855541e-01
2.133503e-02,2.235194e-01,1.993724e-01,6.222158e-01,5.981171e-01,1.020912e+00,9.968619e-01,2.648490e-01,2.407020e-01,7.462047e-01,7.221060e-01,1.227560e+00,1.203510e+00,1.205625e-01,9.641542e-02,3.133450e-01,2.892463e-01,5.061275e-01,4.820771e-01
2.163948e-02,2.222988e-01,1.983222e-01,6.188951e-01,5.949666e-01,1.015492e+00,9.916110e-01,2.629542e-01,2.389776e-01,7.408613e-01,7.169328e-01,1.218769e+00,1.194888e+00,1.197012e-01,9.572466e-02,3.111025e-01,2.871740e-01,5.025039e-01,4.786233e-01
2.194827e-02,2.210793e-01,1.972720e-01,6.155755e-01,5.918159e-01,1.010072e+00,9.863598e-01,2.611231e-01,2.373158e-01,7.357071e-01,7.119475e-01,1.210291e+00,1.186579e+00,1.188664e-01,9.505908e-02,3.089369e-01,2.851772e-01,4.990074e-01,4.752954e-01
2.226147e-02,2.198534e-01,1.962142e-01,6.122344e-01,5.886425e-01,1.004615e+00,9.810709e-01,2.592933e-01,2.356541e-01,7.305542e-01,7.069623e-01,1.201815e+00,1.178271e+00,1.180326e-01,9.439341e-02,3.067721e-01,2.831802e-01,4.955116e-01,4.719670e-01
2.257915e-02,2.186169e-01,1.951445e-01,6.088589e-01,5.854335e-01,9.991009e-01,9.757225e-01,2.574647e-01,2.339923e-01,7.254024e-01,7.019770e-01,1.193340e+00,1.169962e+00,1.172002e-01,9.372780e-02,3.046088e-01,2.811834e-01,4.920174e-01,4.686390e-01
2.290135e-02,2.173814e-01,1.940748e-01,6.054844e-01,5.822244e-01,9.935873e-01,9.703740e-01,2.556372e-01,2.323306e-01,7.202517e-01,6.969917e-01,1.184866e+00,1.161653e+00,1.163688e-01,9.306217e-02,3.024465e-01,2.791865e-01,4.885242e-01,4.653109e-01
2.322815e-02,2.161473e-01,1.930051e-01,6.021112e-01,5.790154e-01,9.880751e-01,9.650257e-01,2.538109e-01,2.306688e-01,7.151022e-01,6.920064e-01,1.176393e+00,1.153344e+00,1.155387e-01,9.239655e-02,3.002854e-01,2.771896e-01,4.850322e-01,4.619827e-01
2.355962e-02,2.149142e-01,1.919354e-01,5.987390e-01,5.758063e-01,9.825638e-01,9.596771e-01,2.520133e-01,2.290345e-01,7.100363e-01,6.871035e-01,1.168059e+00,1.145173e+00,1.147207e-01,9.174192e-02,2.981585e-01,2.752258e-01,4.815963e-01,4.587096e-01
2.389582e-02,2.136823e-01,1.908658e-01,5.953681e-01,5.725973e-01,9.770540e-01,9.543288e-01,2.502380e-01,2.274215e-01,7.050354e-01,6.822645e-01,1.159833e+00,1.137108e+00,1.139123e-01,9.109581e-02,2.960583e-01,2.732874e-01,4.782042e-01,4.554790e-01
2.423681e-02,2.124515e-01,1.897960e-01,5.919982e-01,5.693881e-01,9.715450e-01,9.489802e-01,2.484640e-01,2.258085e-01,7.000356e-01,6.774255e-01,1.151607e+00,1.129043e+00,1.131051e-01,9.044970e-02,2.939592e-01,2.713491e-01,4.748132e-01,4.522485e-01
2.458267e-02,2.112219e-01,1.887264e-01,5.886296e-01,5.661792e-01,9.660374e-01,9.436319e-01,2.467152e-01,2.242197e-01,6.951096e-01,6.726591e-01,1.143504e+00,1.121099e+00,1.123088e-01,8.981331e-02,2.918904e-01,2.694399e-01,4.714720e-01,4.490666e-01
2.493347e-02,2.099934e-01,1.876567e-01,5.852620e-01,5.629700e-01,9.605306e-01,9.382834e-01,2.449750e-01,2.226383e-01,6.902070e-01,6.679150e-01,1.135439e+00,1.113192e+00,1.115166e-01,8.917987e-02,2.898316e-01,2.675396e-01,4.681466e-01,4.458994e-01
2.528927e-02,2.087660e-01,1.865870e-01,5.818956e-01,5.597610e-01,9.550253e-01,9.329350e-01,2.432360e-01,2.210570e-01,6.853055e-01,6.631709e-01,1.127375e+00,1.105285e+00,1.107255e-01,8.854644e-02,2.877739e-01,2.656393e-01,4.648224e-01,4.427322e-01
2.565015e-02,2.074454e-01,1.854230e-01,5.782474e-01,5.562690e-01,9.490493e-01,9.271150e-01,2.415448e-01,2.195223e-01,6.805454e-01,6.585670e-01,1.119546e+00,1.097612e+00,1.099544e-01,8.793195e-02,2.857742e-01,2.637958e-01,4.615940e-01,4.396597e-01
2.601618e-02,2.061231e-01,1.842561e-01,5.745915e-01,5.527683e-01,9.430599e-01,9.212805e-01,2.398561e-01,2.179892e-01,6.757907e-01,6.539675e-01,1.111725e+00,1.089946e+00,1.091850e-01,8.731805e-02,2.837773e-01,2.619542e-01,4.583697e-01,4.365903e-01
2.638743e-02,2.048018e-01,1.830892e-01,5.709367e-01,5.492676e-01,9.370717e-01,9.154460e-01,2.381686e-01,2.164560e-01,6.710371e-01,6.493680e-01,1.103906e+00,1.082280e+00,1.084168e-01,8.670415e-02,2.817816e-01,2.601125e-01,4.551464e-01,4.335208e-01
2.676398e-02,2.034816e-01,1.819223e-01,5.672830e-01,5.457669e-01,9.310845e-01,9.096115e-01,2.364821e-01,2.149228e-01,6.662846e-01,6.447684e-01,1.096087e+00,1.074614e+00,1.076496e-01,8.609025e-02,2.797869e-01,2.582707e-01,4.519242e-01,4.304512e-01
2.714590e-02,2.021625e-01,1.807554e-01,5.636304e-01,5.422662e-01,9.250984e-01,9.037770e-01,2.347967e-01,2.133896e-01,6.615331e-01,6.401689e-01,1.088270e+00,1.066948e+00,1.068835e-01,8.547635e-02,2.777933e-01,2.564291e-01,4.487032e-01,4.273818e-01
2.753327e-02,2.008445e-01,1.795885e-01,5.599789e-01,5.387655e-01,9.191133e-01,8.979424e-01,2.331124e-01,2.118564e-01,6.567828e-01,6.355693e-01,1.080453e+00,1.059282e+00,1.061185e-01,8.486245e-02,2.758008e-01,2.545874e-01,4.454832e-01,4.243123e-01
2.792617e-02,1.995275e-01,1.784216e-01,5.563284e-01,5.352648e-01,9.131294e-01,8.921079e-01,2.314918e-01,2.103858e-01,6.522212e-01,6.311575e-01,1.072951e+00,1.051929e+00,1.053795e-01,8.427358e-02,2.738844e-01,2.528207e-01,4.423893e-01,4.213679e-01
2.832468e-02,1.982116e-01,1.772547e-01,5.526790e-01,5.317640e-01,9.071464e-01,8.862734e-01,2.298827e-01,2.089258e-01,6.476924e-01,6.267774e-01,1.065502e+00,1.044629e+00,1.046459e-01,8.368896e-02,2.719819e-01,2.510669e-01,4.393179e-01,4.184448e-01
2.872887e-02,1.968968e-01,1.760878e-01,5.490307e-01,5.282633e-01,9.011646e-01,8.804389e-01,2.282748e-01,2.074658e-01,6.431646e-01,6.223973e-01,1.058055e+00,1.037329e+00,1.039133e-01,8.310435e-02,2.700804e-01,2.493130e-01,4.362474e-01,4.155217e-01
2.913883e-02,1.955830e-01,1.749209e-01,5.453834e-01,5.247626e-01,8.951837e-01,8.746044e-01,2.266679e-01,2.060058e-01,6.386381e-01,6.180174e-01,1.050608e+00,1.030029e+00,1.031818e-01,8.251972e-02,2.681799e-01,2.475592e-01,4.331780e-01,4.125986e-01
2.955465e-02,1.942702e-01,1.737540e-01,5.417371e-01,5.212619e-01,8.892039e-01,8.687699e-01,2.250620e-01,2.045458e-01,6.341124e-01,6.136373e-01,1.043163e+00,1.022729e+00,1.024513e-01,8.193510e-02,2.662805e-01,2.458053e-01,4.301096e-01,4.096755e-01
2.997639e-02,1.929585e-01,1.725871e-01,5.380918e-01,5.177612e-01,8.832252e-01,8.629353e-01,2.234571e-01,2.030857e-01,6.295878e-01,6.092572e-01,1.035718e+00,1.015429e+00,1.017219e-01,8.135048e-02,2.643820e-01,2.440514e-01,4.270422e-01,4.067524e-01
3.040416e-02,1.916231e-01,1.713955e-01,5.343735e-01,5.141865e-01,8.771240e-01,8.569774e-01,2.218533e-01,2.016257e-01,6.250642e-01,6.048771e-01,1.028275e+00,1.008129e+00,1.009934e-01,8.076586e-02,2.624847e-01,2.422976e-01,4.239759e-01,4.038293e-01
3.083802e-02,1.902841e-01,1.701993e-01,5.306425e-01,5.105979e-01,8.710009e-01,8.509966e-01,2.202622e-01,2.001774e-01,6.205768e-01,6.005322e-01,1.020891e+00,1.000887e+00,1.002707e-01,8.018591e-02,2.606023e-01,2.405577e-01,4.209339e-01,4.009296e-01
3.127808e-02,1.889461e-01,1.690031e-01,5.269125e-01,5.070094e-01,8.648789e-01,8.450157e-01,2.187317e-01,1.987887e-01,6.162693e-01,5.963662e-01,1.013807e+00,9.939437e-01,9.957285e-02,7.962986e-02,2.587926e-01,2.388896e-01,4.180124e-01,3.981493e-01
3.172442e-02,1.876092e-01,1.678070e-01,5.231835e-01,5.034209e-01,8.587578e-01,8.390349e-01,2.172023e-01,1.974001e-01,6.119628e-01,5.922002e-01,1.006723e+00,9.870004e-01,9.887601e-02,7.907380e-02,2.569840e-01,2.372214e-01,4.150919e-01,3.953690e-01
3.217713e-02,1.861834e-01,1.665210e-01,5.191860e-01,4.995629e-01,8.521886e-01,8.326049e-01,2.156738e-01,1.960114e-01,6.076573e-01,5.880343e-01,9.996408e-01,9.800571e-01,9.818016e-02,7.851775e-02,2.551763e-01,2.355532e-01,4.121724e-01,3.925887e-01
3.263630e-02,1.845487e-01,1.650251e-01,5.145597e-01,4.950752e-01,8.445708e-01,8.251254e-01,2.141464e-01,1.946228e-01,6.033528e-01,5.838683e-01,9.925592e-01,9.731138e-01,9.748530e-02,7.796169e-02,2.533696e-01,2.338851e-01,4.092539e-01,3.898085e-01
3.310202e-02,1.829150e-01,1.635292e-01,5.099345e-01,4.905875e-01,8.369541e-01,8.176459e-01,2.126199e-01,1.932341e-01,5.990493e-01,5.797023e-01,9.854786e-01,9.661705e-01,9.679140e-02,7.740563e-02,2.515638e-01,2.322169e-01,4.063363e-01,3.870281e-01
3.357439e-02,1.812821e-01,1.620332e-01,5.053101e-01,4.860997e-01,8.293380e-01,8.101661e-01,2.110944e-01,1.918454e-01,5.947467e-01,5.755363e-01,9.783990e-01,9.592272e-01,9.609849e-02,7.684957e-02,2.497591e-01,2.305487e-01,4.034197e-01,3.842479e-01
3.405349e-02,1.796504e-01,1.605373e-01,5.006867e-01,4.816120e-01,8.217231e-01,8.026866e-01,2.096173e-01,1.905042e-01,5.905874e-01,5.715126e-01,9.715576e-01,9.525211e-01,9.542555e-02,7.631251e-02,2.480123e-01,2.289375e-01,4.005991e-01,3.815626e-01
3.453944e-02,1.780195e-01,1.590414e-01,4.960644e-01,4.771243e-01,8.141093e-01,7.952071e-01,2.081590e-01,1.891809e-01,5.864828e-01,5.675427e-01,9.648065e-01,9.459044e-01,9.476072e-02,7.578262e-02,2.462880e-01,2.273478e-01,3.978152e-01,3.789131e-01
3.503232e-02,1.763897e-01,1.575455e-01,4.914430e-01,4.726366e-01,8.064963e-01,7.877276e-01,2.067017e-01,1.878576e-01,5.823792e-01,5.635728e-01,9.580567e-01,9.392880e-01,9.409685e-02,7.525273e-02,2.445646e-01,2.257582e-01,3.950323e-01,3.762636e-01
3.553223e-02,1.747607e-01,1.560496e-01,4.868225e-01,4.681489e-01,7.988843e-01,7.802482e-01,2.052454e-01,1.865343e-01,5.782765e-01,5.596028e-01,9.513076e-01,9.326714e-01,9.343393e-02,7.472283e-02,2.428421e-01,2.241685e-01,3.922503e-01,3.736142e-01
3.603928e-02,1.731327e-01,1.545537e-01,4.822030e-01,4.636612e-01,7.912733e-01,7.727687e-01,2.037899e-01,1.852109e-01,5.741746e-01,5.556328e-01,9.445593e-01,9.260547e-01,9.277194e-02,7.419293e-02,2.411206e-01,2.225788e-01,3.894693e-01,3.709647e-01
3.655356e-02,1.715040e-01,1.530561e-01,4.775793e-01,4.591684e-01,7.836547e-01,7.652807e-01,2.023355e-01,1.838877e-01,5.700739e-01,5.516630e-01,9.378123e-01,9.194384e-01,9.211088e-02,7.366304e-02,2.394000e-01,2.209891e-01,3.866892e-01,3.683152e-01
3.707518e-02,1.698422e-01,1.515246e-01,4.728547e-01,4.545737e-01,7.758672e-01,7.576229e-01,2.008819e-01,1.825643e-01,5.659740e-01,5.476930e-01,9.310660e-01,9.128217e-01,9.145075e-02,7.313314e-02,2.376804e-01,2.193994e-01,3.839100e-01,3.656657e-01
3.760424e-02,1.681813e-01,1.499930e-01,4.681309e-01,4.499791e-01,7.680806e-01,7.499651e-01,1.994665e-01,1.812782e-01,5.619864e-01,5.438345e-01,9.245063e-01,9.063908e-01,9.080638e-02,7.261809e-02,2.360061e-01,2.178543e-01,3.812059e-01,3.630904e-01
3.814085e-02,1.665213e-01,1.484614e-01,4.634079e-01,4.453842e-01,7.602945e-01,7.423070e-01,1.980813e-01,1.800214e-01,5.580880e-01,5.400643e-01,9.180947e-01,9.001071e-01,9.017473e-02,7.211484e-02,2.343683e-01,2.163445e-01,3.785618e-01,3.605742e-01
3.868513e-02,1.648622e-01,1.469298e-01,4.586860e-01,4.407895e-01,7.525098e-01,7.346492e-01,1.966970e-01,1.787646e-01,5.541904e-01,5.362939e-01,9.116837e-01,8.938231e-01,8.954398e-02,7.161158e-02,2.327312e-01,2.148347e-01,3.759185e-01,3.580579e-01
3.923716e-02,1.632041e-01,1.453983e-01,4.539650e-01,4.361948e-01,7.447258e-01,7.269913e-01,1.953137e-01,1.775079e-01,5.502938e-01,5.325237e-01,9.052740e-01,8.875394e-01,8.891414e-02,7.110833e-02,2.310951e-01,2.133250e-01,3.732762e-01,3.555416e-01
3.979708e-02,1.615468e-01,1.438667e-01,4.492448e-01,4.316001e-01,7.369428e-01,7.193335e-01,1.939313e-01,1.762512e-01,5.463982e-01,5.287535e-01,8.988651e-01,8.812558e-01,8.828517e-02,7.060507e-02,2.294599e-01,2.118152e-01,3.706347e-01,3.530253e-01
4.036498e-02,1.598904e-01,1.423351e-01,4.445256e-01,4.270054e-01,7.291607e-01,7.116757e-01,1.925497e-01,1.749944e-01,5.425034e-01,5.249832e-01,8.924571e-01,8.749721e-01,8.765711e-02,7.010182e-02,2.278256e-01,2.103055e-01,3.679941e-01,3.505091e-01
4.094099e-02,1.582349e-01,1.408036e-01,4.398072e-01,4.224107e-01,7.213795e-01,7.040179e-01,1.911690e-01,1.737377e-01,5.386095e-01,5.212130e-01,8.860499e-01,8.686884e-01,8.702992e-02,6.959856e-02,2.261921e-01,2.087957e-01,3.653544e-01,3.479928e-01
4.152522e-02,1.565803e-01,1.392720e-01,4.350897e-01,4.178160e-01,7.135991e-01,6.963601e-01,1.897982e-01,1.724899e-01,5.347432e-01,5.174696e-01,8.796883e-01,8.624493e-01,8.640718e-02,6.909887e-02,2.245703e-01,2.072966e-01,3.627334e-01,3.454944e-01
4.211779e-02,1.549266e-01,1.377405e-01,4.303731e-01,4.132214e-01,7.058196e-01,6.887023e-01,1.884735e-01,1.712873e-01,5.310137e-01,5.138620e-01,8.735540e-01,8.564367e-01,8.580345e-02,6.861734e-02,2.230037e-01,2.058520e-01,3.602040e-01,3.430867e-01
4.271881e-02,1.532737e-01,1.362089e-01,4.256573e-01,4.086267e-01,6.980409e-01,6.810445e-01,1.871496e-01,1.700848e-01,5.272851e-01,5.102545e-01,8.674207e-01,8.504242e-01,8.520059e-02,6.813580e-02,2.214380e-01,2.044074e-01,3.576755e-01,3.406790e-01
4.332841e-02,1.516085e-01,1.346642e-01,4.209030e-01,4.039926e-01,6.901975e-01,6.733210e-01,1.858267e-01,1.688823e-01,5.235574e-01,5.066470e-01,8.612881e-01,8.444117e-01,8.459858e-02,6.765426e-02,2.198732e-01,2.029628e-01,3.551478e-01,3.382713e-01
4.394671e-02,1.499318e-01,1.331072e-01,4.161125e-01,3.993215e-01,6.822931e-01,6.655358e-01,1.845046e-01,1.676799e-01,5.198307e-01,5.030397e-01,8.551568e-01,8.383994e-01,8.399742e-02,6.717272e-02,2.183092e-01,2.015182e-01,3.526209e-01,3.358636e-01
4.457383e-02,1.482560e-01,1.315501e-01,4.113228e-01,3.946503e-01,6.743895e-01,6.577505e-01,1.831891e-01,1.664831e-01,5.161219e-01,4.994494e-01,8.490547e-01,8.324156e-01,8.339940e-02,6.669348e-02,2.167529e-01,2.000804e-01,3.501064e-01,3.334674e-01
4.520990e-02,1.465810e-01,1.299930e-01,4.065339e-01,3.899791e-01,6.664868e-01,6.499652e-01,1.819149e-01,1.653269e-01,5.125355e-01,4.959808e-01,8.431562e-01,8.266346e-01,8.281847e-02,6.623049e-02,2.152462e-01,1.986915e-01,3.476740e-01,3.311524e-01
4.585504e-02,1.449069e-01,1.284360e-01,4.017458e-01,3.853079e-01,6.585848e-01,6.421799e-01,1.806416e-01,1.641707e-01,5.089500e-01,4.925121e-01,8.372585e-01,8.208535e-01,8.223837e-02,6.576749e-02,2.137404e-01,1.973025e-01,3.452424e-01,3.288374e-01
4.650940e-02,1.432335e-01,1.268789e-01,3.969586e-01,3.806368e-01,6.506837e-01,6.343946e-01,1.793692e-01,1.630146e-01,5.053655e-01,4.890437e-01,8.313619e-01,8.150728e-01,8.165909e-02,6.530449e-02,2.122353e-01,1.959135e-01,3.428116e-01,3.265224e-01
4.717309e-02,1.415610e-01,1.253219e-01,3.921722e-01,3.759656e-01,6.427834e-01,6.266093e-01,1.780975e-01,1.618583e-01,5.017817e-01,4.855750e-01,8.254658e-01,8.092917e-01,8.108065e-02,6.484150e-02,2.107311e-01,1.945245e-01,3.403816e-01,3.242075e-01
4.784625e-02,1.397161e-01,1.235916e-01,3.868670e-01,3.707748e-01,6.340179e-01,6.179580e-01,1.768267e-01,1.607022e-01,4.981988e-01,4.821066e-01,8.195709e-01,8.035109e-01,8.050301e-02,6.437850e-02,2.092277e-01,1.931355e-01,3.379524e-01,3.218925e-01
4.852902e-02,1.377704e-01,1.217597e-01,3.812577e-01,3.652791e-01,6.247451e-01,6.087985e-01,1.755603e-01,1.595497e-01,4.946276e-01,4.786490e-01,8.136948e-01,7.977483e-01,7.992765e-02,6.391697e-02,2.077295e-01,1.917509e-01,3.355314e-01,3.195848e-01
4.922153e-02,1.358154e-01,1.199178e-01,3.756191e-01,3.597533e-01,6.154228e-01,5.995888e-01,1.743397e-01,1.584421e-01,4.911921e-01,4.753263e-01,8.080445e-01,7.922105e-01,7.937110e-02,6.347345e-02,2.062862e-01,1.904203e-01,3.332012e-01,3.173672e-01
4.992392e-02,1.338612e-01,1.180758e-01,3.699812e-01,3.542274e-01,6.061012e-01,5.903790e-01,1.731200e-01,1.573346e-01,4.877576e-01,4.720038e-01,8.023952e-01,7.866730e-01,7.881534e-02,6.302992e-02,2.048436e-01,1.890898e-01,3.308718e-01,3.151496e-01
5.063633e-02,1.319078e-01,1.162338e-01,3.643440e-01,3.487014e-01,5.967802e-01,5.811690e-01,1.719011e-01,1.562271e-01,4.843239e-01,4.686813e-01,7.967467e-01,7.811355e-01,7.826039e-02,6.258640e-02,2.034018e-01,1.877592e-01,3.285432e-01,3.129320e-01
5.135892e-02,1.299552e-01,1.143918e-01,3.587077e-01,3.431755e-01,5.874602e-01,5.719592e-01,1.706829e-01,1.551195e-01,4.808908e-01,4.653586e-01,7.910987e-01,7.755977e-01,7.770621e-02,6.214288e-02,2.019608e-01,1.864286e-01,3.262154e-01,3.107144e-01
5.209181e-02,1.280034e-01,1.125499e-01,3.530722e-01,3.376497e-01,5.781411e-01,5.627495e-01,1.694655e-01,1.540120e-01,4.774586e-01,4.620361e-01,7.854517e-01,7.700601e-01,7.715282e-02,6.169936e-02,2.005206e-01,1.850981e-01,3.238884e-01,3.084968e-01
5.283516e-02,1.260456e-01,1.107013e-01,3.474174e-01,3.321038e-01,5.687892e-01,5.535063e-01,1.682489e-01,1.529045e-01,4.740272e-01,4.587136e-01,7.798056e-01,7.645226e-01,7.660021e-02,6.125584e-02,1.990812e-01,1.837675e-01,3.215621e-01,3.062792e-01
5.358912e-02,1.240319e-01,1.087959e-01,3.415932e-01,3.263877e-01,5.591545e-01,5.439795e-01,1.670782e-01,1.518421e-01,4.707319e-01,4.555263e-01,7.743856e-01,7.592106e-01,7.606642e-02,6.083038e-02,1.976967e-01,1.824911e-01,3.193269e-01,3.041519e-01
5.435384e-02,1.220190e-01,1.068905e-01,3.357698e-01,3.206716e-01,5.495205e-01,5.344526e-01,1.659085e-01,1.507800e-01,4.674381e-01,4.523400e-01,7.689678e-01,7.538999e-01,7.553353e-02,6.040505e-02,1.963133e-01,1.812151e-01,3.170931e-01,3.020252e-01
5.512947e-02,1.200069e-01,1.049852e-01,3.299472e-01,3.149556e-01,5.398875e-01,5.249259e-01,1.647396e-01,1.497179e-01,4.641453e-01,4.491537e-01,7.635511e-01,7.485896e-01,7.500139e-02,5.997971e-02,1.949307e-01,1.799391e-01,3.148601e-01,2.998986e-01
5.591617e-02,1.179956e-01,1.030799e-01,3.241256e-01,3.092398e-01,5.302555e-01,5.153996e-01,1.635714e-01,1.486558e-01,4.608531e-01,4.459674e-01,7.581348e-01,7.432789e-01,7.447001e-02,5.955438e-02,1.935489e-01,1.786631e-01,3.126278e-01,2.977719e-01
5.671409e-02,1.159850e-01,1.011747e-01,3.183047e-01,3.035240e-01,5.206243e-01,5.058733e-01,1.624041e-01,1.475937e-01,4.575618e-01,4.427811e-01,7.527196e-01,7.379686e-01,7.393939e-02,5.912905e-02,1.921678e-01,1.773872e-01,3.103963e-01,2.956453e-01
5.752341e-02,1.139657e-01,9.925996e-02,3.124562e-01,2.977799e-01,5.109467e-01,4.962998e-01,1.612500e-01,1.465442e-01,4.543089e-01,4.396325e-01,7.473678e-01,7.327209e-01,7.341451e-02,5.870872e-02,1.908025e-01,1.761262e-01,3.081905e-01,2.935436e-01
5.834427e-02,1.119412e-01,9.733927e-02,3.065905e-01,2.920178e-01,5.012398e-01,4.866963e-01,1.601321e-01,1.455301e-01,4.511631e-01,4.365904e-01,7.421942e-01,7.276507e-01,7.290462e-02,5.830265e-02,1.894807e-01,1.749080e-01,3.060568e-01,2.915133e-01
5.917684e-02,1.099175e-01,9.541863e-02,3.007257e-01,2.862559e-01,4.915340e-01,4.770931e-01,1.590150e-01,1.445161e-01,4.480183e-01,4.335484e-01,7.370215e-01,7.225807e-01,7.239546e-02,5.789658e-02,1.881596e-01,1.736897e-01,3.039237e-01,2.894829e-01
6.002129e-02,1.078973e-01,9.350079e-02,2.948701e-01,2.805024e-01,4.818428e-01,4.675039e-01,1.578987e-01,1.435021e-01,4.448741e-01,4.305064e-01,7.318496e-01,7.175107e-01,7.188703e-02,5.749050e-02,1.868392e-01,1.724715e-01,3.017914e-01,2.874525e-01
6.087780e-02,1.058780e-01,9.158314e-02,2.890157e-01,2.747494e-01,4.721534e-01,4.579157e-01,1.567830e-01,1.424882e-01,4.417307e-01,4.274645e-01,7.266784e-01,7.124408e-01,7.137932e-02,5.708442e-02,1.855195e-01,1.712533e-01,2.996598e-01,2.854221e-01
6.174653e-02,1.038646e-01,8.967059e-02,2.831773e-01,2.690118e-01,4.624901e-01,4.483530e-01,1.556682e-01,1.414742e-01,4.385882e-01,4.244227e-01,7.215082e-01,7.073711e-01,7.087232e-02,5.667834e-02,1.842006e-01,1.700350e-01,2.975288e-01,2.833917e-01
6.262765e-02,1.018576e-01,8.776384e-02,2.773571e-01,2.632915e-01,4.528565e-01,4.388192e-01,1.545540e-01,1.404602e-01,4.354462e-01,4.213807e-01,7.163385e-01,7.023011e-01,7.036604e-02,5.627227e-02,1.828824e-01,1.688168e-01,2.953987e-01,2.813613e-01
6.352135e-02,9.985256e-02,8.585828e-02,2.715411e-01,2.575748e-01,4.432296e-01,4.292914e-01,1.534405e-01,1.394462e-01,4.323050e-01,4.183387e-01,7.111694e-01,6.972312e-01,6.986048e-02,5.586619e-02,1.815648e-01,1.675986e-01,2.932692e-01,2.793310e-01
6.442780e-02,9.786556e-02,8.397007e-02,2.657779e-01,2.519102e-01,4.336902e-01,4.198504e-01,1.523642e-01,1.384688e-01,4.292739e-01,4.154063e-01,7.061836e-01,6.923438e-01,6.937022e-02,5.547473e-02,1.802919e-01,1.664242e-01,2.912135e-01,2.773737e-01
6.534719e-02,9.587952e-02,8.208213e-02,2.600161e-01,2.462464e-01,4.241528e-01,4.104106e-01,1.512926e-01,1.374952e-01,4.262553e-01,4.124856e-01,7.012181e-01,6.874760e-01,6.888223e-02,5.508484e-02,1.790243e-01,1.652545e-01,2.891663e-01,2.754242e-01
6.627970e-02,9.391254e-02,8.021255e-02,2.543102e-01,2.406376e-01,4.147079e-01,4.010627e-01,1.502216e-01,1.365216e-01,4.232374e-01,4.095649e-01,6.962533e-01,6.826081e-01,6.839492e-02,5.469493e-02,1.777574e-01,1.640848e-01,2.871198e-01,2.734747e-01
6.722551e-02,9.195338e-02,7.835010e-02,2.486264e-01,2.350503e-01,4.052993e-01,3.917505e-01,1.491513e-01,1.355481e-01,4.202202e-01,4.066442e-01,6.912891e-01,6.777403e-01,6.790831e-02,5.430503e-02,1.764911e-01,1.629151e-01,2.850740e-01,2.715252e-01
6.818482e-02,9.000933e-02,7.650209e-02,2.429865e-01,2.295063e-01,3.959636e-01,3.825104e-01,1.481124e-01,1.346052e-01,4.172957e-01,4.038155e-01,6.864789e-01,6.730258e-01,6.743466e-02,5.392742e-02,1.752625e-01,1.617823e-01,2.830903e-01,2.696371e-01
6.915782e-02,8.808307e-02,7.467119e-02,2.373986e-01,2.240136e-01,3.867141e-01,3.733559e-01,1.470815e-01,1.336696e-01,4.143938e-01,4.010088e-01,6.817062e-01,6.683480e-01,6.696464e-02,5.355276e-02,1.740433e-01,1.606583e-01,2.811220e-01,2.677638e-01
7.014470e-02,8.616700e-02,7.284980e-02,2.318399e-01,2.185494e-01,3.775129e-01,3.642490e-01,1.460513e-01,1.327340e-01,4.114927e-01,3.982021e-01,6.769341e-01,6.636702e-01,6.649529e-02,5.317809e-02,1.728248e-01,1.595343e-01,2.791543e-01,2.658904e-01
7.114567e-02,8.427851e-02,7.105532e-02,2.263627e-01,2.131660e-01,3.684468e-01,3.552766e-01,1.450217e-01,1.317985e-01,4.085922e-01,3.953955e-01,6.721627e-01,6.589925e-01,6.602661e-02,5.280342e-02,1.716070e-01,1.584102e-01,2.771873e-01,2.640171e-01
7.216092e-02,8.239643e-02,6.926659e-02,2.209033e-01,2.077998e-01,3.594102e-01,3.463330e-01,1.439928e-01,1.308629e-01,4.056924e-01,3.925888e-01,6.673920e-01,6.543147e-01,6.555858e-02,5.242874e-02,1.703898e-01,1.572862e-01,2.752210e-01,2.621437e-01
7.319066e-02,8.054947e-02,6.751233e-02,2.155480e-01,2.025370e-01,3.505466e-01,3.375616e-01,1.429646e-01,1.299275e-01,4.027934e-01,3.897824e-01,6.626222e-01,6.496373e-01,6.509123e-02,5.205408e-02,1.691733e-01,1.561622e-01,2.732554e-01,2.602704e-01
7.423509e-02,7.870754e-02,6.576243e-02,2.102065e-01,1.972873e-01,3.417054e-01,3.288121e-01,1.419370e-01,1.289919e-01,3.998949e-01,3.869757e-01,6.578528e-01,6.449595e-01,6.462452e-02,5.167941e-02,1.679574e-01,1.550382e-01,2.712903e-01,2.583971e-01
7.529443e-02,7.690498e-02,6.405126e-02,2.049818e-01,1.921538e-01,3.330585e-01,3.202563e-01,1.409401e-01,1.280864e-01,3.970871e-01,3.842591e-01,6.532341e-01,6.404318e-01,6.417048e-02,5.131676e-02,1.667783e-01,1.539503e-01,2.693860e-01,2.565838e-01
7.636888e-02,7.510823e-02,6.234525e-02,1.997732e-01,1.870357e-01,3.244381e-01,3.117262e-01,1.399608e-01,1.271979e-01,3.943310e-01,3.815936e-01,6.487012e-01,6.359893e-01,6.372391e-02,5.096092e-02,1.656202e-01,1.528828e-01,2.675165e-01,2.548046e-01
7.745867e-02,7.335309e-02,6.068021e-02,1.946881e-01,1.820406e-01,3.160232e-01,3.034010e-01,1.389823e-01,1.263094e-01,3.915757e-01,3.789282e-01,6.441692e-01,6.315470e-01,6.327797e-02,5.060509e-02,1.644628e-01,1.518153e-01,2.656476e-01,2.530254e-01
7.856400e-02,7.160613e-02,5.902271e-02,1.896263e-01,1.770681e-01,3.076466e-01,2.951135e-01,1.380043e-01,1.254209e-01,3.888209e-01,3.762627e-01,6.396375e-01,6.271045e-01,6.283267e-02,5.024926e-02,1.633060e-01,1.507478e-01,2.637793e-01,2.512463e-01
7.968511e-02,6.990074e-02,5.740615e-02,1.846880e-01,1.722184e-01,2.994753e-01,2.870307e-01,1.370270e-01,1.245324e-01,3.860669e-01,3.735973e-01,6.351068e-01,6.226622e-01,6.238801e-02,4.989342e-02,1.621498e-01,1.496803e-01,2.619117e-01,2.494671e-01
8.082222e-02,6.820758e-02,5.580120e-02,1.797851e-01,1.674036e-01,2.913627e-01,2.790060e-01,1.360503e-01,1.236439e-01,3.833134e-01,3.709318e-01,6.305764e-01,6.182197e-01,6.194397e-02,4.953759e-02,1.609943e-01,1.486128e-01,2.600446e-01,2.476879e-01
8.197556e-02,6.655366e-02,5.423487e-02,1.749987e-01,1.627046e-01,2.834438e-01,2.711743e-01,1.350742e-01,1.227554e-01,3.805604e-01,3.682663e-01,6.260466e-01,6.137772e-01,6.150055e-02,4.918175e-02,1.598394e-01,1.475453e-01,2.581782e-01,2.459088e-01
8.314535e-02,6.491869e-02,5.268685e-02,1.702679e-01,1.580606e-01,2.756171e-01,2.634343e-01,1.341082e-01,1.218764e-01,3.778364e-01,3.656291e-01,6.215646e-01,6.093818e-01,6.106151e-02,4.882968e-02,1.586964e-01,1.464890e-01,2.563313e-01,2.441484e-01
8.433184e-02,6.331640e-02,5.117092e-02,1.656339e-01,1.535127e-01,2.679514e-01,2.558546e-01,1.331717e-01,1.210263e-01,3.751999e-01,3.630788e-01,6.172281e-01,6.051313e-01,6.063470e-02,4.848922e-02,1.575888e-01,1.454676e-01,2.545429e-01,2.424461e-01
8.553526e-02,6.174289e-02,4.968315e-02,1.610850e-01,1.490494e-01,2.604272e-01,2.484157e-01,1.322358e-01,1.201761e-01,3.725639e-01,3.605283e-01,6.128920e-01,6.008805e-01,6.020848e-02,4.814874e-02,1.564818e-01,1.444462e-01,2.527551e-01,2.407437e-01
8.675585e-02,6.019226e-02,4.821766e-02,1.566036e-01,1.446530e-01,2.530150e-01,2.410883e-01,1.313006e-01,1.193260e-01,3.699287e-01,3.579780e-01,6.085567e-01,5.966301e-01,5.978286e-02,4.780826e-02,1.553754e-01,1.434248e-01,2.509680e-01,2.390413e-01
8.799385e-02,5.868253e-02,4.679246e-02,1.522437e-01,1.403774e-01,2.458048e-01,2.339623e-01,1.303659e-01,1.184759e-01,3.672939e-01,3.554276e-01,6.042218e-01,5.923793e-01,5.935785e-02,4.746778e-02,1.542696e-01,1.424033e-01,2.491814e-01,2.373389e-01
8.924953e-02,5.718943e-02,4.538331e-02,1.479324e-01,1.361499e-01,2.386754e-01,2.269165e-01,1.294386e-01,1.176324e-01,3.646798e-01,3.528973e-01,5.999211e-01,5.881622e-01,5.893611e-02,4.712998e-02,1.531724e-01,1.413900e-01,2.474088e-01,2.356499e-01
9.052312e-02,5.573909e-02,4.401631e-02,1.437482e-01,1.320489e-01,2.317574e-01,2.200815e-01,1.285379e-01,1.168151e-01,3.621445e-01,3.504452e-01,5.957512e-01,5.840754e-01,5.852540e-02,4.680262e-02,1.521072e-01,1.404079e-01,2.456889e-01,2.340131e-01
9.181489e-02,5.431131e-02,4.267129e-02,1.396306e-01,1.280139e-01,2.249498e-01,2.133564e-01,1.276377e-01,1.159976e-01,3.596097e-01,3.479929e-01,5.915816e-01,5.799882e-01,5.811528e-02,4.647525e-02,1.510425e-01,1.394258e-01,2.439697e-01,2.323763e-01
9.312509e-02,5.291303e-02,4.135518e-02,1.356003e-01,1.240655e-01,2.182875e-01,2.067759e-01,1.267381e-01,1.151803e-01,3.570755e-01,3.455408e-01,5.874129e-01,5.759014e-01,5.770573e-02,4.614788e-02,1.499783e-01,1.384436e-01,2.422510e-01,2.307394e-01
9.445399e-02,5.155279e-02,4.007653e-02,1.316829e-01,1.202296e-01,2.118130e-01,2.003827e-01,1.258392e-01,1.143629e-01,3.545420e-01,3.430887e-01,5.832448e-01,5.718145e-01,5.729677e-02,4.582051e-02,1.489148e-01,1.374615e-01,2.405329e-01,2.291026e-01
9.580185e-02,5.021341e-02,3.881817e-02,1.278269e-01,1.164545e-01,2.054405e-01,1.940908e-01,1.249408e-01,1.135455e-01,3.520090e-01,3.406366e-01,5.790773e-01,5.677277e-01,5.688839e-02,4.549315e-02,1.478519e-01,1.364794e-01,2.388153e-01,2.274657e-01
9.716894e-02,4.891117e-02,3.759637e-02,1.240813e-01,1.127891e-01,1.992513e-01,1.879819e-01,1.240483e-01,1.127335e-01,3.494927e-01,3.382005e-01,5.749370e-01,5.636675e-01,5.648272e-02,4.516792e-02,1.467959e-01,1.355038e-01,2.371091e-01,2.258396e-01
9.855555e-02,4.763883e-02,3.640391e-02,1.204241e-01,1.092117e-01,1.932095e-01,1.820195e-01,1.231854e-01,1.119505e-01,3.470640e-01,3.358516e-01,5.709426e-01,5.597526e-01,5.608925e-02,4.485433e-02,1.457754e-01,1.345630e-01,2.354616e-01,2.242716e-01
9.996194e-02,4.639042e-02,3.523482e-02,1.168377e-01,1.057045e-01,1.872850e-01,1.761741e-01,1.223232e-01,1.111675e-01,3.446359e-01,3.335026e-01,5.669487e-01,5.558377e-01,5.569634e-02,4.454073e-02,1.447555e-01,1.336222e-01,2.338146e-01,2.227037e-01
1.013884e-01,4.517959e-02,3.410274e-02,1.133629e-01,1.023082e-01,1.815462e-01,1.705137e-01,1.214614e-01,1.103846e-01,3.422084e-01,3.311537e-01,5.629553e-01,5.519228e-01,5.530399e-02,4.422714e-02,1.437361e-01,1.326814e-01,2.321682e-01,2.211357e-01
1.028352e-01,4.399666e-02,3.299800e-02,1.099706e-01,9.899401e-02,1.759446e-01,1.649900e-01,1.206002e-01,1.096016e-01,3.397814e-01,3.288048e-01,5.589625e-01,5.480079e-01,5.491220e-02,4.391355e-02,1.427173e-01,1.317406e-01,2.305223e-01,2.195677e-01
1.043027e-01,4.283875e-02,3.191774e-02,1.066524e-01,9.575322e-02,1.704660e-01,1.595887e-01,1.197396e-01,1.088186e-01,3.373550e-01,3.264558e-01,5.549703e-01,5.440930e-01,5.452096e-02,4.359995e-02,1.416990e-01,1.307999e-01,2.288770e-01,2.179998e-01
1.057911e-01,4.171476e-02,3.087085e-02,1.034348e-01,9.261256e-02,1.651548e-01,1.543543e-01,1.188820e-01,1.080380e-01,3.349363e-01,3.241141e-01,5.509907e-01,5.401902e-01,5.413121e-02,4.328730e-02,1.406841e-01,1.298619e-01,2.272370e-01,2.164365e-01
1.073007e-01,4.062059e-02,2.985323e-02,1.003055e-01,8.955970e-02,1.599904e-01,1.492662e-01,1.180545e-01,1.072871e-01,3.326073e-01,3.218614e-01,5.471600e-01,5.364357e-01,5.375392e-02,4.298656e-02,1.397055e-01,1.289597e-01,2.256571e-01,2.149328e-01
1.088319e-01,3.955095e-02,2.885960e-02,9.724875e-02,8.657881e-02,1.549465e-01,1.442980e-01,1.172276e-01,1.065363e-01,3.302787e-01,3.196088e-01,5.433298e-01,5.326813e-01,5.337717e-02,4.268583e-02,1.387274e-01,1.280575e-01,2.240777e-01,2.134291e-01
1.103849e-01,3.850869e-02,2.789282e-02,9.427308e-02,8.367846e-02,1.500375e-01,1.394641e-01,1.164012e-01,1.057854e-01,3.279507e-01,3.173561e-01,5.395002e-01,5.289268e-01,5.300096e-02,4.238509e-02,1.377499e-01,1.271553e-01,2.224988e-01,2.119255e-01
1.119601e-01,3.750105e-02,2.696012e-02,9.140018e-02,8.088035e-02,1.452993e-01,1.348006e-01,1.155755e-01,1.050345e-01,3.256234e-01,3.151036e-01,5.356714e-01,5.251727e-01,5.262528e-02,4.208435e-02,1.367729e-01,1.262531e-01,2.209205e-01,2.104218e-01
1.135578e-01,3.651726e-02,2.605075e-02,8.859780e-02,7.815224e-02,1.406783e-01,1.302537e-01,1.147502e-01,1.042836e-01,3.232965e-01,3.128509e-01,5.318428e-01,5.214182e-01,5.225013e-02,4.178362e-02,1.357964e-01,1.253509e-01,2.193427e-01,2.089181e-01
1.151783e-01,3.555868e-02,2.516606e-02,8.587000e-02,7.549818e-02,1.361813e-01,1.258303e-01,1.139370e-01,1.035444e-01,3.210049e-01,3.106331e-01,5.280729e-01,5.177219e-01,5.188014e-02,4.148752e-02,1.348344e-01,1.244626e-01,2.177886e-01,2.074376e-01
1.168219e-01,3.462553e-02,2.430628e-02,8.321742e-02,7.291883e-02,1.318093e-01,1.215314e-01,1.131467e-01,1.028275e-01,3.187810e-01,3.084824e-01,5.244153e-01,5.141373e-01,5.151966e-02,4.120041e-02,1.338998e-01,1.236012e-01,2.162800e-01,2.060020e-01
1.184889e-01,3.372404e-02,2.347763e-02,8.065880e-02,7.043290e-02,1.275935e-01,1.173882e-01,1.123570e-01,1.021106e-01,3.165578e-01,3.063319e-01,5.207585e-01,5.105531e-01,5.115969e-02,4.091328e-02,1.329657e-01,1.227398e-01,2.147718e-01,2.045664e-01
1.201798e-01,3.284595e-02,2.267188e-02,7.816934e-02,6.801563e-02,1.234927e-01,1.133594e-01,1.115678e-01,1.013938e-01,3.143350e-01,3.041813e-01,5.171022e-01,5.069689e-01,5.080022e-02,4.062615e-02,1.320322e-01,1.218785e-01,2.132641e-01,2.031308e-01
1.218947e-01,3.199140e-02,2.188916e-02,7.574949e-02,6.566747e-02,1.195076e-01,1.094458e-01,1.107791e-01,1.006769e-01,3.121126e-01,3.020306e-01,5.134462e-01,5.033844e-01,5.044129e-02,4.033904e-02,1.310991e-01,1.210171e-01,2.117570e-01,2.016952e-01
1.236342e-01,3.116136e-02,2.113043e-02,7.340213e-02,6.339128e-02,1.156429e-01,1.056521e-01,1.099910e-01,9.996003e-02,3.098909e-01,2.998801e-01,5.097909e-01,4.998001e-01,5.008284e-02,4.005191e-02,1.301666e-01,1.201557e-01,2.102503e-01,2.002596e-01
1.253984e-01,3.035447e-02,2.039435e-02,7.112324e-02,6.118306e-02,1.118920e-01,1.019718e-01,1.092033e-01,9.924318e-02,3.076697e-01,2.977295e-01,5.061361e-01,4.962159e-01,4.972491e-02,3.976479e-02,1.292345e-01,1.192944e-01,2.087442e-01,1.988239e-01
1.271879e-01,2.957444e-02,1.968464e-02,6.892391e-02,5.905391e-02,1.082734e-01,9.842319e-02,1.084161e-01,9.852628e-02,3.054488e-01,2.955788e-01,5.024816e-01,4.926314e-01,4.936747e-02,3.947767e-02,1.283030e-01,1.184330e-01,2.072386e-01,1.973884e-01
1.290029e-01,2.881668e-02,1.899670e-02,6.679043e-02,5.699011e-02,1.047642e-01,9.498351e-02,1.076575e-01,9.783755e-02,3.033130e-01,2.935127e-01,4.989684e-01,4.891878e-01,4.902179e-02,3.920181e-02,1.274058e-01,1.176054e-01,2.057897e-01,1.960090e-01
1.308437e-01,2.808068e-02,1.833002e-02,6.472119e-02,5.499005e-02,1.013617e-01,9.165009e-02,1.069000e-01,9.714929e-02,3.011790e-01,2.914479e-01,4.954581e-01,4.857465e-01,4.867679e-02,3.892613e-02,1.265095e-01,1.167784e-01,2.043422e-01,1.946306e-01
1.327109e-01,2.736617e-02,1.768435e-02,6.271548e-02,5.305304e-02,9.806479e-02,8.842173e-02,1.061429e-01,9.646103e-02,2.990455e-01,2.893831e-01,4.919482e-01,4.823051e-01,4.833227e-02,3.865044e-02,1.256138e-01,1.159513e-01,2.028953e-01,1.932522e-01
1.346047e-01,2.667326e-02,1.705979e-02,6.077359e-02,5.117936e-02,9.487391e-02,8.529893e-02,1.053862e-01,9.577276e-02,2.969125e-01,2.873183e-01,4.884388e-01,4.788638e-01,4.798824e-02,3.837477e-02,1.247185e-01,1.151243e-01,2.014488e-01,1.918738e-01
1.365255e-01,2.600099e-02,1.645538e-02,5.889264e-02,4.936615e-02,9.178430e-02,8.227691e-02,1.046539e-01,9.510831e-02,2.948514e-01,2.853249e-01,4.850489e-01,4.755415e-01,4.765425e-02,3.810864e-02,1.238524e-01,1.143259e-01,2.000506e-01,1.905432e-01
1.384737e-01,2.534894e-02,1.587072e-02,5.707140e-02,4.761216e-02,8.879386e-02,7.935359e-02,1.039251e-01,9.444690e-02,2.927999e-01,2.833407e-01,4.816748e-01,4.722345e-01,4.732195e-02,3.784373e-02,1.229904e-01,1.135312e-01,1.986589e-01,1.892186e-01
1.404497e-01,2.471824e-02,1.530693e-02,5.531327e-02,4.592080e-02,8.590830e-02,7.653467e-02,1.031969e-01,9.378555e-02,2.907491e-01,2.813567e-01,4.783014e-01,4.689278e-01,4.699012e-02,3.757881e-02,1.221289e-01,1.127364e-01,1.972677e-01,1.878940e-01
1.424539e-01,2.411326e-02,1.476838e-02,5.363132e-02,4.430515e-02,8.314938e-02,7.384192e-02,1.024690e-01,9.312414e-02,2.886986e-01,2.793724e-01,4.749282e-01,4.656207e-01,4.665877e-02,3.731390e-02,1.212679e-01,1.119417e-01,1.958769e-01,1.865695e-01
1.444868e-01,2.351172e-02,1.423283e-02,5.195880e-02,4.269848e-02,8.040588e-02,7.116414e-02,1.017416e-01,9.246274e-02,2.866485e-01,2.773882e-01,4.715554e-01,4.623137e-01,4.632787e-02,3.704898e-02,1.204073e-01,1.111469e-01,1.944866e-01,1.852449e-01
1.465486e-01,2.294335e-02,1.372995e-02,5.038481e-02,4.118986e-02,7.782627e-02,6.864977e-02,1.010148e-01,9.180139e-02,2.845991e-01,2.754042e-01,4.681834e-01,4.590069e-01,4.599746e-02,3.678407e-02,1.195471e-01,1.103522e-01,1.930968e-01,1.839203e-01
1.486398e-01,2.237923e-02,1.323088e-02,4.882266e-02,3.969263e-02,7.526610e-02,6.615438e-02,1.002883e-01,9.113998e-02,2.825500e-01,2.734199e-01,4.648116e-01,4.556999e-01,4.566751e-02,3.651915e-02,1.186875e-01,1.095575e-01,1.917075e-01,1.825958e-01
1.507609e-01,2.184449e-02,1.276072e-02,4.734775e-02,3.828217e-02,7.285102e-02,6.380362e-02,9.958626e-02,9.050250e-02,2.805731e-01,2.715075e-01,4.615599e-01,4.525125e-01,4.534758e-02,3.626381e-02,1.178570e-01,1.087914e-01,1.903664e-01,1.813190e-01
1.529123e-01,2.131503e-02,1.229539e-02,4.588775e-02,3.688616e-02,7.046047e-02,6.147694e-02,9.889397e-02,8.987433e-02,2.786246e-01,2.696230e-01,4.583552e-01,4.493716e-01,4.503186e-02,3.601222e-02,1.170382e-01,1.080366e-01,1.890446e-01,1.800611e-01
1.550944e-01,2.081278e-02,1.185681e-02,4.450847e-02,3.557043e-02,6.820416e-02,5.928405e-02,9.820218e-02,8.924622e-02,2.766767e-01,2.677387e-01,4.551512e-01,4.462311e-01,4.471658e-02,3.576062e-02,1.162199e-01,1.072818e-01,1.877232e-01,1.788031e-01
1.573076e-01,2.031542e-02,1.142268e-02,4.314297e-02,3.426803e-02,6.597052e-02,5.711339e-02,9.751079e-02,8.861805e-02,2.747291e-01,2.658542e-01,4.519474e-01,4.430903e-01,4.440176e-02,3.550902e-02,1.154020e-01,1.065271e-01,1.864022e-01,1.775451e-01
1.595523e-01,1.984427e-02,1.101431e-02,4.185522e-02,3.304293e-02,6.386616e-02,5.507155e-02,9.681991e-02,8.798994e-02,2.727821e-01,2.639698e-01,4.487443e-01,4.399497e-01,4.408739e-02,3.525742e-02,1.145846e-01,1.057723e-01,1.850817e-01,1.762871e-01
1.618292e-01,1.937803e-02,1.061040e-02,4.058128e-02,3.183120e-02,6.178453e-02,5.305201e-02,9.612946e-02,8.736183e-02,2.708356e-01,2.620855e-01,4.455417e-01,4.368092e-01,4.377346e-02,3.500583e-02,1.137676e-01,1.050175e-01,1.837617e-01,1.750291e-01
1.641385e-01,1.893510e-02,1.022937e-02,3.937641e-02,3.068811e-02,5.981772e-02,5.114684e-02,9.543939e-02,8.673366e-02,2.688893e-01,2.602010e-01,4.423392e-01,4.336683e-01,4.345997e-02,3.475424e-02,1.129510e-01,1.042627e-01,1.824421e-01,1.737712e-01
1.664807e-01,1.849943e-02,9.855157e-03,3.819244e-02,2.956547e-02,5.788545e-02,4.927579e-02,9.475863e-02,8.611435e-02,2.669700e-01,2.583431e-01,4.391814e-01,4.305718e-01,4.315045e-02,3.450617e-02,1.121455e-01,1.035185e-01,1.811405e-01,1.725309e-01
1.688564e-01,1.808147e-02,9.498223e-03,3.706073e-02,2.849467e-02,5.603999e-02,4.749111e-02,9.409664e-02,8.551339e-02,2.651062e-01,2.565402e-01,4.361158e-01,4.275669e-01,4.284869e-02,3.426544e-02,1.113624e-01,1.027963e-01,1.798761e-01,1.713272e-01
1.712660e-01,1.767467e-02,9.152019e-03,3.596165e-02,2.745606e-02,5.424863e-02,4.576010e-02,9.343502e-02,8.491236e-02,2.632427e-01,2.547371e-01,4.330504e-01,4.245618e-01,4.254735e-02,3.402469e-02,1.105797e-01,1.020741e-01,1.786120e-01,1.701235e-01
1.737100e-01,1.727973e-02,8.817243e-03,3.489728e-02,2.645173e-02,5.251482e-02,4.408622e-02,9.277383e-02,8.431134e-02,2.613796e-01,2.529340e-01,4.299853e-01,4.215567e-01,4.224645e-02,3.378396e-02,1.097974e-01,1.013519e-01,1.773484e-01,1.689198e-01
1.761888e-01,1.690011e-02,8.497359e-03,3.387800e-02,2.549208e-02,5.085590e-02,4.248680e-02,9.211307e-02,8.371032e-02,2.595169e-01,2.511310e-01,4.269207e-01,4.185516e-01,4.194596e-02,3.354322e-02,1.090156e-01,1.006296e-01,1.760852e-01,1.677161e-01
1.787030e-01,1.652714e-02,8.183714e-03,3.287787e-02,2.455114e-02,4.922859e-02,4.091857e-02,9.145934e-02,8.311591e-02,2.576745e-01,2.493477e-01,4.238896e-01,4.155795e-01,4.164855e-02,3.330512e-02,1.082421e-01,9.991537e-02,1.748356e-01,1.665256e-01
1.812531e-01,1.617225e-02,7.887727e-03,3.193112e-02,2.366318e-02,4.768999e-02,3.943864e-02,9.082259e-02,8.253806e-02,2.558821e-01,2.476142e-01,4.209417e-01,4.126903e-01,4.135819e-02,3.307366e-02,1.074889e-01,9.922098e-02,1.736197e-01,1.653683e-01
1.838396e-01,1.582420e-02,7.598160e-03,3.100405e-02,2.279448e-02,4.618390e-02,3.799080e-02,9.018620e-02,8.196016e-02,2.540900e-01,2.458805e-01,4.179939e-01,4.098008e-01,4.106823e-02,3.284219e-02,1.067361e-01,9.852656e-02,1.724040e-01,1.642109e-01
1.864630e-01,1.548788e-02,7.319911e-03,3.011135e-02,2.195973e-02,4.473482e-02,3.659956e-02,8.955028e-02,8.138231e-02,2.522985e-01,2.441469e-01,4.150468e-01,4.069115e-01,4.077870e-02,3.261073e-02,1.059838e-01,9.783218e-02,1.711889e-01,1.630536e-01
1.891238e-01,1.516342e-02,7.053111e-03,2.925341e-02,2.115933e-02,4.334339e-02,3.526556e-02,8.891477e-02,8.080446e-02,2.505075e-01,2.424134e-01,4.121001e-01,4.040223e-01,4.048956e-02,3.237925e-02,1.052318e-01,9.713776e-02,1.699741e-01,1.618963e-01
1.918227e-01,1.484570e-02,6.792649e-03,2.841488e-02,2.037795e-02,4.198405e-02,3.396324e-02,8.827967e-02,8.022662e-02,2.487168e-01,2.406798e-01,4.091539e-01,4.011331e-01,4.020084e-02,3.214779e-02,1.044803e-01,9.644337e-02,1.687598e-01,1.607390e-01
1.945600e-01,1.454143e-02,6.545231e-03,2.761588e-02,1.963569e-02,4.069034e-02,3.272615e-02,8.765066e-02,7.965446e-02,2.469436e-01,2.389634e-01,4.062365e-01,3.982723e-01,3.991482e-02,3.191862e-02,1.037361e-01,9.575586e-02,1.675573e-01,1.595931e-01
1.973363e-01,1.424524e-02,6.305487e-03,2.684032e-02,1.891646e-02,3.943540e-02,3.152743e-02,8.704069e-02,7.910094e-02,2.452267e-01,2.373028e-01,4.034127e-01,3.955047e-01,3.963665e-02,3.169689e-02,1.030145e-01,9.509068e-02,1.663924e-01,1.584845e-01
2.001523e-01,1.395591e-02,6.072206e-03,2.608454e-02,1.821662e-02,3.821317e-02,3.036103e-02,8.643106e-02,7.854736e-02,2.435100e-01,2.356421e-01,4.005889e-01,3.927368e-01,3.935886e-02,3.147516e-02,1.022934e-01,9.442547e-02,1.652279e-01,1.573758e-01
2.030085e-01,1.367927e-02,5.851229e-03,2.536606e-02,1.755369e-02,3.705285e-02,2.925615e-02,8.582189e-02,7.799384e-02,2.417939e-01,2.339815e-01,3.977659e-01,3.899692e-01,3.908147e-02,3.125343e-02,1.015727e-01,9.376028e-02,1.640638e-01,1.562671e-01
2.059055e-01,1.340940e-02,5.636616e-03,2.466707e-02,1.690985e-02,3.592474e-02,2.818308e-02,8.521304e-02,7.744026e-02,2.400780e-01,2.323208e-01,3.949430e-01,3.872013e-01,3.880447e-02,3.103169e-02,1.008523e-01,9.309507e-02,1.629001e-01,1.551585e-01
2.088437e-01,1.314639e-02,5.428475e-03,2.398788e-02,1.628543e-02,3.482938e-02,2.714238e-02,8.460465e-02,7.688674e-02,2.383627e-01,2.306602e-01,3.921207e-01,3.844337e-01,3.852787e-02,3.080996e-02,1.001324e-01,9.242989e-02,1.617368e-01,1.540498e-01
2.118239e-01,1.289628e-02,5.232856e-03,2.334665e-02,1.569857e-02,3.379702e-02,2.616428e-02,8.400010e-02,7.633667e-02,2.366581e-01,2.290100e-01,3.893161e-01,3.816834e-01,3.825306e-02,3.058963e-02,9.941698e-02,9.176890e-02,1.605809e-01,1.529482e-01
2.148467e-01,1.264656e-02,5.037236e-03,2.270580e-02,1.511171e-02,3.276504e-02,2.518618e-02,8.341519e-02,7.580587e-02,2.350117e-01,2.274176e-01,3.866082e-01,3.790293e-01,3.798632e-02,3.037700e-02,9.872508e-02,9.113099e-02,1.594638e-01,1.518850e-01
2.179125e-01,1.241108e-02,4.855474e-03,2.210690e-02,1.456642e-02,3.180272e-02,2.427737e-02,8.283061e-02,7.527500e-02,2.333655e-01,2.258250e-01,3.839004e-01,3.763750e-01,3.771996e-02,3.016435e-02,9.803354e-02,9.049306e-02,1.583471e-01,1.508218e-01
2.210222e-01,1.217693e-02,4.674661e-03,2.151123e-02,1.402398e-02,3.084553e-02,2.337331e-02,8.224646e-02,7.474420e-02,2.317198e-01,2.242326e-01,3.811932e-01,3.737210e-01,3.745398e-02,2.995171e-02,9.734238e-02,8.985513e-02,1.572308e-01,1.497585e-01
2.241761e-01,1.195461e-02,4.505302e-03,2.095030e-02,1.351591e-02,2.994599e-02,2.252651e-02,8.166264e-02,7.421334e-02,2.300744e-01,2.226400e-01,3.784862e-01,3.710667e-01,3.718838e-02,2.973908e-02,9.665162e-02,8.921723e-02,1.561149e-01,1.486954e-01
2.273751e-01,1.173453e-02,4.337818e-03,2.039536e-02,1.301345e-02,2.905619e-02,2.168909e-02,8.107925e-02,7.368253e-02,2.284295e-01,2.210476e-01,3.757798e-01,3.684127e-01,3.692315e-02,2.952643e-02,9.596120e-02,8.857929e-02,1.549993e-01,1.476322e-01
2.306198e-01,1.152497e-02,4.180469e-03,1.987120e-02,1.254141e-02,2.821744e-02,2.090235e-02,8.050635e-02,7.316185e-02,2.268153e-01,2.194855e-01,3.731243e-01,3.658092e-01,3.666235e-02,2.931785e-02,9.528335e-02,8.795356e-02,1.539044e-01,1.465893e-01
2.339107e-01,1.131767e-02,4.025020e-03,1.935311e-02,1.207506e-02,2.738855e-02,2.012510e-02,7.994767e-02,7.265502e-02,2.252431e-01,2.179651e-01,3.705386e-01,3.632751e-01,3.640749e-02,2.911484e-02,9.462257e-02,8.734452e-02,1.528376e-01,1.455742e-01
2.372487e-01,1.112033e-02,3.879166e-03,1.886417e-02,1.163750e-02,2.660800e-02,1.939583e-02,7.938937e-02,7.214820e-02,2.236713e-01,2.164446e-01,3.679532e-01,3.607410e-01,3.615299e-02,2.891183e-02,9.396215e-02,8.673548e-02,1.517713e-01,1.445591e-01
2.406342e-01,1.092465e-02,3.734606e-03,1.837947e-02,1.120382e-02,2.583429e-02,1.867303e-02,7.883142e-02,7.164137e-02,2.220998e-01,2.149241e-01,3.653681e-01,3.582069e-01,3.589886e-02,2.870881e-02,9.330209e-02,8.612644e-02,1.507053e-01,1.435441e-01
2.440681e-01,1.073869e-02,3.599401e-03,1.792320e-02,1.079820e-02,2.510771e-02,1.799701e-02,7.827390e-02,7.113461e-02,2.205288e-01,2.134038e-01,3.627837e-01,3.556730e-01,3.564509e-02,2.850580e-02,9.264240e-02,8.551740e-02,1.496397e-01,1.425290e-01
2.475509e-01,1.055487e-02,3.465981e-03,1.747264e-02,1.039794e-02,2.439041e-02,1.732990e-02,7.771667e-02,7.062778e-02,2.189581e-01,2.118834e-01,3.601994e-01,3.531389e-01,3.539168e-02,2.830279e-02,9.198306e-02,8.490836e-02,1.485744e-01,1.415139e-01
2.510835e-01,1.037766e-02,3.338814e-03,1.704120e-02,1.001644e-02,2.370473e-02,1.669407e-02,7.715981e-02,7.012096e-02,2.173876e-01,2.103629e-01,3.576155e-01,3.506048e-01,3.513862e-02,2.809977e-02,9.132408e-02,8.429932e-02,1.475095e-01,1.404989e-01
2.546664e-01,1.020584e-02,3.216682e-03,1.662521e-02,9.650046e-03,2.304458e-02,1.608341e-02,7.660461e-02,6.961546e-02,2.158215e-01,2.088464e-01,3.550385e-01,3.480773e-01,3.488644e-02,2.789729e-02,9.066703e-02,8.369187e-02,1.464476e-01,1.394864e-01
2.583005e-01,1.003869e-02,3.098879e-03,1.622256e-02,9.296638e-03,2.240642e-02,1.549440e-02,7.606869e-02,6.912888e-02,2.143126e-01,2.073866e-01,3.525564e-01,3.456444e-01,3.464218e-02,2.770236e-02,9.003300e-02,8.310708e-02,1.454238e-01,1.385118e-01
2.619865e-01,9.876237e-03,2.985416e-03,1.583327e-02,8.956247e-03,2.179031e-02,1.492708e-02,7.553312e-02,6.864230e-02,2.128039e-01,2.059269e-01,3.500747e-01,3.432115e-01,3.439826e-02,2.750744e-02,8.939935e-02,8.252232e-02,1.444004e-01,1.375372e-01
2.657251e-01,9.718807e-03,2.876632e-03,1.545837e-02,8.629897e-03,2.119794e-02,1.438316e-02,7.499789e-02,6.815572e-02,2.112956e-01,2.044671e-01,3.475934e-01,3.407786e-01,3.415470e-02,2.731252e-02,8.876604e-02,8.193756e-02,1.433774e-01,1.365626e-01
2.695170e-01,9.564861e-03,2.770988e-03,1.509324e-02,8.312965e-03,2.062161e-02,1.385494e-02,7.446295e-02,6.766908e-02,2.097875e-01,2.030072e-01,3.451121e-01,3.383454e-01,3.391147e-02,2.711760e-02,8.813308e-02,8.135281e-02,1.423547e-01,1.355880e-01
2.733630e-01,9.416056e-03,2.670145e-03,1.474284e-02,8.010436e-03,2.006963e-02,1.335073e-02,7.394681e-02,6.720090e-02,2.083351e-01,2.016027e-01,3.427234e-01,3.360045e-01,3.367595e-02,2.693004e-02,8.752253e-02,8.079012e-02,1.413691e-01,1.346502e-01
2.772639e-01,9.269853e-03,2.571566e-03,1.439957e-02,7.714697e-03,1.952930e-02,1.285783e-02,7.343158e-02,6.673330e-02,2.068848e-01,2.001999e-01,3.403380e-01,3.336665e-01,3.344102e-02,2.674273e-02,8.691308e-02,8.022820e-02,1.403851e-01,1.337137e-01
2.812204e-01,9.128797e-03,2.477795e-03,1.407107e-02,7.433386e-03,1.901335e-02,1.238898e-02,7.291675e-02,6.626575e-02,2.054349e-01,1.987973e-01,3.379531e-01,3.313288e-01,3.320643e-02,2.655543e-02,8.630396e-02,7.966628e-02,1.394015e-01,1.327771e-01
2.852335e-01,8.991544e-03,2.387496e-03,1.375332e-02,7.162489e-03,1.851509e-02,1.193748e-02,7.240220e-02,6.579815e-02,2.039853e-01,1.973944e-01,3.355683e-01,3.289907e-01,3.297216e-02,2.636811e-02,8.569515e-02,7.910433e-02,1.384181e-01,1.318405e-01
2.893037e-01,8.857679e-03,2.300252e-03,1.344506e-02,6.900756e-03,1.803243e-02,1.150126e-02,7.188797e-02,6.533055e-02,2.025359e-01,1.959916e-01,3.331839e-01,3.266527e-01,3.273823e-02,2.618080e-02,8.508670e-02,7.854240e-02,1.374352e-01,1.309040e-01
2.934321e-01,8.727111e-03,2.215977e-03,1.314603e-02,6.647931e-03,1.756495e-02,1.107989e-02,7.137408e-02,6.486294e-02,2.010869e-01,1.945888e-01,3.307998e-01,3.243147e-01,3.250462e-02,2.599348e-02,8.447855e-02,7.798045e-02,1.364525e-01,1.299674e-01
2.976194e-01,8.600359e-03,2.135190e-03,1.285780e-02,6.405571e-03,1.711523e-02,1.067595e-02,7.086057e-02,6.439540e-02,1.996384e-01,1.931862e-01,3.284163e-01,3.219770e-01,3.227135e-02,2.580618e-02,8.387076e-02,7.741853e-02,1.354702e-01,1.290309e-01
3.018664e-01,8.477067e-03,2.057539e-03,1.257929e-02,6.172618e-03,1.668152e-02,1.028770e-02,7.036613e-02,6.394660e-02,1.982465e-01,1.918398e-01,3.261268e-01,3.197330e-01,3.204592e-02,2.562640e-02,8.328587e-02,7.687919e-02,1.345258e-01,1.281320e-01
3.061741e-01,8.356851e-03,1.982643e-03,1.230937e-02,5.947928e-03,1.626190e-02,9.913213e-03,6.987673e-02,6.350252e-02,1.968690e-01,1.905076e-01,3.238613e-01,3.175126e-01,3.182271e-02,2.544850e-02,8.270696e-02,7.634551e-02,1.335912e-01,1.272425e-01
3.105432e-01,8.239580e-03,1.910370e-03,1.204765e-02,5.731111e-03,1.585572e-02,9.551852e-03,6.938764e-02,6.305844e-02,1.954918e-01,1.891753e-01,3.215960e-01,3.152922e-01,3.159982e-02,2.527061e-02,8.212837e-02,7.581183e-02,1.326569e-01,1.263530e-01
3.149746e-01,8.125203e-03,1.840674e-03,1.179397e-02,5.522023e-03,1.546274e-02,9.203372e-03,6.889894e-02,6.261441e-02,1.941152e-01,1.878432e-01,3.193314e-01,3.130721e-01,3.137725e-02,2.509272e-02,8.155010e-02,7.527815e-02,1.317229e-01,1.254636e-01
3.194693e-01,8.013795e-03,1.773633e-03,1.154857e-02,5.320898e-03,1.508334e-02,8.868163e-03,6.841049e-02,6.217033e-02,1.927387e-01,1.865110e-01,3.170668e-01,3.108516e-01,3.115499e-02,2.491482e-02,8.097214e-02,7.474447e-02,1.307893e-01,1.245741e-01
3.240282e-01,7.905398e-03,1.709289e-03,1.131157e-02,5.127868e-03,1.471775e-02,8.546446e-03,6.792236e-02,6.172625e-02,1.913624e-01,1.851787e-01,3.148025e-01,3.086312e-01,3.093304e-02,2.473693e-02,8.039449e-02,7.421079e-02,1.298559e-01,1.236846e-01
3.286521e-01,7.799688e-03,1.647321e-03,1.108201e-02,4.941963e-03,1.436434e-02,8.236605e-03,6.743453e-02,6.128216e-02,1.899865e-01,1.838465e-01,3.125386e-01,3.064108e-01,3.071140e-02,2.455904e-02,7.981716e-02,7.367711e-02,1.289229e-01,1.227952e-01
3.333419e-01,7.696515e-03,1.587580e-03,1.085945e-02,4.762740e-03,1.402238e-02,7.937900e-03,6.695484e-02,6.084590e-02,1.886344e-01,1.825377e-01,3.103140e-01,3.042295e-01,3.049319e-02,2.438426e-02,7.924947e-02,7.315277e-02,1.280058e-01,1.219213e-01
3.380987e-01,7.595814e-03,1.530005e-03,1.064368e-02,4.590015e-03,1.369155e-02,7.650024e-03,6.648684e-02,6.042103e-02,1.873168e-01,1.812631e-01,3.081467e-01,3.021051e-01,3.027985e-02,2.421404e-02,7.869579e-02,7.264212e-02,1.271117e-01,1.210702e-01
3.429234e-01,7.497520e-03,1.474533e-03,1.043453e-02,4.423599e-03,1.337154e-02,7.372664e-03,6.601908e-02,5.999610e-02,1.859992e-01,1.799883e-01,3.059794e-01,2.999805e-01,3.006681e-02,2.404383e-02,7.814241e-02,7.213148e-02,1.262180e-01,1.202191e-01
3.478170e-01,7.401566e-03,1.421099e-03,1.023179e-02,4.263298e-03,1.306202e-02,7.105497e-03,6.555169e-02,5.957122e-02,1.846822e-01,1.787137e-01,3.038126e-01,2.978561e-01,2.985408e-02,2.387361e-02,7.758932e-02,7.162083e-02,1.253246e-01,1.193681e-01
3.527803e-01,7.307885e-03,1.369637e-03,1.003527e-02,4.108912e-03,1.276266e-02,6.848186e-03,6.508460e-02,5.914635e-02,1.833654e-01,1.774391e-01,3.016462e-01,2.957318e-01,2.964164e-02,2.370340e-02,7.703654e-02,7.111019e-02,1.244314e-01,1.185170e-01
3.578145e-01,7.216406e-03,1.320080e-03,9.844761e-03,3.960240e-03,1.247312e-02,6.600399e-03,6.462378e-02,5.872746e-02,1.820669e-01,1.761824e-01,2.995100e-01,2.936373e-01,2.943190e-02,2.353558e-02,7.649125e-02,7.060673e-02,1.235506e-01,1.176779e-01
3.629205e-01,7.127093e-03,1.272392e-03,9.660155e-03,3.817175e-03,1.219322e-02,6.361959e-03,6.417362e-02,5.831892e-02,1.807997e-01,1.749567e-01,2.974258e-01,2.915946e-01,2.922662e-02,2.337192e-02,7.595873e-02,7.011575e-02,1.226908e-01,1.168596e-01
3.680994e-01,7.039925e-03,1.226556e-03,9.481398e-03,3.679667e-03,1.192287e-02,6.132779e-03,6.372374e-02,5.791037e-02,1.795329e-01,1.737311e-01,2.953420e-01,2.895519e-01,2.902162e-02,2.320825e-02,7.542647e-02,6.962474e-02,1.218313e-01,1.160412e-01
3.733522e-01,6.954550e-03,1.182220e-03,9.307434e-03,3.546661e-03,1.166032e-02,5.911101e-03,6.327415e-02,5.750182e-02,1.782662e-01,1.725055e-01,2.932583e-01,2.875091e-01,2.881692e-02,2.304459e-02,7.489454e-02,6.913377e-02,1.209722e-01,1.152229e-01
3.786799e-01,6.871901e-03,1.140322e-03,9.141070e-03,3.420965e-03,1.141024e-02,5.701609e-03,6.282487e-02,5.709329e-02,1.770000e-01,1.712799e-01,2.911751e-01,2.854665e-01,2.861250e-02,2.288092e-02,7.436287e-02,6.864276e-02,1.201132e-01,1.144046e-01
3.840837e-01,6.789725e-03,1.098608e-03,8.975547e-03,3.295823e-03,1.116137e-02,5.493039e-03,6.237587e-02,5.668475e-02,1.757340e-01,1.700543e-01,2.890921e-01,2.834238e-01,2.840838e-02,2.271726e-02,7.383151e-02,6.815178e-02,1.192546e-01,1.135863e-01
3.895646e-01,6.710640e-03,1.059699e-03,8.818725e-03,3.179098e-03,1.092681e-02,5.298496e-03,6.193261e-02,5.628167e-02,1.744846e-01,1.688450e-01,2.870367e-01,2.814084e-01,2.820672e-02,2.255578e-02,7.330697e-02,6.766734e-02,1.184072e-01,1.127789e-01
3.951237e-01,6.632163e-03,1.021116e-03,8.663161e-03,3.063347e-03,1.069416e-02,5.105578e-03,6.150138e-02,5.589033e-02,1.732708e-01,1.676710e-01,2.850402e-01,2.794516e-01,2.801004e-02,2.239900e-02,7.279681e-02,6.719699e-02,1.175836e-01,1.119950e-01
4.007621e-01,6.556344e-03,9.849081e-04,8.515006e-03,2.954724e-03,1.047367e-02,4.924541e-03,6.107042e-02,5.549899e-02,1.720572e-01,1.664970e-01,2.830441e-01,2.774949e-01,2.781366e-02,2.224222e-02,7.228695e-02,6.672667e-02,1.167602e-01,1.112111e-01
4.064810e-01,6.481370e-03,9.492655e-04,8.368825e-03,2.847796e-03,1.025628e-02,4.746327e-03,6.063975e-02,5.510765e-02,1.708440e-01,1.653229e-01,2.810482e-01,2.755382e-01,2.761755e-02,2.208545e-02,7.177738e-02,6.625635e-02,1.159372e-01,1.104273e-01
4.122815e-01,6.408557e-03,9.155073e-04,8.228575e-03,2.746522e-03,1.004859e-02,4.577536e-03,6.020936e-02,5.471631e-02,1.696310e-01,1.641489e-01,2.790526e-01,2.735816e-01,2.742172e-02,2.192867e-02,7.126806e-02,6.578600e-02,1.151144e-01,1.096433e-01
4.181648e-01,6.336889e-03,8.826174e-04,8.091204e-03,2.647852e-03,9.845519e-03,4.413087e-03,5.977924e-02,5.432497e-02,1.684183e-01,1.629749e-01,2.770573e-01,2.716249e-01,2.722617e-02,2.177189e-02,7.075904e-02,6.531568e-02,1.142919e-01,1.088595e-01
4.241320e-01,6.266850e-03,8.510833e-04,7.958174e-03,2.553250e-03,9.649499e-03,4.255417e-03,5.935318e-02,5.393741e-02,1.672172e-01,1.618122e-01,2.750811e-01,2.696870e-01,2.703239e-02,2.161662e-02,7.025479e-02,6.484986e-02,1.134772e-01,1.080831e-01
4.301844e-01,6.198293e-03,8.207596e-04,7.829047e-03,2.462279e-03,9.459800e-03,4.103798e-03,5.893965e-02,5.356212e-02,1.660531e-01,1.606864e-01,2.731666e-01,2.678106e-01,2.684381e-02,2.146627e-02,6.976558e-02,6.439881e-02,1.126874e-01,1.073314e-01
4.363231e-01,6.130823e-03,7.912518e-04,7.702636e-03,2.373755e-03,9.274450e-03,3.956259e-03,5.852640e-02,5.318683e-02,1.648894e-01,1.595605e-01,2.712523e-01,2.659341e-01,2.665550e-02,2.131593e-02,6.927668e-02,6.394779e-02,1.118978e-01,1.065797e-01
4.425494e-01,6.065189e-03,7.633129e-04,7.581201e-03,2.289939e-03,9.097212e-03,3.816565e-03,5.811342e-02,5.281155e-02,1.637259e-01,1.584346e-01,2.693384e-01,2.640577e-01,2.646746e-02,2.116558e-02,6.878801e-02,6.349675e-02,1.111086e-01,1.058279e-01
4.488646e-01,6.000343e-03,7.358953e-04,7.461594e-03,2.207686e-03,8.922845e-03,3.679477e-03,5.770070e-02,5.243626e-02,1.625627e-01,1.573088e-01,2.674246e-01,2.621813e-01,2.627968e-02,2.101523e-02,6.829960e-02,6.304570e-02,1.103195e-01,1.050762e-01
4.552700e-01,5.937213e-03,7.099308e-04,7.346610e-03,2.129792e-03,8.756006e-03,3.549654e-03,5.728825e-02,5.206097e-02,1.613997e-01,1.561829e-01,2.655112e-01,2.603049e-01,2.609216e-02,2.086488e-02,6.781146e-02,6.259465e-02,1.095308e-01,1.043244e-01
4.617667e-01,5.875084e-03,6.847042e-04,7.234102e-03,2.054113e-03,8.593119e-03,3.423521e-03,5.688460e-02,5.169422e-02,1.602627e-01,1.550827e-01,2.636407e-01,2.584711e-01,2.590833e-02,2.071795e-02,6.733383e-02,6.215384e-02,1.087593e-01,1.035897e-01
4.683561e-01,5.814031e-03,6.602923e-04,7.124297e-03,1.980877e-03,8.434564e-03,3.301461e-03,5.648967e-02,5.133593e-02,1.591512e-01,1.540078e-01,2.618128e-01,2.566797e-01,2.572815e-02,2.057441e-02,6.686665e-02,6.172323e-02,1.080051e-01,1.028720e-01
4.750395e-01,5.754445e-03,6.370893e-04,7.018379e-03,1.911268e-03,8.282312e-03,3.185446e-03,5.609500e-02,5.097764e-02,1.580400e-01,1.529329e-01,2.599851e-01,2.548882e-01,2.554823e-02,2.043087e-02,6.639972e-02,6.129261e-02,1.072512e-01,1.021543e-01
4.818184e-01,5.695670e-03,6.144406e-04,6.914378e-03,1.843322e-03,8.133087e-03,3.072203e-03,5.570058e-02,5.061935e-02,1.569291e-01,1.518580e-01,2.581576e-01,2.530967e-01,2.536855e-02,2.028732e-02,6.593302e-02,6.086196e-02,1.064975e-01,1.014366e-01
4.886939e-01,5.638127e-03,5.927689e-04,6.813564e-03,1.778307e-03,7.989001e-03,2.963845e-03,5.530642e-02,5.026106e-02,1.558184e-01,1.507832e-01,2.563304e-01,2.513053e-01,2.518914e-02,2.014378e-02,6.546660e-02,6.043135e-02,1.057441e-01,1.007189e-01
4.956676e-01,5.581686e-03,5.719457e-04,6.715548e-03,1.715837e-03,7.849410e-03,2.859729e-03,5.491251e-02,4.990277e-02,1.547080e-01,1.497083e-01,2.545035e-01,2.495138e-01,2.500997e-02,2.000023e-02,6.500041e-02,6.000070e-02,1.049908e-01,1.000012e-01
5.027408e-01,5.526058e-03,5.516847e-04,6.619469e-03,1.655054e-03,7.712880e-03,2.758423e-03,5.451886e-02,4.954448e-02,1.535979e-01,1.486334e-01,2.526769e-01,2.477224e-01,2.483107e-02,1.985669e-02,6.453450e-02,5.957008e-02,1.042379e-01,9.928347e-02
5.099149e-01,5.471602e-03,5.323449e-04,6.526403e-03,1.597035e-03,7.581204e-03,2.661724e-03,5.412752e-02,4.918826e-02,1.524942e-01,1.475648e-01,2.508608e-01,2.459413e-01,2.465324e-02,1.971399e-02,6.407132e-02,5.914196e-02,1.034894e-01,9.856993e-02
5.171914e-01,5.418105e-03,5.137172e-04,6.435721e-03,1.541152e-03,7.453337e-03,2.568586e-03,5.374864e-02,4.884425e-02,1.514273e-01,1.465328e-01,2.491060e-01,2.442213e-01,2.448055e-02,1.957616e-02,6.362306e-02,5.872849e-02,1.027656e-01,9.788081e-02
5.245718e-01,5.365397e-03,4.956325e-04,6.346913e-03,1.486898e-03,7.328429e-03,2.478163e-03,5.337001e-02,4.850024e-02,1.503607e-01,1.455007e-01,2.473515e-01,2.425012e-01,2.430810e-02,1.943834e-02,6.317503e-02,5.831502e-02,1.020420e-01,9.719170e-02
5.320574e-01,5.313678e-03,4.782907e-04,6.260579e-03,1.434872e-03,7.207480e-03,2.391454e-03,5.299162e-02,4.815623e-02,1.492944e-01,1.444687e-01,2.455972e-01,2.407811e-01,2.413589e-02,1.930051e-02,6.272723e-02,5.790152e-02,1.013186e-01,9.650254e-02
5.396499e-01,5.262912e-03,4.616607e-04,6.176621e-03,1.384982e-03,7.090330e-03,2.308303e-03,5.261412e-02,4.781287e-02,1.482303e-01,1.434386e-01,2.438464e-01,2.390644e-01,2.396420e-02,1.916295e-02,6.228048e-02,5.748885e-02,1.005968e-01,9.581474e-02
5.473507e-01,5.212897e-03,4.455401e-04,6.094433e-03,1.336620e-03,6.975969e-03,2.227701e-03,5.224966e-02,4.748230e-02,1.472047e-01,1.424469e-01,2.421598e-01,2.374115e-01,2.379787e-02,1.903051e-02,6.184935e-02,5.709154e-02,9.990083e-02,9.515256e-02
5.551614e-01,5.163663e-03,4.299620e-04,6.014110e-03,1.289886e-03,6.864558e-03,2.149810e-03,5.188544e-02,4.715174e-02,1.461794e-01,1.414552e-01,2.404734e-01,2.357587e-01,2.363177e-02,1.889807e-02,6.141842e-02,5.669420e-02,9.920508e-02,9.449033e-02
5.630836e-01,5.115376e-03,4.150929e-04,5.936152e-03,1.245279e-03,6.756928e-03,2.075464e-03,5.152145e-02,4.682117e-02,1.451544e-01,1.404635e-01,2.387873e-01,2.341058e-01,2.346591e-02,1.876563e-02,6.098776e-02,5.629689e-02,9.850961e-02,9.382814e-02
5.711188e-01,5.067835e-03,4.007335e-04,5.859958e-03,1.202201e-03,6.652082e-03,2.003668e-03,5.115770e-02,4.649060e-02,1.441296e-01,1.394718e-01,2.371014e-01,2.324530e-01,2.330029e-02,1.863319e-02,6.055733e-02,5.589958e-02,9.781438e-02,9.316596e-02
5.792687e-01,5.021000e-03,3.868462e-04,5.785415e-03,1.160539e-03,6.549829e-03,1.934231e-03,5.079418e-02,4.616003e-02,1.431050e-01,1.384801e-01,2.354157e-01,2.308001e-01,2.313490e-02,1.850075e-02,6.012711e-02,5.550224e-02,9.711933e-02,9.250373e-02
5.875349e-01,4.974887e-03,3.734489e-04,5.712573e-03,1.120347e-03,6.450259e-03,1.867244e-03,5.043090e-02,4.582946e-02,1.420806e-01,1.374884e-01,2.337303e-01,2.291473e-01,2.296975e-02,1.836831e-02,5.969715e-02,5.510493e-02,9.642456e-02,9.184155e-02
5.959190e-01,4.929565e-03,3.606107e-04,5.641640e-03,1.081832e-03,6.353714e-03,1.803053e-03,5.006785e-02,4.549890e-02,1.410565e-01,1.364967e-01,2.320451e-01,2.274945e-01,2.280483e-02,1.823587e-02,5.926743e-02,5.470762e-02,9.573002e-02,9.117936e-02
6.044228e-01,4.884950e-03,3.482505e-04,5.572369e-03,1.044751e-03,6.259787e-03,1.741252e-03,4.971966e-02,4.518296e-02,1.400765e-01,1.355489e-01,2.304333e-01,2.259148e-01,2.264598e-02,1.810928e-02,5.885547e-02,5.432785e-02,9.506496e-02,9.054642e-02
6.130479e-01,4.840985e-03,3.363125e-04,5.504592e-03,1.008937e-03,6.168198e-03,1.681562e-03,4.937368e-02,4.486901e-02,1.391027e-01,1.346070e-01,2.288317e-01,2.243451e-01,2.248818e-02,1.798351e-02,5.844618e-02,5.395052e-02,9.440417e-02,8.991754e-02
6.217961e-01,4.797662e-03,3.247905e-04,5.438289e-03,9.743715e-04,6.078915e-03,1.623953e-03,4.902794e-02,4.455506e-02,1.381291e-01,1.336652e-01,2.272303e-01,2.227753e-01,2.233059e-02,1.785772e-02,5.803708e-02,5.357316e-02,9.374357e-02,8.928860e-02
6.306692e-01,4.754987e-03,3.136921e-04,5.373480e-03,9.410764e-04,5.991973e-03,1.568461e-03,4.868242e-02,4.424112e-02,1.371558e-01,1.327234e-01,2.256291e-01,2.212056e-01,2.217324e-02,1.773194e-02,5.762823e-02,5.319583e-02,9.308323e-02,8.865972e-02
6.396688e-01,4.712953e-03,3.030110e-04,5.310146e-03,9.090330e-04,5.907340e-03,1.515055e-03,4.833713e-02,4.392719e-02,1.361827e-01,1.317816e-01,2.240282e-01,2.196359e-01,2.201611e-02,1.760617e-02,5.721961e-02,5.281850e-02,9.242312e-02,8.803083e-02
6.487969e-01,4.671566e-03,2.927564e-04,5.248313e-03,8.782691e-04,5.825059e-03,1.463782e-03,4.799205e-02,4.361324e-02,1.352098e-01,1.308397e-01,2.224275e-01,2.180662e-01,2.185919e-02,1.748038e-02,5.681118e-02,5.244114e-02,9.176318e-02,8.740190e-02
6.580553e-01,4.630779e-03,2.828820e-04,5.187839e-03,8.486460e-04,5.744898e-03,1.414410e-03,4.764720e-02,4.329930e-02,1.342371e-01,1.298979e-01,2.208270e-01,2.164965e-01,2.170250e-02,1.735460e-02,5.640300e-02,5.206381e-02,9.110350e-02,8.677301e-02
6.674457e-01,4.590562e-03,2.733587e-04,5.128636e-03,8.200760e-04,5.666710e-03,1.366793e-03,4.730916e-02,4.299196e-02,1.332844e-01,1.289759e-01,2.192597e-01,2.149598e-01,2.154866e-02,1.723146e-02,5.600293e-02,5.169437e-02,9.045720e-02,8.615729e-02
6.769702e-01,4.550864e-03,2.641380e-04,5.070558e-03,7.924141e-04,5.590252e-03,1.320690e-03,4.697829e-02,4.269157e-02,1.323528e-01,1.280747e-01,2.177274e-01,2.134578e-01,2.139783e-02,1.711110e-02,5.561146e-02,5.133331e-02,8.982508e-02,8.555552e-02
6.866306e-01,4.511773e-03,2.553101e-04,5.013872e-03,7.659302e-04,5.515971e-03,1.276550e-03,4.664764e-02,4.239117e-02,1.314215e-01,1.271735e-01,2.161953e-01,2.119559e-01,2.124721e-02,1.699075e-02,5.522019e-02,5.097225e-02,8.919317e-02,8.495375e-02
6.964288e-01,4.473159e-03,2.467444e-04,4.958187e-03,7.402332e-04,5.443214e-03,1.233722e-03,4.631720e-02,4.209078e-02,1.304903e-01,1.262724e-01,2.146634e-01,2.104539e-01,2.109681e-02,1.687040e-02,5.482915e-02,5.061119e-02,8.856148e-02,8.435199e-02
7.063669e-01,4.435134e-03,2.385561e-04,4.903845e-03,7.156684e-04,5.372555e-03,1.192781e-03,4.598697e-02,4.179039e-02,1.295594e-01,1.253712e-01,2.131317e-01,2.089520e-01,2.094662e-02,1.675004e-02,5.443831e-02,5.025013e-02,8.793000e-02,8.375022e-02
7.164468e-01,4.397573e-03,2.306210e-04,4.850473e-03,6.918630e-04,5.303372e-03,1.153105e-03,4.566212e-02,4.149517e-02,1.286441e-01,1.244855e-01,2.116261e-01,2.074758e-01,2.079871e-02,1.663176e-02,5.405388e-02,4.989527e-02,8.730905e-02,8.315878e-02
7.266705e-01,4.360535e-03,2.230001e-04,4.798252e-03,6.690004e-04,5.235969e-03,1.115001e-03,4.534388e-02,4.120635e-02,1.277483e-01,1.236190e-01,2.101527e-01,2.060317e-01,2.065358e-02,1.651604e-02,5.367739e-02,4.954813e-02,8.670119e-02,8.258022e-02
7.370401e-01,4.324036e-03,2.157102e-04,4.747232e-03,6.471305e-04,5.170427e-03,1.078551e-03,4.502586e-02,4.091753e-02,1.268527e-01,1.227526e-01,2.086795e-01,2.045877e-01,2.050865e-02,1.640032e-02,5.330107e-02,4.920097e-02,8.609349e-02,8.200161e-02
7.475577e-01,4.287964e-03,2.086406e-04,4.697078e-03,6.259219e-04,5.106193e-03,1.043203e-03,4.470803e-02,4.062871e-02,1.259573e-01,1.218861e-01,2.072065e-01,2.031436e-01,2.036393e-02,1.628461e-02,5.292499e-02,4.885383e-02,8.548604e-02,8.142305e-02
7.582253e-01,4.252324e-03,2.017989e-04,4.647813e-03,6.053967e-04,5.043301e-03,1.008994e-03,4.439042e-02,4.033989e-02,1.250621e-01,1.210197e-01,2.057338e-01,2.016995e-01,2.021941e-02,1.616889e-02,5.254908e-02,4.850667e-02,8.487875e-02,8.084444e-02
7.690452e-01,4.217273e-03,1.953426e-04,4.599906e-03,5.860277e-04,4.982539e-03,9.767129e-04,4.407301e-02,4.005108e-02,1.241671e-01,1.201532e-01,2.042612e-01,2.002554e-01,2.007510e-02,1.605317e-02,5.217338e-02,4.815950e-02,8.427166e-02,8.026583e-02
7.800195e-01,4.182483e-03,1.889456e-04,4.552379e-03,5.668367e-04,4.922275e-03,9.447279e-04,4.376063e-02,3.976709e-02,1.232868e-01,1.193013e-01,2.028130e-01,1.988354e-01,1.993293e-02,1.593939e-02,5.180371e-02,4.781816e-02,8.367449e-02,7.969694e-02
7.911504e-01,4.148234e-03,1.828893e-04,4.506074e-03,5.486678e-04,4.863914e-03,9.144463e-04,4.345577e-02,3.949043e-02,1.224287e-01,1.184713e-01,2.014016e-01,1.974521e-01,1.979388e-02,1.582853e-02,5.144301e-02,4.748560e-02,8.309214e-02,7.914267e-02
8.024402e-01,4.114409e-03,1.770585e-04,4.460644e-03,5.311756e-04,4.806879e-03,8.852927e-04,4.315111e-02,3.921376e-02,1.215707e-01,1.176413e-01,1.999904e-01,1.960688e-01,1.965503e-02,1.571768e-02,5.108251e-02,4.715304e-02,8.250998e-02,7.858840e-02
8.138910e-01,4.080980e-03,1.714251e-04,4.416003e-03,5.142753e-04,4.751027e-03,8.571255e-04,4.284665e-02,3.893709e-02,1.207130e-01,1.168113e-01,1.985794e-01,1.946855e-01,1.951639e-02,1.560683e-02,5.072223e-02,4.682050e-02,8.192807e-02,7.803417e-02
8.255053e-01,4.047983e-03,1.660275e-04,4.372266e-03,4.980825e-04,4.696550e-03,8.301376e-04,4.254238e-02,3.866043e-02,1.198555e-01,1.159813e-01,1.971685e-01,1.933021e-01,1.937794e-02,1.549598e-02,5.036212e-02,4.648794e-02,8.134631e-02,7.747990e-02
8.372852e-01,4.015340e-03,1.607894e-04,4.329202e-03,4.823681e-04,4.643064e-03,8.039468e-04,4.223831e-02,3.838376e-02,1.189981e-01,1.151513e-01,1.957579e-01,1.919188e-01,1.923968e-02,1.538513e-02,5.000221e-02,4.615538e-02,8.076475e-02,7.692563e-02
8.492333e-01,3.983136e-03,1.557969e-04,4.287068e-03,4.673908e-04,4.590999e-03,7.789847e-04,4.194099e-02,3.811365e-02,1.181606e-01,1.143410e-01,1.943803e-01,1.905683e-01,1.910305e-02,1.527571e-02,4.964682e-02,4.582714e-02,8.019059e-02,7.637857e-02
8.613519e-01,3.951277e-03,1.509569e-04,4.245582e-03,4.528707e-04,4.539888e-03,7.547845e-04,4.165118e-02,3.785086e-02,1.173453e-01,1.135526e-01,1.930394e-01,1.892543e-01,1.896973e-02,1.516941e-02,4.930093e-02,4.550822e-02,7.963214e-02,7.584703e-02
8.736434e-01,3.919817e-03,1.463252e-04,4.204913e-03,4.389756e-04,4.490008e-03,7.316261e-04,4.135779e-02,3.758429e-02,1.165188e-01,1.127529e-01,1.916799e-01,1.879215e-01,1.883659e-02,1.506310e-02,4.895523e-02,4.518930e-02,7.907388e-02,7.531549e-02
8.861103e-01,3.888711e-03,1.418591e-04,4.164928e-03,4.255772e-04,4.441145e-03,7.092954e-04,4.106459e-02,3.731774e-02,1.156926e-01,1.119532e-01,1.903205e-01,1.865887e-01,1.870364e-02,1.495679e-02,4.860972e-02,4.487037e-02,7.851581e-02,7.478396e-02
8.987552e-01,3.858043e-03,1.376420e-04,4.125879e-03,4.129259e-04,4.393714e-03,6.882099e-04,4.077157e-02,3.705117e-02,1.148665e-01,1.111535e-01,1.889614e-01,1.852559e-01,1.857088e-02,1.485048e-02,4.826440e-02,4.455145e-02,7.795792e-02,7.425242e-02
9.115804e-01,3.827596e-03,1.334594e-04,4.087119e-03,4.003781e-04,4.346642e-03,6.672968e-04,4.047875e-02,3.678461e-02,1.140406e-01,1.103538e-01,1.876024e-01,1.839231e-01,1.843831e-02,1.474418e-02,4.791927e-02,4.423253e-02,7.740022e-02,7.372088e-02
9.245887e-01,3.797611e-03,1.295530e-04,4.049373e-03,3.886591e-04,4.301136e-03,6.477652e-04,4.020027e-02,3.653221e-02,1.132574e-01,1.095966e-01,1.863144e-01,1.826611e-01,1.830873e-02,1.464067e-02,4.758272e-02,4.392201e-02,7.685672e-02,7.320335e-02
9.377826e-01,3.767866e-03,1.257030e-04,4.011980e-03,3.771091e-04,4.256095e-03,6.285151e-04,3.992240e-02,3.628024e-02,1.124756e-01,1.088407e-01,1.850288e-01,1.814012e-01,1.818134e-02,1.453918e-02,4.725242e-02,4.361754e-02,7.632349e-02,7.269591e-02
9.511648e-01,3.738543e-03,1.220920e-04,3.975487e-03,3.662761e-04,4.212431e-03,6.104602e-04,3.964471e-02,3.602826e-02,1.116940e-01,1.080848e-01,1.837433e-01,1.801413e-01,1.805414e-02,1.443768e-02,4.692226e-02,4.331305e-02,7.579039e-02,7.218842e-02
9.647379e-01,3.709465e-03,1.185449e-04,3.939366e-03,3.556348e-04,4.169267e-03,5.927247e-04,3.936721e-02,3.577629e-02,1.109126e-01,1.073289e-01,1.824580e-01,1.788814e-01,1.792712e-02,1.433620e-02,4.659232e-02,4.300859e-02,7.525753e-02,7.168098e-02
9.785048e-01,3.680794e-03,1.152243e-04,3.904105e-03,3.456729e-04,4.127415e-03,5.761215e-04,3.908989e-02,3.552432e-02,1.101314e-01,1.065729e-01,1.811729e-01,1.776216e-01,1.780027e-02,1.423470e-02,4.626253e-02,4.270410e-02,7.472479e-02,7.117350e-02
9.924681e-01,3.652362e-03,1.119631e-04,3.869200e-03,3.358894e-04,4.086039e-03,5.598157e-04,3.881274e-02,3.527234e-02,1.093503e-01,1.058170e-01,1.798879e-01,1.763617e-01,1.767361e-02,1.413321e-02,4.593295e-02,4.239964e-02,7.419228e-02,7.066606e-02
1.006631e+00,3.624298e-03,1.088933e-04,3.835047e-03,3.266799e-04,4.045795e-03,5.444664e-04,3.852998e-02,3.501457e-02,1.085521e-01,1.050437e-01,1.785742e-01,1.750729e-01,1.754712e-02,1.403172e-02,4.560351e-02,4.209515e-02,7.365990e-02,7.015858e-02
1.020995e+00,3.596512e-03,1.059240e-04,3.801372e-03,3.177719e-04,4.006232e-03,5.296199e-04,3.824555e-02,3.475496e-02,1.077485e-01,1.042649e-01,1.772514e-01,1.737748e-01,1.742172e-02,1.393113e-02,4.527700e-02,4.179340e-02,7.313228e-02,6.965566e-02
1.035565e+00,3.569056e-03,1.031097e-04,3.768336e-03,3.093290e-04,3.967617e-03,5.155484e-04,3.797770e-02,3.451176e-02,1.069943e-01,1.035353e-01,1.760108e-01,1.725588e-01,1.729964e-02,1.383369e-02,4.496008e-02,4.150108e-02,7.262053e-02,6.916846e-02
1.050342e+00,3.541861e-03,1.003819e-04,3.735735e-03,3.011457e-04,3.929609e-03,5.019095e-04,3.771003e-02,3.426855e-02,1.062402e-01,1.028057e-01,1.747705e-01,1.713428e-01,1.717772e-02,1.373624e-02,4.464331e-02,4.120872e-02,7.210891e-02,6.868121e-02
1.065331e+00,3.514980e-03,9.779746e-05,3.703734e-03,2.933924e-04,3.892487e-03,4.889873e-04,3.744254e-02,3.402535e-02,1.054864e-01,1.020761e-01,1.735303e-01,1.701268e-01,1.705597e-02,1.363879e-02,4.432672e-02,4.091637e-02,7.159746e-02,6.819396e-02
1.080533e+00,3.488391e-03,9.533210e-05,3.672263e-03,2.859963e-04,3.856134e-03,4.766605e-04,3.717779e-02,3.378473e-02,1.047405e-01,1.013542e-01,1.723031e-01,1.689237e-01,1.693489e-02,1.354183e-02,4.401176e-02,4.062549e-02,7.108863e-02,6.770916e-02
1.095952e+00,3.462061e-03,9.295466e-05,3.641225e-03,2.788640e-04,3.820390e-03,4.647733e-04,3.692645e-02,3.355735e-02,1.040344e-01,1.006720e-01,1.711424e-01,1.677867e-01,1.681730e-02,1.344819e-02,4.370694e-02,4.034458e-02,7.059658e-02,6.724096e-02
1.111592e+00,3.436058e-03,9.073770e-05,3.610836e-03,2.722131e-04,3.785615e-03,4.536885e-04,3.666769e-02,3.332237e-02,1.033057e-01,9.996712e-02,1.699438e-01,1.666119e-01,1.669986e-02,1.335454e-02,4.340225e-02,4.006363e-02,7.010464e-02,6.677271e-02
1.127454e+00,3.410281e-03,8.857596e-05,3.580783e-03,2.657279e-04,3.751285e-03,4.428798e-04,3.640910e-02,3.308740e-02,1.025772e-01,9.926219e-02,1.687454e-01,1.654370e-01,1.658261e-02,1.326090e-02,4.309776e-02,3.978271e-02,6.961292e-02,6.630452e-02
1.143543e+00,3.384833e-03,8.657821e-05,3.551386e-03,2.597346e-04,3.717940e-03,4.328910e-04,3.615068e-02,3.285243e-02,1.018489e-01,9.855729e-02,1.675472e-01,1.642621e-01,1.646551e-02,1.316725e-02,4.279341e-02,3.950176e-02,6.912132e-02,6.583627e-02
1.159861e+00,3.359629e-03,8.465820e-05,3.522389e-03,2.539746e-04,3.685149e-03,4.232910e-04,3.589243e-02,3.261745e-02,1.011208e-01,9.785236e-02,1.663491e-01,1.630873e-01,1.634859e-02,1.307361e-02,4.248926e-02,3.922084e-02,6.862993e-02,6.536807e-02
1.176413e+00,3.334688e-03,8.283714e-05,3.493852e-03,2.485114e-04,3.653016e-03,4.141857e-04,3.563433e-02,3.238248e-02,1.003928e-01,9.714744e-02,1.651512e-01,1.619124e-01,1.623182e-02,1.297997e-02,4.218524e-02,3.893990e-02,6.813866e-02,6.489983e-02
1.193200e+00,3.310048e-03,8.115313e-05,3.465890e-03,2.434594e-04,3.621732e-03,4.057657e-04,3.537641e-02,3.214751e-02,9.966496e-02,9.644253e-02,1.639535e-01,1.607376e-01,1.611522e-02,1.288633e-02,4.188141e-02,3.865898e-02,6.764760e-02,6.443163e-02
1.210227e+00,3.285636e-03,7.953597e-05,3.438289e-03,2.386079e-04,3.590942e-03,3.976799e-04,3.514024e-02,3.193414e-02,9.900211e-02,9.580243e-02,1.628640e-01,1.596707e-01,1.600330e-02,1.279721e-02,4.159130e-02,3.839162e-02,6.717929e-02,6.398603e-02
1.227497e+00,3.261518e-03,7.805169e-05,3.411248e-03,2.341551e-04,3.560978e-03,3.902584e-04,3.489755e-02,3.171408e-02,9.831933e-02,9.514224e-02,1.617411e-01,1.585704e-01,1.589173e-02,1.270826e-02,4.130188e-02,3.812479e-02,6.671203e-02,6.354132e-02
1.245013e+00,3.237659e-03,7.666617e-05,3.384663e-03,2.299985e-04,3.531667e-03,3.833309e-04,3.465110e-02,3.149011e-02,9.762498e-02,9.447032e-02,1.605989e-01,1.574505e-01,1.578032e-02,1.261933e-02,4.101266e-02,3.785799e-02,6.624499e-02,6.309665e-02
1.262780e+00,3.214059e-03,7.538181e-05,3.358539e-03,2.261454e-04,3.503019e-03,3.769090e-04,3.440482e-02,3.126614e-02,9.693081e-02,9.379842e-02,1.594568e-01,1.563307e-01,1.566907e-02,1.253040e-02,4.072359e-02,3.759119e-02,6.577810e-02,6.265199e-02
1.280800e+00,3.190752e-03,7.423266e-05,3.332978e-03,2.226980e-04,3.475204e-03,3.711633e-04,3.415869e-02,3.104217e-02,9.623679e-02,9.312651e-02,1.583149e-01,1.552109e-01,1.555798e-02,1.244147e-02,4.043468e-02,3.732440e-02,6.531137e-02,6.220733e-02
1.299077e+00,3.167656e-03,7.313812e-05,3.307737e-03,2.194144e-04,3.447818e-03,3.656906e-04,3.391272e-02,3.081820e-02,9.554293e-02,9.245461e-02,1.571731e-01,1.540910e-01,1.544704e-02,1.235252e-02,4.014589e-02,3.705757e-02,6.484474e-02,6.176262e-02
1.317615e+00,3.144848e-03,7.217628e-05,3.283049e-03,2.165288e-04,3.421250e-03,3.608814e-04,3.366690e-02,3.059423e-02,9.484921e-02,9.178269e-02,1.560315e-01,1.529712e-01,1.533626e-02,1.226359e-02,3.985729e-02,3.679077e-02,6.437832e-02,6.131795e-02
1.336417e+00,3.122316e-03,7.133570e-05,3.258880e-03,2.140071e-04,3.395443e-03,3.566785e-04,3.343013e-02,3.037915e-02,9.418232e-02,9.113744e-02,1.549345e-01,1.518957e-01,1.522782e-02,1.217684e-02,3.957538e-02,3.653051e-02,6.392295e-02,6.088419e-02
1.355488e+00,3.100062e-03,7.062038e-05,3.235238e-03,2.118612e-04,3.370414e-03,3.531019e-04,3.319571e-02,3.016627e-02,9.352218e-02,9.049880e-02,1.538487e-01,1.508313e-01,1.512118e-02,1.209173e-02,3.929858e-02,3.627520e-02,6.347598e-02,6.045867e-02
1.374830e+00,3.078076e-03,7.002007e-05,3.212094e-03,2.100602e-04,3.346112e-03,3.501004e-04,3.296144e-02,2.995339e-02,9.286220e-02,8.986016e-02,1.527630e-01,1.497669e-01,1.501470e-02,1.200664e-02,3.902196e-02,3.601992e-02,6.302922e-02,6.003321e-02
1.394449e+00,3.056364e-03,6.954370e-05,3.189472e-03,2.086311e-04,3.322580e-03,3.477185e-04,3.272733e-02,2.974051e-02,9.220237e-02,8.922152e-02,1.516774e-01,1.487025e-01,1.490837e-02,1.192155e-02,3.874548e-02,3.576464e-02,6.258260e-02,5.960774e-02
1.414348e+00,3.034951e-03,6.921615e-05,3.167446e-03,2.076484e-04,3.299941e-03,3.460807e-04,3.249336e-02,2.952763e-02,9.154268e-02,8.858288e-02,1.505920e-01,1.476381e-01,1.480219e-02,1.183645e-02,3.846916e-02,3.550936e-02,6.213613e-02,5.918227e-02
1.434531e+00,3.013833e-03,6.903533e-05,3.146008e-03,2.071060e-04,3.278184e-03,3.451767e-04,3.226684e-02,2.932205e-02,9.090504e-02,8.796614e-02,1.495432e-01,1.466102e-01,1.469788e-02,1.175308e-02,3.819814e-02,3.525923e-02,6.169839e-02,5.876539e-02
1.455002e+00,2.993028e-03,6.901917e-05,3.125212e-03,2.070575e-04,3.257397e-03,3.450958e-04,3.204702e-02,2.912301e-02,9.028720e-02,8.736904e-02,1.485274e-01,1.456151e-01,1.459527e-02,1.167126e-02,3.793193e-02,3.501377e-02,6.126859e-02,5.835629e-02
1.475765e+00,2.972547e-03,6.918099e-05,3.105097e-03,2.075430e-04,3.237646e-03,3.459049e-04,3.182688e-02,2.892352e-02,8.966810e-02,8.677055e-02,1.475093e-01,1.446176e-01,1.449280e-02,1.158944e-02,3.766587e-02,3.476831e-02,6.083893e-02,5.794719e-02
1.496824e+00,2.952422e-03,6.955207e-05,3.085755e-03,2.086562e-04,3.219088e-03,3.477603e-04,3.159864e-02,2.871577e-02,8.902440e-02,8.614730e-02,1.464502e-01,1.435788e-01,1.439049e-02,1.150762e-02,3.739995e-02,3.452285e-02,6.040941e-02,5.753808e-02
1.518184e+00,2.932642e-03,7.012394e-05,3.067159e-03,2.103718e-04,3.201676e-03,3.506197e-04,3.137053e-02,2.850802e-02,8.838084e-02,8.552405e-02,1.453911e-01,1.425401e-01,1.428831e-02,1.142580e-02,3.713418e-02,3.427739e-02,5.998004e-02,5.712898e-02
1.539848e+00,2.913264e-03,7.095384e-05,3.049482e-03,2.128615e-04,3.185699e-03,3.547692e-04,3.114257e-02,2.830026e-02,8.773740e-02,8.490078e-02,1.443322e-01,1.415013e-01,1.418628e-02,1.134397e-02,3.686852e-02,3.403190e-02,5.955077e-02,5.671984e-02
1.561822e+00,2.894317e-03,7.207190e-05,3.032810e-03,2.162157e-04,3.171304e-03,3.603595e-04,3.092207e-02,2.809983e-02,8.711607e-02,8.429948e-02,1.433101e-01,1.404991e-01,1.408604e-02,1.126380e-02,3.660799e-02,3.379139e-02,5.912993e-02,5.631899e-02
1.584109e+00,2.875848e-03,7.352679e-05,3.017291e-03,2.205804e-04,3.158735e-03,3.676339e-04,3.070971e-02,2.790738e-02,8.651886e-02,8.372215e-02,1.423280e-01,1.395369e-01,1.398774e-02,1.118542e-02,3.635297e-02,3.355626e-02,5.871820e-02,5.592710e-02
1.606714e+00,2.857922e-03,7.538369e-05,3.003119e-03,2.261511e-04,3.148316e-03,3.769185e-04,3.049748e-02,2.771494e-02,8.592178e-02,8.314481e-02,1.413461e-01,1.385747e-01,1.388958e-02,1.110704e-02,3.609810e-02,3.332113e-02,5.830661e-02,5.553522e-02
1.629642e+00,2.840617e-03,7.772177e-05,2.990529e-03,2.331653e-04,3.140441e-03,3.886088e-04,3.028539e-02,2.752249e-02,8.532483e-02,8.256747e-02,1.403643e-01,1.376125e-01,1.379156e-02,1.102867e-02,3.584336e-02,3.308600e-02,5.789516e-02,5.514333e-02
1.652897e+00,2.824051e-03,8.066050e-05,2.979879e-03,2.419815e-04,3.135708e-03,4.033025e-04,3.006785e-02,2.732446e-02,8.471128e-02,8.197338e-02,1.393547e-01,1.366223e-01,1.369368e-02,1.095029e-02,3.558876e-02,3.285087e-02,5.748385e-02,5.475144e-02
1.676484e+00,2.808349e-03,8.432567e-05,2.971546e-03,2.529770e-04,3.134744e-03,4.216283e-04,2.984758e-02,2.712356e-02,8.408924e-02,8.137068e-02,1.383309e-01,1.356178e-01,1.359593e-02,1.087191e-02,3.533430e-02,3.261573e-02,5.707267e-02,5.435956e-02
1.700408e+00,2.793762e-03,8.897000e-05,2.966287e-03,2.669100e-04,3.138812e-03,4.448500e-04,2.963429e-02,2.692950e-02,8.348786e-02,8.078849e-02,1.373414e-01,1.346475e-01,1.349960e-02,1.079481e-02,3.508380e-02,3.238442e-02,5.666800e-02,5.397404e-02
1.724672e+00,2.780611e-03,9.491245e-05,2.965059e-03,2.847374e-04,3.149507e-03,4.745623e-04,2.943155e-02,2.674585e-02,8.291786e-02,8.023754e-02,1.364042e-01,1.337292e-01,1.340534e-02,1.071964e-02,3.483923e-02,3.215891e-02,5.627313e-02,5.359819e-02
1.749284e+00,2.769288e-03,1.025503e-04,2.969050e-03,3.076509e-04,3.168812e-03,5.127515e-04,2.922894e-02,2.656220e-02,8.234801e-02,7.968661e-02,1.354671e-01,1.328110e-01,1.331121e-02,1.064448e-02,3.459483e-02,3.193343e-02,5.587844e-02,5.322238e-02
1.774246e+00,2.760496e-03,1.125836e-04,2.980362e-03,3.377509e-04,3.200228e-03,5.629182e-04,2.902175e-02,2.637384e-02,8.176413e-02,7.912152e-02,1.345065e-01,1.318692e-01,1.321722e-02,1.056931e-02,3.435053e-02,3.170792e-02,5.548384e-02,5.284653e-02
1.799564e+00,2.755322e-03,1.261027e-04,3.002264e-03,3.783081e-04,3.249205e-03,6.305134e-04,2.881180e-02,2.618258e-02,8.117171e-02,7.854775e-02,1.335316e-01,1.309129e-01,1.312336e-02,1.049414e-02,3.410637e-02,3.148241e-02,5.508937e-02,5.247068e-02
1.825244e+00,2.755698e-03,1.450401e-04,3.040552e-03,4.351204e-04,3.325406e-03,7.252006e-04,2.860199e-02,2.599133e-02,8.057941e-02,7.797398e-02,1.325568e-01,1.299566e-01,1.302963e-02,1.041898e-02,3.386236e-02,3.125693e-02,5.469508e-02,5.209488e-02
1.851291e+00,2.764704e-03,1.724760e-04,3.104466e-03,5.174281e-04,3.444228e-03,8.623802e-04,2.840396e-02,2.581173e-02,8.002224e-02,7.743520e-02,1.316405e-01,1.290587e-01,1.293830e-02,1.034607e-02,3.362525e-02,3.103821e-02,5.431220e-02,5.173035e-02
1.877708e+00,2.788426e-03,2.144981e-04,3.212270e-03,6.434943e-04,3.636113e-03,1.072491e-03,2.821198e-02,2.563805e-02,7.948293e-02,7.691416e-02,1.307539e-01,1.281903e-01,1.284823e-02,1.027430e-02,3.339169e-02,3.082291e-02,5.393515e-02,5.137152e-02
1.904503e+00,2.838393e-03,2.826356e-04,3.398548e-03,8.479068e-04,3.958702e-03,1.413178e-03,2.802013e-02,2.546437e-02,7.894375e-02,7.639311e-02,1.298674e-01,1.273218e-01,1.275830e-02,1.020254e-02,3.315826e-02,3.060762e-02,5.355822e-02,5.101270e-02
1.931681e+00,2.938394e-03,4.006792e-04,3.734672e-03,1.202038e-03,4.530950e-03,2.003396e-03,2.782308e-02,2.528537e-02,7.838874e-02,7.585611e-02,1.289544e-01,1.264268e-01,1.266850e-02,1.013078e-02,3.292499e-02,3.039235e-02,5.318148e-02,5.065392e-02
1.959246e+00,3.128359e-03,6.085593e-04,4.340433e-03,1.825678e-03,5.552507e-03,3.042796e-03,2.762219e-02,2.510239e-02,7.782192e-02,7.530716e-02,1.280216e-01,1.255119e-01,1.257882e-02,1.005902e-02,3.269181e-02,3.017706e-02,5.280481e-02,5.029510e-02
1.987204e+00,3.405502e-03,9.034904e-04,5.207473e-03,2.710471e-03,7.009445e-03,4.517452e-03,2.742141e-02,2.491940e-02,7.725520e-02,7.475820e-02,1.270890e-01,1.245970e-01,1.248928e-02,9.987264e-03,3.245880e-02,2.996179e-02,5.242832e-02,4.993632e-02
2.015562e+00,3.486394e-03,1.002046e-03,5.485513e-03,3.006139e-03,7.484633e-03,5.010232e-03,2.722076e-02,2.473641e-02,7.668861e-02,7.420924e-02,1.261565e-01,1.236821e-01,1.239985e-02,9.915500e-03,3.222587e-02,2.974650e-02,5.205190e-02,4.957750e-02
2.044324e+00,3.206868e-03,7.400586e-04,4.682047e-03,2.220176e-03,6.157225e-03,3.700293e-03,2.702447e-02,2.455767e-02,7.613487e-02,7.367300e-02,1.252453e-01,1.227883e-01,1.231142e-02,9.844612e-03,3.199571e-02,2.953384e-02,5.167999e-02,4.922306e-02
2.073497e+00,2.932821e-03,4.834267e-04,3.894771e-03,1.450280e-03,4.856721e-03,2.417134e-03,2.683789e-02,2.438850e-02,7.560998e-02,7.316549e-02,1.243821e-01,1.219425e-01,1.222511e-02,9.775715e-03,3.177164e-02,2.932714e-02,5.131816e-02,4.887857e-02
2.103085e+00,2.773037e-03,3.409336e-04,3.450035e-03,1.022801e-03,4.127034e-03,1.704668e-03,2.664900e-02,2.421690e-02,7.507793e-02,7.265069e-02,1.235069e-01,1.210845e-01,1.213891e-02,9.706808e-03,3.154766e-02,2.912042e-02,5.095641e-02,4.853404e-02
2.133096e+00,2.685410e-03,2.704758e-04,3.221527e-03,8.114273e-04,3.757643e-03,1.352379e-03,2.645768e-02,2.404275e-02,7.453835e-02,7.212825e-02,1.226190e-01,1.202137e-01,1.205284e-02,9.637911e-03,3.132383e-02,2.891373e-02,5.059482e-02,4.818955e-02
2.163536e+00,2.635822e-03,2.379371e-04,3.106896e-03,7.138112e-04,3.577969e-03,1.189685e-03,2.626927e-02,2.387139e-02,7.400724e-02,7.161416e-02,1.217452e-01,1.193569e-01,1.196746e-02,9.569570e-03,3.110179e-02,2.870871e-02,5.023613e-02,4.784785e-02
2.194410e+00,2.608949e-03,2.279922e-04,3.060167e-03,6.839767e-04,3.511385e-03,1.139961e-03,2.609147e-02,2.371051e-02,7.350772e-02,7.113153e-02,1.209240e-01,1.185526e-01,1.188432e-02,9.503361e-03,3.088627e-02,2.851008e-02,4.988823e-02,4.751681e-02
2.225724e+00,2.597699e-03,2.335505e-04,3.060067e-03,7.006514e-04,3.522435e-03,1.167752e-03,2.591378e-02,2.354964e-02,7.300832e-02,7.064891e-02,1.201029e-01,1.177482e-01,1.180130e-02,9.437152e-03,3.067087e-02,2.831146e-02,4.954044e-02,4.718576e-02
2.257485e+00,2.600104e-03,2.526452e-04,3.100695e-03,7.579357e-04,3.601286e-03,1.263226e-03,2.573622e-02,2.338876e-02,7.250904e-02,7.016628e-02,1.192819e-01,1.169438e-01,1.171839e-02,9.370936e-03,3.045557e-02,2.811281e-02,4.919274e-02,4.685468e-02
2.289699e+00,2.618036e-03,2.871492e-04,3.187669e-03,8.614477e-04,3.757301e-03,1.435746e-03,2.555243e-02,2.322154e-02,7.199085e-02,6.966463e-02,1.184293e-01,1.161077e-01,1.163561e-02,9.304723e-03,3.024039e-02,2.791417e-02,4.884517e-02,4.652362e-02
2.322373e+00,2.656337e-03,3.419047e-04,3.335513e-03,1.025714e-03,4.014689e-03,1.709523e-03,2.536672e-02,2.305229e-02,7.146667e-02,6.915687e-02,1.175666e-01,1.152614e-01,1.155294e-02,9.238511e-03,3.002533e-02,2.771553e-02,4.849772e-02,4.619256e-02
2.355514e+00,2.724851e-03,4.267583e-04,3.573767e-03,1.280275e-03,4.422683e-03,2.133791e-03,2.518112e-02,2.288303e-02,7.094258e-02,6.864909e-02,1.167040e-01,1.144151e-01,1.147039e-02,9.172300e-03,2.981039e-02,2.751690e-02,4.815039e-02,4.586150e-02
2.389127e+00,2.844438e-03,5.625683e-04,3.965006e-03,1.687705e-03,5.085575e-03,2.812842e-03,2.499632e-02,2.271445e-02,7.042065e-02,6.814335e-02,1.158450e-01,1.135722e-01,1.138809e-02,9.106224e-03,2.959597e-02,2.731867e-02,4.780385e-02,4.553112e-02
2.423220e+00,3.057804e-03,7.920429e-04,4.637353e-03,2.376129e-03,6.216903e-03,3.960215e-03,2.482747e-02,2.256171e-02,6.994634e-02,6.768512e-02,1.150652e-01,1.128085e-01,1.130910e-02,9.043342e-03,2.939125e-02,2.713002e-02,4.747340e-02,4.521671e-02
2.457799e+00,3.462126e-03,1.212360e-03,5.882343e-03,3.637081e-03,8.302560e-03,6.061802e-03,2.465873e-02,2.240896e-02,6.947215e-02,6.722689e-02,1.142856e-01,1.120448e-01,1.123022e-02,8.980459e-03,2.918664e-02,2.694138e-02,4.714305e-02,4.490229e-02
2.492872e+00,4.287973e-03,2.054089e-03,8.391679e-03,6.162268e-03,1.249539e-02,1.027045e-02,2.449010e-02,2.225622e-02,6.899807e-02,6.676866e-02,1.135060e-01,1.112811e-01,1.115146e-02,8.917576e-03,2.898214e-02,2.675273e-02,4.681282e-02,4.458788e-02
2.528445e+00,5.949827e-03,3.731714e-03,1.340881e-02,1.119514e-02,2.086780e-02,1.865857e-02,2.431831e-02,2.210019e-02,6.851425e-02,6.630058e-02,1.127102e-01,1.105010e-01,1.107281e-02,8.854693e-03,2.877775e-02,2.656408e-02,4.648270e-02,4.427346e-02
2.564526e+00,7.650105e-03,5.447651e-03,1.854100e-02,1.634295e-02,2.943189e-02,2.723825e-02,2.414169e-02,2.193924e-02,6.801576e-02,6.581771e-02,1.118898e-01,1.096962e-01,1.099427e-02,8.791811e-03,2.857348e-02,2.637543e-02,4.615269e-02,4.395905e-02
2.601122e+00,6.275635e-03,4.088729e-03,1.444871e-02,1.226619e-02,2.262179e-02,2.044364e-02,2.396519e-02,2.177828e-02,6.751737e-02,6.533485e-02,1.110696e-01,1.088914e-01,1.091583e-02,8.728928e-03,2.836931e-02,2.618678e-02,4.582279e-02,4.364464e-02
2.638240e+00,4.385667e-03,2.214200e-03,8.809720e-03,6.642600e-03,1.323377e-02,1.107100e-02,2.378879e-02,2.161733e-02,6.701910e-02,6.485198e-02,1.102494e-01,1.080866e-01,1.083751e-02,8.666045e-03,2.816526e-02,2.599814e-02,4.549300e-02,4.333023e-02
2.675888e+00,3.448215e-03,1.292077e-03,6.028052e-03,3.876231e-03,8.607890e-03,6.460386e-03,2.362112e-02,2.146499e-02,6.654678e-02,6.439496e-02,1.094724e-01,1.073249e-01,1.076106e-02,8.604921e-03,2.796659e-02,2.581476e-02,4.517211e-02,4.302461e-02
2.714073e+00,3.052716e-03,9.117994e-04,4.872029e-03,2.735398e-03,6.691341e-03,4.558997e-03,2.345540e-02,2.131449e-02,6.608009e-02,6.394346e-02,1.087048e-01,1.065724e-01,1.068567e-02,8.544752e-03,2.777089e-02,2.563426e-02,4.485611e-02,4.272376e-02
2.752803e+00,2.983602e-03,8.578000e-04,4.694946e-03,2.573400e-03,6.406290e-03,4.289000e-03,2.328979e-02,2.116399e-02,6.561351e-02,6.349196e-02,1.079372e-01,1.058199e-01,1.061039e-02,8.484583e-03,2.757530e-02,2.545375e-02,4.454021e-02,4.242292e-02
2.792086e+00,3.290716e-03,1.179921e-03,5.646332e-03,3.539762e-03,8.001947e-03,5.899604e-03,2.312428e-02,2.101349e-02,6.514703e-02,6.304046e-02,1.071698e-01,1.050674e-01,1.053521e-02,8.424414e-03,2.737981e-02,2.527324e-02,4.422441e-02,4.212207e-02
2.831929e+00,3.545088e-03,1.449194e-03,6.439281e-03,4.347583e-03,9.333474e-03,7.245972e-03,2.295888e-02,2.086299e-02,6.468066e-02,6.258896e-02,1.064024e-01,1.043149e-01,1.046014e-02,8.364246e-03,2.718444e-02,2.509274e-02,4.390873e-02,4.182123e-02
2.872340e+00,2.895635e-03,8.145371e-04,4.520543e-03,2.443611e-03,6.145451e-03,4.072686e-03,2.279953e-02,2.071843e-02,6.423223e-02,6.215530e-02,1.056649e-01,1.035922e-01,1.038658e-02,8.305484e-03,2.699338e-02,2.491645e-02,4.360019e-02,4.152742e-02
2.913329e+00,2.495905e-03,4.294989e-04,3.350766e-03,1.288497e-03,4.205627e-03,2.147495e-03,2.264413e-02,2.057773e-02,6.379545e-02,6.173318e-02,1.049468e-01,1.028886e-01,1.031404e-02,8.247632e-03,2.680517e-02,2.474290e-02,4.329629e-02,4.123816e-02
2.954902e+00,2.318740e-03,2.669213e-04,2.848475e-03,8.007639e-04,3.378209e-03,1.334607e-03,2.248801e-02,2.043619e-02,6.335628e-02,6.130857e-02,1.042246e-01,1.021810e-01,1.024160e-02,8.189780e-03,2.661705e-02,2.456934e-02,4.299250e-02,4.094890e-02
2.997069e+00,2.223856e-03,1.865225e-04,2.592822e-03,5.595675e-04,2.961788e-03,9.326125e-04,2.232665e-02,2.028931e-02,6.290120e-02,6.086794e-02,1.034757e-01,1.014466e-01,1.016926e-02,8.131927e-03,2.642904e-02,2.439578e-02,4.268881e-02,4.065964e-02
3.039837e+00,2.163167e-03,1.402160e-04,2.439549e-03,4.206480e-04,2.715931e-03,7.010799e-04,2.216539e-02,2.014244e-02,6.244623e-02,6.042733e-02,1.027271e-01,1.007122e-01,1.009703e-02,8.074075e-03,2.624113e-02,2.422222e-02,4.238523e-02,4.037037e-02
3.083215e+00,2.119290e-03,1.106198e-04,2.336508e-03,3.318595e-04,2.553726e-03,5.530992e-04,2.200424e-02,1.999557e-02,6.199134e-02,5.998670e-02,1.019785e-01,9.997783e-02,1.002489e-02,8.016222e-03,2.605332e-02,2.404867e-02,4.208174e-02,4.008111e-02
3.127213e+00,2.084770e-03,9.028013e-05,2.261337e-03,2.708404e-04,2.437904e-03,4.514007e-04,2.184923e-02,1.985474e-02,6.155471e-02,5.956421e-02,1.012602e-01,9.927369e-02,9.954219e-03,7.959729e-03,2.586968e-02,2.387919e-02,4.178515e-02,3.979865e-02
3.171838e+00,2.056021e-03,7.561139e-05,2.203279e-03,2.268342e-04,2.350537e-03,3.780569e-04,2.169909e-02,1.971868e-02,6.113250e-02,5.915605e-02,1.005659e-01,9.859342e-02,9.884720e-03,7.904311e-03,2.568938e-02,2.371293e-02,4.149403e-02,3.952155e-02
3.217101e+00,2.031091e-03,6.466295e-05,2.156480e-03,1.939888e-04,2.281869e-03,3.233147e-04,2.154906e-02,1.958263e-02,6.071038e-02,5.874789e-02,9.987170e-02,9.791315e-02,9.815321e-03,7.848893e-03,2.550917e-02,2.354668e-02,4.120302e-02,3.924446e-02
3.263009e+00,2.008864e-03,5.631809e-05,2.117592e-03,1.689543e-04,2.226319e-03,2.815905e-04,2.139912e-02,1.944658e-02,6.028836e-02,5.833973e-02,9.917761e-02,9.723288e-02,9.746020e-03,7.793474e-03,2.532906e-02,2.338042e-02,4.091210e-02,3.896737e-02
3.309572e+00,1.988732e-03,4.996989e-05,2.084790e-03,1.499097e-04,2.180849e-03,2.498494e-04,2.124486e-02,1.930609e-02,5.985316e-02,5.791828e-02,9.846147e-02,9.653047e-02,9.676818e-03,7.738055e-03,2.514905e-02,2.321417e-02,4.062128e-02,3.869028e-02
3.356800e+00,1.970296e-03,4.522024e-05,2.056882e-03,1.356607e-04,2.143469e-03,2.261012e-04,2.108914e-02,1.916406e-02,5.941341e-02,5.749219e-02,9.773769e-02,9.582032e-02,9.607712e-03,7.682637e-03,2.496913e-02,2.304791e-02,4.033055e-02,3.841318e-02
3.404701e+00,1.953572e-03,4.208653e-05,2.033918e-03,1.262596e-04,2.114264e-03,2.104327e-04,2.093933e-02,1.902785e-02,5.899121e-02,5.708355e-02,9.704308e-02,9.513925e-02,9.539787e-03,7.628302e-03,2.479256e-02,2.288491e-02,4.004534e-02,3.814151e-02
3.453287e+00,1.938943e-03,4.095181e-05,2.017047e-03,1.228554e-04,2.095150e-03,2.047591e-04,2.079601e-02,1.889802e-02,5.858824e-02,5.669405e-02,9.638048e-02,9.449009e-02,9.473146e-03,7.575155e-03,2.461966e-02,2.272547e-02,3.976617e-02,3.787578e-02
3.502565e+00,1.928110e-03,4.351813e-05,2.011374e-03,1.305544e-04,2.094637e-03,2.175907e-04,2.065278e-02,1.876819e-02,5.818538e-02,5.630456e-02,9.571798e-02,9.384093e-02,9.406601e-03,7.522009e-03,2.444685e-02,2.256603e-02,3.948709e-02,3.761005e-02
3.552547e+00,1.926005e-03,5.471737e-05,2.031693e-03,1.641521e-04,2.137382e-03,2.735868e-04,2.050588e-02,1.863459e-02,5.777130e-02,5.590376e-02,9.503673e-02,9.317294e-02,9.340151e-03,7.468864e-03,2.427413e-02,2.240659e-02,3.920811e-02,3.734432e-02
3.603242e+00,1.933871e-03,7.579363e-05,2.081738e-03,2.273809e-04,2.229606e-03,3.789682e-04,2.035745e-02,1.849937e-02,5.735248e-02,5.549812e-02,9.434750e-02,9.249687e-02,9.273794e-03,7.415717e-03,2.410151e-02,2.224715e-02,3.892922e-02,3.707859e-02
3.654660e+00,1.906716e-03,6.175560e-05,2.026533e-03,1.852668e-04,2.146351e-03,3.087780e-04,2.020912e-02,1.836416e-02,5.693374e-02,5.509248e-02,9.365837e-02,9.182080e-02,9.207531e-03,7.362571e-03,2.392898e-02,2.208771e-02,3.865043e-02,3.681285e-02
3.706812e+00,1.870991e-03,3.905526e-05,1.945434e-03,1.171658e-04,2.019877e-03,1.952763e-04,2.007013e-02,1.823819e-02,5.654284e-02,5.471458e-02,9.301556e-02,9.119096e-02,9.143150e-03,7.311215e-03,2.376191e-02,2.193364e-02,3.838068e-02,3.655607e-02
3.759708e+00,1.847694e-03,2.869082e-05,1.901434e-03,8.607246e-05,1.955174e-03,1.434541e-04,1.993441e-02,1.811541e-02,5.616158e-02,5.434622e-02,9.238875e-02,9.057703e-02,9.079478e-03,7.260475e-03,2.359679e-02,2.178142e-02,3.811409e-02,3.630237e-02
3.813360e+00,1.829787e-03,2.362552e-05,1.873422e-03,7.087657e-05,1.917057e-03,1.181276e-04,1.979878e-02,1.799262e-02,5.578040e-02,5.397786e-02,9.176202e-02,8.996309e-02,9.015897e-03,7.209736e-03,2.343175e-02,2.162921e-02,3.784761e-02,3.604868e-02
3.867776e+00,1.814032e-03,2.062075e-05,1.851683e-03,6.186224e-05,1.889334e-03,1.031037e-04,1.965895e-02,1.786554e-02,5.538645e-02,5.359662e-02,9.111394e-02,8.932771e-02,8.952407e-03,7.158996e-03,2.326681e-02,2.147699e-02,3.758121e-02,3.579498e-02
3.922970e+00,1.799337e-03,1.858644e-05,1.832944e-03,5.575933e-05,1.866552e-03,9.293222e-05,1.951693e-02,1.773618e-02,5.498571e-02,5.320853e-02,9.045450e-02,8.868088e-02,8.889006e-03,7.108256e-03,2.310195e-02,2.132477e-02,3.731490e-02,3.554128e-02
3.978950e+00,1.785246e-03,1.706692e-05,1.815840e-03,5.120077e-05,1.846434e-03,8.533461e-05,1.937499e-02,1.760681e-02,5.458507e-02,5.282043e-02,8.979515e-02,8.803405e-02,8.825695e-03,7.057516e-03,2.293719e-02,2.117255e-02,3.704868e-02,3.528758e-02
4.035730e+00,1.771581e-03,1.588480e-05,1.799836e-03,4.765440e-05,1.828091e-03,7.942399e-05,1.923315e-02,1.747745e-02,5.418453e-02,5.243235e-02,8.913592e-02,8.738725e-02,8.762472e-03,7.006776e-03,2.277251e-02,2.102033e-02,3.678254e-02,3.503388e-02
4.093320e+00,1.758214e-03,1.491247e-05,1.784549e-03,4.473742e-05,1.810884e-03,7.456237e-05,1.909516e-02,1.735186e-02,5.379540e-02,5.205559e-02,8.849563e-02,8.675931e-02,8.700120e-03,6.956818e-03,2.261026e-02,2.087045e-02,3.652041e-02,3.478409e-02
4.151732e+00,1.745105e-03,1.411030e-05,1.769860e-03,4.233091e-05,1.794616e-03,7.055151e-05,1.896326e-02,1.723227e-02,5.342433e-02,5.169680e-02,8.788540e-02,8.616134e-02,8.639094e-03,6.908099e-03,2.245183e-02,2.072430e-02,3.626456e-02,3.454049e-02
4.210977e+00,1.732211e-03,1.343608e-05,1.755642e-03,4.030824e-05,1.779073e-03,6.718040e-05,1.882944e-02,1.711067e-02,5.304733e-02,5.133200e-02,8.726522e-02,8.555333e-02,8.578155e-03,6.859380e-03,2.229348e-02,2.057814e-02,3.600879e-02,3.429690e-02
4.271068e+00,1.719509e-03,1.286774e-05,1.741828e-03,3.860321e-05,1.764146e-03,6.433868e-05,1.869419e-02,1.698755e-02,5.266588e-02,5.096265e-02,8.663756e-02,8.493775e-02,8.517303e-03,6.810662e-03,2.213521e-02,2.043199e-02,3.575312e-02,3.405331e-02
4.332016e+00,1.706984e-03,1.239138e-05,1.728375e-03,3.717413e-05,1.749765e-03,6.195689e-05,1.856175e-02,1.686716e-02,5.229267e-02,5.060147e-02,8.602359e-02,8.433578e-02,8.457089e-03,6.762496e-03,2.197869e-02,2.028749e-02,3.550029e-02,3.381248e-02
4.393834e+00,1.694625e-03,1.199456e-05,1.715245e-03,3.598367e-05,1.735866e-03,5.997278e-05,1.843605e-02,1.675342e-02,5.193953e-02,5.026026e-02,8.544300e-02,8.376711e-02,8.398310e-03,6.715680e-03,2.182630e-02,2.014704e-02,3.525429e-02,3.357840e-02
4.456534e+00,1.682417e-03,1.166546e-05,1.702403e-03,3.499639e-05,1.722389e-03,5.832732e-05,1.831044e-02,1.663969e-02,5.158647e-02,4.991906e-02,8.486250e-02,8.319843e-02,8.339616e-03,6.668865e-03,2.167400e-02,2.000659e-02,3.500839e-02,3.334432e-02
4.520129e+00,1.670366e-03,1.140969e-05,1.689865e-03,3.422908e-05,1.709363e-03,5.704846e-05,1.818491e-02,1.652595e-02,5.123349e-02,4.957786e-02,8.428207e-02,8.262976e-02,8.281007e-03,6.622050e-03,2.152178e-02,1.986615e-02,3.476256e-02,3.311025e-02
4.584632e+00,1.658464e-03,1.121934e-05,1.677605e-03,3.365803e-05,1.696746e-03,5.609672e-05,1.805450e-02,1.640726e-02,5.086573e-02,4.922178e-02,8.367695e-02,8.203630e-02,8.222479e-03,6.575234e-03,2.136965e-02,1.972570e-02,3.451682e-02,3.287617e-02
4.650054e+00,1.646714e-03,1.109751e-05,1.665634e-03,3.329254e-05,1.684555e-03,5.548757e-05,1.792322e-02,1.628760e-02,5.049515e-02,4.886280e-02,8.306707e-02,8.143801e-02,8.164035e-03,6.528419e-03,2.121760e-02,1.958526e-02,3.427116e-02,3.264209e-02
4.716411e+00,1.635106e-03,1.103606e-05,1.653926e-03,3.310819e-05,1.672747e-03,5.518032e-05,1.779201e-02,1.616794e-02,5.012465e-02,4.850383e-02,8.245728e-02,8.083972e-02,8.105672e-03,6.481603e-03,2.106563e-02,1.944481e-02,3.402558e-02,3.240801e-02
4.783714e+00,1.623653e-03,1.104842e-05,1.642521e-03,3.314527e-05,1.661390e-03,5.524212e-05,1.766231e-02,1.604971e-02,4.975849e-02,4.814912e-02,8.185467e-02,8.024853e-02,8.047678e-03,6.435074e-03,2.091460e-02,1.930522e-02,3.378152e-02,3.217537e-02
4.851978e+00,1.612358e-03,1.113770e-05,1.631428e-03,3.341309e-05,1.650497e-03,5.568848e-05,1.754294e-02,1.594172e-02,4.942316e-02,4.782515e-02,8.130339e-02,7.970858e-02,7.991832e-03,6.390612e-03,2.076985e-02,1.917184e-02,3.354787e-02,3.195306e-02
4.921216e+00,1.601232e-03,1.131541e-05,1.620679e-03,3.394624e-05,1.640127e-03,5.657707e-05,1.742365e-02,1.583373e-02,4.908793e-02,4.750119e-02,8.075221e-02,7.916866e-02,7.936066e-03,6.346149e-03,2.062518e-02,1.903845e-02,3.331430e-02,3.173075e-02
4.991442e+00,1.590283e-03,1.159135e-05,1.610306e-03,3.477404e-05,1.630328e-03,5.795673e-05,1.730444e-02,1.572575e-02,4.875277e-02,4.717724e-02,8.020111e-02,7.862874e-02,7.880380e-03,6.301688e-03,2.048060e-02,1.890506e-02,3.308081e-02,3.150844e-02
5.062670e+00,1.579534e-03,1.198714e-05,1.600370e-03,3.596143e-05,1.621207e-03,5.993572e-05,1.718252e-02,1.561497e-02,4.840933e-02,4.684492e-02,7.963614e-02,7.807487e-02,7.824774e-03,6.257226e-03,2.033609e-02,1.877168e-02,3.284740e-02,3.128613e-02
5.134914e+00,1.568999e-03,1.251820e-05,1.590920e-03,3.755460e-05,1.612840e-03,6.259099e-05,1.705766e-02,1.550118e-02,4.805691e-02,4.650355e-02,7.905616e-02,7.750591e-02,7.769245e-03,6.212764e-03,2.019166e-02,1.863829e-02,3.261407e-02,3.106382e-02
5.208189e+00,1.558722e-03,1.322927e-05,1.582087e-03,3.968780e-05,1.605451e-03,6.614633e-05,1.693289e-02,1.538740e-02,4.770458e-02,4.616219e-02,7.847628e-02,7.693698e-02,7.713795e-03,6.168302e-03,2.004731e-02,1.850491e-02,3.238082e-02,3.084151e-02
5.282510e+00,1.548753e-03,1.416992e-05,1.574020e-03,4.250975e-05,1.599288e-03,7.084958e-05,1.680819e-02,1.527360e-02,4.735232e-02,4.582081e-02,7.789645e-02,7.636801e-02,7.658422e-03,6.123840e-03,1.990303e-02,1.837152e-02,3.214764e-02,3.061920e-02
5.357892e+00,1.539165e-03,1.541620e-05,1.566947e-03,4.624859e-05,1.594729e-03,7.708098e-05,1.669025e-02,1.516650e-02,4.702019e-02,4.549950e-02,7.735014e-02,7.583249e-02,7.604525e-03,6.080776e-03,1.976303e-02,1.824233e-02,3.192153e-02,3.040388e-02
5.434349e+00,1.530067e-03,1.707502e-05,1.561188e-03,5.122507e-05,1.592309e-03,8.537512e-05,1.657309e-02,1.506010e-02,4.669025e-02,4.518029e-02,7.680741e-02,7.530048e-02,7.551225e-03,6.038233e-03,1.962466e-02,1.811470e-02,3.169810e-02,3.019117e-02
5.511898e+00,1.521627e-03,1.931620e-05,1.557252e-03,5.794861e-05,1.592877e-03,9.658101e-05,1.645601e-02,1.495370e-02,4.636040e-02,4.486110e-02,7.626479e-02,7.476850e-02,7.498001e-03,5.995690e-03,1.948637e-02,1.798707e-02,3.147475e-02,2.997845e-02
5.590553e+00,1.514129e-03,2.242398e-05,1.555991e-03,6.727195e-05,1.597853e-03,1.121199e-04,1.633901e-02,1.484730e-02,4.603063e-02,4.454191e-02,7.572224e-02,7.423651e-02,7.444852e-03,5.953146e-03,1.934816e-02,1.785944e-02,3.125146e-02,2.976573e-02
5.670330e+00,1.508031e-03,2.685613e-05,1.558778e-03,8.056838e-05,1.609525e-03,1.342806e-04,1.622208e-02,1.474091e-02,4.570093e-02,4.422272e-02,7.517977e-02,7.370453e-02,7.391778e-03,5.910604e-03,1.921002e-02,1.773181e-02,3.102826e-02,2.955302e-02
5.751246e+00,1.504178e-03,3.345948e-05,1.568152e-03,1.003784e-04,1.632127e-03,1.672974e-04,1.610999e-02,1.463927e-02,4.538559e-02,4.391781e-02,7.466118e-02,7.319635e-02,7.339906e-03,5.869188e-03,1.907534e-02,1.760756e-02,3.081077e-02,2.934594e-02
5.833316e+00,1.504277e-03,4.394157e-05,1.589237e-03,1.318247e-04,1.674196e-03,2.197078e-04,1.600013e-02,1.453979e-02,4.507679e-02,4.361938e-02,7.415345e-02,7.269896e-02,7.288618e-03,5.828282e-03,1.894226e-02,1.748485e-02,3.059590e-02,2.914141e-02
5.916558e+00,1.511959e-03,6.193218e-05,1.632920e-03,1.857966e-04,1.753881e-03,3.096609e-04,1.588941e-02,1.443938e-02,4.476527e-02,4.331815e-02,7.364113e-02,7.219691e-02,7.237403e-03,5.787377e-03,1.880925e-02,1.736213e-02,3.038111e-02,2.893689e-02
6.000987e+00,1.536723e-03,9.693323e-05,1.727707e-03,2.907997e-04,1.918691e-03,4.846661e-04,1.577533e-02,1.433554e-02,4.444354e-02,4.300663e-02,7.311175e-02,7.167772e-02,7.186262e-03,5.746473e-03,1.867633e-02,1.723942e-02,3.016639e-02,2.873236e-02
6.086621e+00,1.608505e-03,1.788798e-04,1.963403e-03,5.366395e-04,2.318301e-03,8.943992e-04,1.566133e-02,1.423171e-02,4.412188e-02,4.269512e-02,7.258243e-02,7.115853e-02,7.135193e-03,5.705567e-03,1.854347e-02,1.711670e-02,2.995174e-02,2.852784e-02
6.173478e+00,1.865495e-03,4.459621e-04,2.754578e-03,1.337886e-03,3.643660e-03,2.229811e-03,1.554740e-02,1.412787e-02,4.380030e-02,4.238361e-02,7.205319e-02,7.063934e-02,7.084195e-03,5.664662e-03,1.841068e-02,1.699399e-02,2.973716e-02,2.832331e-02
6.261573e+00,3.273336e-03,1.863824e-03,6.998162e-03,5.591472e-03,1.072299e-02,9.319120e-03,1.543859e-02,1.402907e-02,4.349391e-02,4.208722e-02,7.154924e-02,7.014537e-02,7.034389e-03,5.624877e-03,1.828132e-02,1.687463e-02,2.952825e-02,2.812438e-02
6.350926e+00,2.881738e-03,1.482177e-03,5.843290e-03,4.446531e-03,8.804842e-03,7.410885e-03,1.533269e-02,1.393313e-02,4.319614e-02,4.179938e-02,7.105959e-02,6.966564e-02,6.985286e-03,5.585724e-03,1.815393e-02,1.675717e-02,2.932258e-02,2.792862e-02
6.441554e+00,1.751365e-03,3.616841e-04,2.471951e-03,1.085052e-03,3.192537e-03,1.808420e-03,1.522685e-02,1.383717e-02,4.289842e-02,4.151152e-02,7.056999e-02,6.918587e-02,6.936252e-03,5.546571e-03,1.802661e-02,1.663971e-02,2.911697e-02,2.773286e-02
6.533475e+00,1.527541e-03,1.476703e-04,1.820119e-03,4.430109e-04,2.112697e-03,7.383515e-04,1.512110e-02,1.374123e-02,4.260079e-02,4.122368e-02,7.008048e-02,6.870613e-02,6.887289e-03,5.507419e-03,1.789936e-02,1.652226e-02,2.891144e-02,2.753709e-02
6.626708e+00,1.450266e-03,8.013709e-05,1.607798e-03,2.404113e-04,1.765329e-03,4.006855e-04,1.501181e-02,1.364168e-02,4.229242e-02,4.092504e-02,6.957304e-02,6.820839e-02,6.838395e-03,5.468266e-03,1.777218e-02,1.640480e-02,2.870597e-02,2.734133e-02
6.721271e+00,1.412002e-03,5.154531e-05,1.512369e-03,1.546359e-04,1.612736e-03,2.577266e-04,1.490181e-02,1.354135e-02,4.198178e-02,4.062405e-02,6.906176e-02,6.770675e-02,6.789570e-03,5.429113e-03,1.764507e-02,1.628734e-02,2.850058e-02,2.714557e-02
6.817184e+00,1.388210e-03,3.735787e-05,1.460222e-03,1.120736e-04,1.532233e-03,1.867894e-04,1.479479e-02,1.344394e-02,4.167995e-02,4.033181e-02,6.856512e-02,6.721968e-02,6.741352e-03,5.390500e-03,1.751965e-02,1.617150e-02,2.829794e-02,2.695250e-02
6.914465e+00,1.371183e-03,2.986708e-05,1.428232e-03,8.960123e-05,1.485281e-03,1.493354e-04,1.469378e-02,1.335246e-02,4.139602e-02,4.005739e-02,6.809826e-02,6.676231e-02,6.694302e-03,5.352986e-03,1.739759e-02,1.605896e-02,2.810087e-02,2.676493e-02
7.013135e+00,1.358020e-03,2.617300e-05,1.407700e-03,7.851899e-05,1.457379e-03,1.308650e-04,1.459284e-02,1.326099e-02,4.111215e-02,3.978297e-02,6.763146e-02,6.630494e-02,6.647318e-03,5.315471e-03,1.727559e-02,1.594641e-02,2.790387e-02,2.657736e-02
7.113213e+00,1.347643e-03,2.519790e-05,1.395391e-03,7.559370e-05,1.443139e-03,1.259895e-04,1.448899e-02,1.316654e-02,4.081942e-02,3.949963e-02,6.714986e-02,6.583271e-02,6.600401e-03,5.277956e-03,1.715367e-02,1.583387e-02,2.770693e-02,2.638978e-02
7.214718e+00,1.340108e-03,2.699877e-05,1.391476e-03,8.099630e-05,1.442845e-03,1.349938e-04,1.438438e-02,1.307127e-02,4.052428e-02,3.921380e-02,6.666419e-02,6.535634e-02,6.553551e-03,5.240442e-03,1.703181e-02,1.572133e-02,2.751006e-02,2.620221e-02
7.317673e+00,1.336801e-03,3.296244e-05,1.400116e-03,9.888733e-05,1.463431e-03,1.648122e-04,1.427983e-02,1.297599e-02,4.022921e-02,3.892798e-02,6.617858e-02,6.487996e-02,6.506766e-03,5.202927e-03,1.691001e-02,1.560878e-02,2.731326e-02,2.601464e-02
7.422096e+00,1.342392e-03,4.775752e-05,1.435315e-03,1.432726e-04,1.528238e-03,2.387876e-04,1.417978e-02,1.288514e-02,3.994747e-02,3.865542e-02,6.571515e-02,6.442570e-02,6.460944e-03,5.166309e-03,1.679097e-02,1.549893e-02,2.712100e-02,2.583155e-02
7.528010e+00,1.374459e-03,8.896446e-05,1.549815e-03,2.668934e-04,1.725170e-03,4.448223e-04,1.408302e-02,1.279753e-02,3.967550e-02,3.839258e-02,6.526798e-02,6.398763e-02,6.415840e-03,5.130345e-03,1.667396e-02,1.539103e-02,2.693207e-02,2.565172e-02
7.635434e+00,1.533915e-03,2.574955e-04,2.046351e-03,7.724864e-04,2.558787e-03,1.287477e-03,1.398633e-02,1.270991e-02,3.940358e-02,3.812972e-02,6.482084e-02,6.354953e-02,6.370800e-03,5.094380e-03,1.655701e-02,1.528314e-02,2.674321e-02,2.547190e-02
7.744392e+00,2.310232e-03,1.042823e-03,4.393341e-03,3.128470e-03,6.476451e-03,5.214116e-03,1.388683e-02,1.261942e-02,3.912314e-02,3.785827e-02,6.435944e-02,6.309711e-02,6.325825e-03,5.058416e-03,1.644012e-02,1.517525e-02,2.655441e-02,2.529208e-02
7.854905e+00,1.545983e-03,2.875216e-04,2.118507e-03,8.625649e-04,2.691031e-03,1.437608e-03,1.378636e-02,1.252790e-02,3.883963e-02,3.758369e-02,6.389291e-02,6.263948e-02,6.280913e-03,5.022451e-03,1.632330e-02,1.506735e-02,2.636568e-02,2.511226e-02
7.966995e+00,1.337199e-03,8.762194e-05,1.509942e-03,2.628658e-04,1.682684e-03,4.381097e-04,1.368594e-02,1.243637e-02,3.855617e-02,3.730910e-02,6.342640e-02,6.218183e-02,6.236064e-03,4.986487e-03,1.620654e-02,1.495946e-02,2.617701e-02,2.493243e-02
8.080684e+00,1.282434e-03,4.167832e-05,1.363307e-03,1.250350e-04,1.444180e-03,2.083916e-04,1.358857e-02,1.234781e-02,3.828171e-02,3.704344e-02,6.297486e-02,6.173907e-02,6.191888e-03,4.951132e-03,1.609167e-02,1.485340e-02,2.599145e-02,2.475566e-02
8.195996e+00,1.256908e-03,2.491161e-05,1.304265e-03,7.473483e-05,1.351622e-03,1.245580e-04,1.349543e-02,1.226344e-02,3.801984e-02,3.679031e-02,6.254425e-02,6.131719e-02,6.148626e-03,4.916629e-03,1.597942e-02,1.474989e-02,2.581021e-02,2.458315e-02
8.312953e+00,1.240339e-03,1.703976e-05,1.271970e-03,5.111928e-05,1.303600e-03,8.519881e-05,1.340235e-02,1.217906e-02,3.775802e-02,3.653717e-02,6.211368e-02,6.089528e-02,6.105425e-03,4.882126e-03,1.586723e-02,1.464638e-02,2.562903e-02,2.441063e-02
8.431579e+00,1.227409e-03,1.274500e-05,1.250467e-03,3.823501e-05,1.273525e-03,6.372501e-05,1.330714e-02,1.209248e-02,3.748966e-02,3.627743e-02,6.167218e-02,6.046238e-02,6.062287e-03,4.847624e-03,1.575510e-02,1.454287e-02,2.544792e-02,2.423812e-02
8.551898e+00,1.216229e-03,1.014015e-05,1.234094e-03,3.042045e-05,1.251960e-03,5.070075e-05,1.321080e-02,1.200471e-02,3.721781e-02,3.601414e-02,6.122482e-02,6.002356e-02,6.019209e-03,4.813120e-03,1.564303e-02,1.443936e-02,2.526686e-02,2.406560e-02
8.673933e+00,1.206033e-03,8.459186e-06,1.220554e-03,2.537756e-05,1.235075e-03,4.229593e-05,1.311452e-02,1.191695e-02,3.694602e-02,3.575084e-02,6.077752e-02,5.958474e-02,5.976191e-03,4.778617e-03,1.553103e-02,1.433585e-02,2.508586e-02,2.389308e-02
8.797711e+00,1.196451e-03,7.330904e-06,1.208732e-03,2.199271e-05,1.221013e-03,3.665452e-05,1.302400e-02,1.183488e-02,3.669137e-02,3.550463e-02,6.035874e-02,5.917439e-02,5.934394e-03,4.745274e-03,1.542256e-02,1.423582e-02,2.491073e-02,2.372637e-02
8.923254e+00,1.187287e-03,6.561499e-06,1.198046e-03,1.968450e-05,1.208805e-03,3.280750e-05,1.293437e-02,1.175364e-02,3.643928e-02,3.526092e-02,5.994420e-02,5.876820e-02,5.892825e-03,4.712100e-03,1.531466e-02,1.413630e-02,2.473650e-02,2.356050e-02
9.050589e+00,1.178445e-03,6.055078e-06,1.188208e-03,1.816523e-05,1.197971e-03,3.027539e-05,1.284479e-02,1.167240e-02,3.618725e-02,3.501721e-02,5.952971e-02,5.836202e-02,5.851316e-03,4.678926e-03,1.520682e-02,1.403678e-02,2.456233e-02,2.339463e-02
9.179741e+00,1.169873e-03,5.759617e-06,1.179062e-03,1.727885e-05,1.188250e-03,2.879809e-05,1.275230e-02,1.158818e-02,3.592633e-02,3.476455e-02,5.910036e-02,5.794091e-02,5.809866e-03,4.645753e-03,1.509904e-02,1.393726e-02,2.438822e-02,2.322876e-02
9.310737e+00,1.161583e-03,5.687593e-06,1.170644e-03,1.706278e-05,1.179705e-03,2.843797e-05,1.265959e-02,1.150369e-02,3.566465e-02,3.451107e-02,5.866972e-02,5.751845e-02,5.768475e-03,4.612580e-03,1.499132e-02,1.383774e-02,2.421416e-02,2.306290e-02
9.443601e+00,1.153652e-03,5.917289e-06,1.163189e-03,1.775187e-05,1.172726e-03,2.958644e-05,1.256876e-02,1.142103e-02,3.540852e-02,3.426308e-02,5.824828e-02,5.710514e-02,5.727571e-03,4.579835e-03,1.488494e-02,1.373951e-02,2.404232e-02,2.289918e-02
9.578361e+00,1.146368e-03,6.735701e-06,1.157558e-03,2.020710e-05,1.168748e-03,3.367850e-05,1.248178e-02,1.134214e-02,3.516378e-02,3.402643e-02,5.784578e-02,5.671071e-02,5.687608e-03,4.547975e-03,1.478128e-02,1.364393e-02,2.387495e-02,2.273988e-02
9.715045e+00,1.140802e-03,9.215211e-06,1.156967e-03,2.764563e-05,1.173132e-03,4.607606e-05,1.239484e-02,1.126325e-02,3.491908e-02,3.378976e-02,5.744332e-02,5.631626e-02,5.647703e-03,4.516116e-03,1.467767e-02,1.354835e-02,2.370764e-02,2.258058e-02
9.853679e+00,1.143447e-03,1.984853e-05,1.180895e-03,5.954559e-05,1.218343e-03,9.924264e-05,1.230796e-02,1.118436e-02,3.467444e-02,3.355309e-02,5.704091e-02,5.592181e-02,5.607855e-03,4.484257e-03,1.457412e-02,1.345277e-02,2.354038e-02,2.242128e-02
9.994291e+00,1.249714e-03,1.340474e-04,1.515575e-03,4.021423e-04,1.781437e-03,6.702371e-04,1.222114e-02,1.110548e-02,3.442987e-02,3.331643e-02,5.663859e-02,5.552739e-02,5.568064e-03,4.452397e-03,1.447062e-02,1.335719e-02,2.337319e-02,2.226199e-02
1.013691e+01,1.140514e-03,3.272327e-05,1.203743e-03,9.816982e-05,1.266971e-03,1.636164e-04,1.213243e-02,1.102464e-02,3.417948e-02,3.307391e-02,5.622654e-02,5.512319e-02,5.528328e-03,4.420537e-03,1.436718e-02,1.326161e-02,2.320604e-02,2.210268e-02
1.028156e+01,1.110875e-03,1.090468e-05,1.130482e-03,3.271403e-05,1.150089e-03,5.452338e-05,1.204378e-02,1.094381e-02,3.392921e-02,3.283144e-02,5.581464e-02,5.471907e-02,5.488917e-03,4.388946e-03,1.426461e-02,1.316684e-02,2.304030e-02,2.194473e-02
1.042828e+01,1.099494e-03,7.289233e-06,1.111886e-03,2.186770e-05,1.124278e-03,3.644616e-05,1.196096e-02,1.086875e-02,3.369628e-02,3.260626e-02,5.543160e-02,5.434377e-02,5.450562e-03,4.358357e-03,1.416509e-02,1.307507e-02,2.287962e-02,2.179178e-02
1.057709e+01,1.090899e-03,6.404125e-06,1.101536e-03,1.921238e-05,1.112173e-03,3.202063e-05,1.187819e-02,1.079369e-02,3.346341e-02,3.238108e-02,5.504862e-02,5.396847e-02,5.412263e-03,4.327768e-03,1.406563e-02,1.298330e-02,2.271899e-02,2.163884e-02
1.072803e+01,1.083330e-03,6.492157e-06,1.094159e-03,1.947647e-05,1.104987e-03,3.246078e-05,1.179412e-02,1.071728e-02,3.322653e-02,3.215185e-02,5.465894e-02,5.358641e-02,5.374017e-03,4.297178e-03,1.396622e-02,1.289154e-02,2.255842e-02,2.148589e-02
1.088112e+01,1.076564e-03,7.328214e-06,1.089080e-03,2.198464e-05,1.101596e-03,3.664107e-05,1.170856e-02,1.063932e-02,3.298507e-02,3.191797e-02,5.426157e-02,5.319662e-02,5.335825e-03,4.266589e-03,1.386686e-02,1.279977e-02,2.239790e-02,2.133294e-02
1.103639e+01,1.071056e-03,9.367421e-06,1.087665e-03,2.810226e-05,1.104274e-03,4.683711e-05,1.162305e-02,1.056136e-02,3.274366e-02,3.168409e-02,5.386426e-02,5.280682e-02,5.297688e-03,4.236000e-03,1.376756e-02,1.270800e-02,2.223744e-02,2.118000e-02
1.119388e+01,1.068872e-03,1.467849e-05,1.096118e-03,4.403548e-05,1.123365e-03,7.339247e-05,1.154360e-02,1.048940e-02,3.252029e-02,3.146821e-02,5.349699e-02,5.244702e-02,5.260707e-03,4.206514e-03,1.367162e-02,1.261954e-02,2.208254e-02,2.103257e-02
1.135362e+01,1.083971e-03,3.722032e-05,1.156316e-03,1.116610e-04,1.228661e-03,1.861016e-04,1.146516e-02,1.041841e-02,3.229988e-02,3.125523e-02,5.313461e-02,5.209205e-02,5.223957e-03,4.177206e-03,1.357627e-02,1.253162e-02,2.192859e-02,2.088603e-02
1.151564e+01,1.313029e-03,2.736676e-04,1.858283e-03,8.210027e-04,2.403537e-03,1.368338e-03,1.138556e-02,1.034620e-02,3.207589e-02,3.103861e-02,5.276621e-02,5.173101e-02,5.187259e-03,4.147898e-03,1.348098e-02,1.244370e-02,2.177469e-02,2.073949e-02
1.167996e+01,1.087079e-03,5.505504e-05,1.195123e-03,1.651651e-04,1.303167e-03,2.752752e-04,1.130490e-02,1.027288e-02,3.184859e-02,3.081863e-02,5.239228e-02,5.136439e-02,5.150615e-03,4.118591e-03,1.338573e-02,1.235577e-02,2.162085e-02,2.059295e-02
1.184664e+01,1.126700e-03,1.019617e-04,1.328572e-03,3.058851e-04,1.530444e-03,5.098085e-04,1.122360e-02,1.019886e-02,3.161928e-02,3.059659e-02,5.201496e-02,5.099432e-02,5.114021e-03,4.089283e-03,1.329054e-02,1.226785e-02,2.146705e-02,2.044641e-02
1.201569e+01,1.673246e-03,6.557417e-04,2.982692e-03,1.967225e-03,4.292138e-03,3.278708e-03,1.114073e-02,1.012322e-02,3.138514e-02,3.036967e-02,5.162955e-02,5.061612e-02,5.077479e-03,4.059975e-03,1.319539e-02,1.217993e-02,2.131331e-02,2.029988e-02
1.218715e+01,1.065479e-03,5.515827e-05,1.173773e-03,1.654748e-04,1.282067e-03,2.757913e-04,1.105886e-02,1.004854e-02,3.115391e-02,3.014561e-02,5.124896e-02,5.024268e-02,5.041154e-03,4.030833e-03,1.310080e-02,1.209250e-02,2.116044e-02,2.015416e-02
1.236106e+01,1.022400e-03,1.921181e-05,1.058816e-03,5.763544e-05,1.095231e-03,9.605907e-05,1.098339e-02,9.980205e-03,3.094180e-02,2.994062e-02,5.090020e-02,4.990103e-02,5.005972e-03,4.002783e-03,1.300953e-02,1.200835e-02,2.101309e-02,2.001392e-02
1.253746e+01,1.007203e-03,1.109675e-05,1.027402e-03,3.329026e-05,1.047602e-03,5.548376e-05,1.090776e-02,9.911655e-03,3.072908e-02,2.973496e-02,5.055039e-02,4.955827e-02,4.970839e-03,3.974733e-03,1.291831e-02,1.192420e-02,2.086578e-02,1.987366e-02
1.271637e+01,9.972588e-04,8.184604e-06,1.011648e-03,2.455381e-05,1.026037e-03,4.092302e-05,1.082982e-02,9.840741e-03,3.050932e-02,2.952222e-02,5.018882e-02,4.920370e-02,4.935758e-03,3.946683e-03,1.282714e-02,1.184005e-02,2.071853e-02,1.973342e-02
1.289783e+01,9.890726e-04,6.980697e-06,1.001068e-03,2.094209e-05,1.013063e-03,3.490349e-05,1.075192e-02,9.769827e-03,3.028961e-02,2.930948e-02,4.982729e-02,4.884913e-02,4.900726e-03,3.918634e-03,1.273603e-02,1.175590e-02,2.057133e-02,1.959317e-02
1.308188e+01,9.817441e-04,6.585166e-06,9.929621e-04,1.975550e-05,1.004180e-03,3.292583e-05,1.067407e-02,9.698907e-03,3.006993e-02,2.909672e-02,4.946579e-02,4.849454e-02,4.865742e-03,3.890584e-03,1.264496e-02,1.167175e-02,2.042417e-02,1.945292e-02
1.326856e+01,9.749914e-04,6.716693e-06,9.864863e-04,2.015008e-05,9.979812e-04,3.358346e-05,1.059803e-02,9.629753e-03,2.985560e-02,2.888926e-02,4.911316e-02,4.814876e-02,4.831386e-03,3.863111e-03,1.255567e-02,1.158933e-02,2.027995e-02,1.931556e-02
1.345790e+01,9.688172e-04,7.378052e-06,9.816485e-04,2.213416e-05,9.944798e-04,3.689026e-05,1.052527e-02,9.563831e-03,2.965101e-02,2.869149e-02,4.877674e-02,4.781915e-02,4.797660e-03,3.836221e-03,1.246818e-02,1.150866e-02,2.013870e-02,1.918111e-02
1.364995e+01,9.634864e-04,8.834722e-06,9.792446e-04,2.650417e-05,9.950028e-04,4.417361e-05,1.045257e-02,9.497914e-03,2.944648e-02,2.849374e-02,4.844040e-02,4.748957e-02,4.763982e-03,3.809330e-03,1.238073e-02,1.142799e-02,1.999748e-02,1.904665e-02
1.384473e+01,9.598559e-04,1.194346e-05,9.818451e-04,3.583038e-05,1.003834e-03,5.971729e-05,1.037991e-02,9.431998e-03,2.924201e-02,2.829599e-02,4.810411e-02,4.715999e-02,4.730352e-03,3.782439e-03,1.229333e-02,1.134732e-02,1.985631e-02,1.891220e-02
1.404230e+01,9.610803e-04,1.985992e-05,9.989159e-04,5.957977e-05,1.036751e-03,9.929961e-05,1.030529e-02,9.364069e-03,2.903154e-02,2.809221e-02,4.775779e-02,4.682034e-02,4.696769e-03,3.755548e-03,1.220598e-02,1.126664e-02,1.971519e-02,1.877774e-02
1.424268e+01,9.863320e-04,5.175607e-05,1.087973e-03,1.552682e-04,1.189614e-03,2.587803e-04,1.022940e-02,9.294822e-03,2.881717e-02,2.788447e-02,4.740495e-02,4.647411e-02,4.663233e-03,3.728657e-03,1.211868e-02,1.118597e-02,1.957412e-02,1.864329e-02
1.444593e+01,1.526215e-03,5.982370e-04,2.720831e-03,1.794711e-03,3.915447e-03,2.991185e-03,1.015480e-02,9.226824e-03,2.860659e-02,2.768047e-02,4.705838e-02,4.613412e-02,4.630018e-03,3.702040e-03,1.203224e-02,1.110612e-02,1.943446e-02,1.851020e-02
1.465207e+01,1.051483e-03,1.300562e-04,1.309751e-03,3.901685e-04,1.568019e-03,6.502809e-04,1.008514e-02,9.163708e-03,2.841071e-02,2.749113e-02,4.673628e-02,4.581854e-02,4.597787e-03,3.676360e-03,1.194866e-02,1.102908e-02,1.929954e-02,1.838180e-02
1.486116e+01,9.453808e-04,3.045874e-05,1.004467e-03,9.137623e-05,1.063552e-03,1.522937e-04,1.001551e-02,9.100593e-03,2.821487e-02,2.730178e-02,4.641422e-02,4.550296e-02,4.565602e-03,3.650680e-03,1.186513e-02,1.095204e-02,1.916466e-02,1.825340e-02
1.507322e+01,9.258595e-04,1.739611e-05,9.588330e-04,5.218834e-05,9.918065e-04,8.698056e-05,9.945940e-03,9.037477e-03,2.801908e-02,2.711243e-02,4.609221e-02,4.518738e-02,4.533463e-03,3.625000e-03,1.178164e-02,1.087500e-02,1.902983e-02,1.812500e-02
1.528832e+01,9.167799e-04,1.472993e-05,9.444338e-04,4.418978e-05,9.720878e-04,7.364963e-05,9.876417e-03,8.974367e-03,2.782334e-02,2.692310e-02,4.577027e-02,4.487183e-02,4.501370e-03,3.599320e-03,1.169820e-02,1.079796e-02,1.889504e-02,1.799660e-02
1.550648e+01,9.113701e-04,1.568806e-05,9.409530e-04,4.706417e-05,9.705360e-04,7.844028e-05,9.804638e-03,8.908956e-03,2.762076e-02,2.672687e-02,4.543688e-02,4.454478e-02,4.469322e-03,3.573640e-03,1.161481e-02,1.072092e-02,1.876030e-02,1.786820e-02
1.572776e+01,9.092085e-04,1.984967e-05,9.471274e-04,5.954901e-05,9.850462e-04,9.924835e-05,9.731996e-03,8.842637e-03,2.741549e-02,2.652791e-02,4.509899e-02,4.421319e-02,4.437319e-03,3.547960e-03,1.153146e-02,1.064388e-02,1.862560e-02,1.773980e-02
1.595220e+01,9.138520e-04,3.077171e-05,9.736275e-04,9.231514e-05,1.033403e-03,1.538586e-04,9.662585e-03,8.779504e-03,2.721983e-02,2.633851e-02,4.477707e-02,4.389752e-02,4.405934e-03,3.522854e-03,1.144987e-02,1.056856e-02,1.849381e-02,1.761427e-02
1.617984e+01,9.828216e-04,1.059756e-04,1.193017e-03,3.179268e-04,1.403213e-03,5.298780e-04,9.596340e-03,8.719494e-03,2.703357e-02,2.615848e-02,4.447081e-02,4.359747e-02,4.375158e-03,3.498312e-03,1.137003e-02,1.049493e-02,1.836489e-02,1.749156e-02
1.641072e+01,9.982572e-04,1.276011e-04,1.251716e-03,3.828032e-04,1.505175e-03,6.380053e-04,9.530146e-03,8.659490e-03,2.684738e-02,2.597847e-02,4.416462e-02,4.329745e-02,4.344424e-03,3.473768e-03,1.129022e-02,1.042130e-02,1.823601e-02,1.736884e-02
1.664490e+01,1.696855e-03,8.323455e-04,3.359815e-03,2.497036e-03,5.022775e-03,4.161727e-03,9.463218e-03,8.598709e-03,2.665890e-02,2.579613e-02,4.385459e-02,4.299354e-02,4.313736e-03,3.449226e-03,1.121046e-02,1.034768e-02,1.810718e-02,1.724613e-02
1.688243e+01,1.851521e-03,9.931150e-04,3.836033e-03,2.979345e-03,5.820544e-03,4.965575e-03,9.394505e-03,8.536099e-03,2.646498e-02,2.560830e-02,4.353546e-02,4.268049e-02,4.283089e-03,3.424683e-03,1.113074e-02,1.027405e-02,1.797838e-02,1.712341e-02
1.712334e+01,9.718743e-04,1.195277e-04,1.209223e-03,3.585831e-04,1.446572e-03,5.976385e-04,9.325485e-03,8.473138e-03,2.627006e-02,2.541942e-02,4.321463e-02,4.236569e-02,4.252487e-03,3.400140e-03,1.105106e-02,1.020042e-02,1.784964e-02,1.700070e-02
1.736769e+01,8.948354e-04,4.850602e-05,9.901531e-04,1.455181e-04,1.085471e-03,2.425301e-04,9.259003e-03,8.412674e-03,2.608266e-02,2.523802e-02,4.290631e-02,4.206337e-02,4.222396e-03,3.376067e-03,1.097284e-02,1.012820e-02,1.772328e-02,1.688034e-02
1.761553e+01,8.885939e-04,4.823928e-05,9.833901e-04,1.447179e-04,1.078186e-03,2.411964e-04,9.195549e-03,8.355194e-03,2.590425e-02,2.506558e-02,4.261296e-02,4.177597e-02,4.192910e-03,3.352556e-03,1.089634e-02,1.005767e-02,1.759977e-02,1.676278e-02
1.786690e+01,9.005511e-04,6.612891e-05,1.031138e-03,1.983867e-04,1.161726e-03,3.306446e-04,9.132136e-03,8.297714e-03,2.572589e-02,2.489314e-02,4.231965e-02,4.148857e-02,4.163466e-03,3.329043e-03,1.081988e-02,9.987130e-03,1.747630e-02,1.664522e-02
1.812186e+01,8.481694e-04,1.963775e-05,8.857861e-04,5.891325e-05,9.234029e-04,9.818875e-05,9.068150e-03,8.239619e-03,2.554573e-02,2.471886e-02,4.202331e-02,4.119809e-02,4.134063e-03,3.305531e-03,1.074347e-02,9.916594e-03,1.735287e-02,1.652766e-02
1.838046e+01,8.382643e-04,1.558177e-05,8.677808e-04,4.674532e-05,8.972974e-04,7.790887e-05,9.002124e-03,8.179442e-03,2.535936e-02,2.453832e-02,4.171660e-02,4.089721e-02,4.104702e-03,3.282019e-03,1.066709e-02,9.846057e-03,1.722948e-02,1.641010e-02
1.864275e+01,8.324875e-04,1.561273e-05,8.620776e-04,4.683819e-05,8.916676e-04,7.806366e-05,8.936139e-03,8.119265e-03,2.517303e-02,2.435779e-02,4.140993e-02,4.059632e-02,4.075382e-03,3.258507e-03,1.059076e-02,9.775520e-03,1.710614e-02,1.629253e-02
1.890879e+01,8.292829e-04,1.817511e-05,8.640093e-04,5.452533e-05,8.987357e-04,9.087555e-05,8.872289e-03,8.061181e-03,2.499303e-02,2.418354e-02,4.111376e-02,4.030590e-02,4.046507e-03,3.235399e-03,1.051568e-02,9.706198e-03,1.698486e-02,1.617700e-02
1.917861e+01,8.301484e-04,2.476646e-05,8.780690e-04,7.429939e-05,9.259895e-04,1.238323e-04,8.811527e-03,8.006145e-03,2.482220e-02,2.401844e-02,4.083288e-02,4.003073e-02,4.018261e-03,3.212879e-03,1.044241e-02,9.638638e-03,1.686655e-02,1.606440e-02
1.945229e+01,8.430882e-04,4.339188e-05,9.282710e-04,1.301756e-04,1.013454e-03,2.169594e-04,8.750811e-03,7.951115e-03,2.465144e-02,2.385334e-02,4.055207e-02,3.975557e-02,3.990057e-03,3.190360e-03,1.036918e-02,9.571081e-03,1.674830e-02,1.595180e-02
1.972988e+01,9.544430e-04,1.603923e-04,1.273638e-03,4.811768e-04,1.592833e-03,8.019613e-04,8.689469e-03,7.895418e-03,2.447871e-02,2.368625e-02,4.026796e-02,3.947709e-02,3.961891e-03,3.167840e-03,1.029598e-02,9.503521e-03,1.663007e-02,1.583920e-02
2.001142e+01,1.287489e-03,4.990440e-04,2.283999e-03,1.497132e-03,3.280508e-03,2.495220e-03,8.626947e-03,7.838501e-03,2.430237e-02,2.351550e-02,3.997780e-02,3.919251e-02,3.933767e-03,3.145322e-03,1.022283e-02,9.435965e-03,1.651190e-02,1.572661e-02
2.029699e+01,1.017384e-03,2.345048e-04,1.484826e-03,7.035144e-04,1.952268e-03,1.172524e-03,8.563659e-03,7.780780e-03,2.412365e-02,2.334234e-02,3.968364e-02,3.890390e-02,3.905681e-03,3.122802e-03,1.014972e-02,9.368405e-03,1.639375e-02,1.561401e-02
2.058663e+01,4.570550e-03,3.793198e-03,1.215539e-02,1.137959e-02,1.974023e-02,1.896599e-02,8.501486e-03,7.724134e-03,2.394820e-02,2.317240e-02,3.939491e-02,3.862067e-02,3.877897e-03,3.100545e-03,1.007743e-02,9.301635e-03,1.627696e-02,1.550272e-02
2.088040e+01,1.639942e-03,8.680776e-04,3.374552e-03,2.604233e-03,5.109162e-03,4.340388e-03,8.443016e-03,7.671151e-03,2.378377e-02,2.301345e-02,3.912453e-02,3.835576e-02,3.850787e-03,3.078923e-03,1.000709e-02,9.236769e-03,1.616339e-02,1.539462e-02
2.117836e+01,1.401968e-03,6.355521e-04,2.671538e-03,1.906656e-03,3.941107e-03,3.177761e-03,8.384584e-03,7.618168e-03,2.361939e-02,2.285451e-02,3.885419e-02,3.809084e-02,3.823717e-03,3.057301e-03,9.936785e-03,9.171903e-03,1.604985e-02,1.528651e-02
2.148058e+01,8.728951e-04,1.118901e-04,1.095152e-03,3.356704e-04,1.317409e-03,5.594507e-04,8.324989e-03,7.563984e-03,2.345143e-02,2.269195e-02,3.857788e-02,3.781992e-02,3.796684e-03,3.035679e-03,9.866519e-03,9.107038e-03,1.593635e-02,1.517840e-02
2.178711e+01,8.181427e-04,6.251021e-05,9.416504e-04,1.875306e-04,1.065158e-03,3.125510e-04,8.264558e-03,7.508925e-03,2.328089e-02,2.252678e-02,3.829723e-02,3.754463e-02,3.769690e-03,3.014057e-03,9.796292e-03,9.042172e-03,1.582289e-02,1.507029e-02
2.209801e+01,7.766668e-04,2.636866e-05,8.279020e-04,7.910597e-05,8.791373e-04,1.318433e-04,8.204170e-03,7.453872e-03,2.311041e-02,2.236162e-02,3.801665e-02,3.726936e-02,3.742734e-03,2.992435e-03,9.726102e-03,8.977306e-03,1.570947e-02,1.496218e-02
2.241335e+01,7.638357e-04,1.883434e-05,8.000129e-04,5.650302e-05,8.361901e-04,9.417170e-05,8.147696e-03,7.402695e-03,2.295159e-02,2.220808e-02,3.775549e-02,3.701347e-02,3.716668e-03,2.971666e-03,9.658509e-03,8.914999e-03,1.560035e-02,1.485833e-02
2.273319e+01,7.579260e-04,1.818399e-05,7.928130e-04,5.455198e-05,8.277000e-04,9.091996e-05,8.091502e-03,7.351760e-03,2.279354e-02,2.205528e-02,3.749558e-02,3.675880e-02,3.690693e-03,2.950951e-03,9.591114e-03,8.852853e-03,1.549153e-02,1.475475e-02
2.305759e+01,7.647346e-04,3.021481e-05,8.236937e-04,9.064442e-05,8.826528e-04,1.510740e-04,8.035338e-03,7.300818e-03,2.263550e-02,2.190246e-02,3.723567e-02,3.650409e-02,3.664754e-03,2.930235e-03,9.523753e-03,8.790704e-03,1.538275e-02,1.465117e-02
2.338662e+01,8.906116e-04,1.612771e-04,1.211706e-03,4.838314e-04,1.532800e-03,8.063857e-04,7.979217e-03,7.249883e-03,2.247752e-02,2.174965e-02,3.697583e-02,3.624941e-02,3.638853e-03,2.909518e-03,9.456429e-03,8.728555e-03,1.527401e-02,1.454759e-02
2.372035e+01,1.155454e-03,4.312681e-04,2.016540e-03,1.293804e-03,2.877627e-03,2.156341e-03,7.922276e-03,7.198091e-03,2.231701e-02,2.159427e-02,3.671174e-02,3.599045e-02,3.612988e-03,2.888803e-03,9.389144e-03,8.666408e-03,1.516530e-02,1.444401e-02
2.405884e+01,7.544261e-04,3.535286e-05,8.236922e-04,1.060586e-04,8.929583e-04,1.767643e-04,7.863704e-03,7.144631e-03,2.215153e-02,2.143389e-02,3.643935e-02,3.572315e-02,3.587160e-03,2.868086e-03,9.321893e-03,8.604259e-03,1.505663e-02,1.434043e-02
2.440216e+01,7.285036e-04,1.450673e-05,7.560877e-04,4.352019e-05,7.836717e-04,7.253366e-05,7.806266e-03,7.092269e-03,2.198937e-02,2.127681e-02,3.617248e-02,3.546134e-02,3.561556e-03,2.847559e-03,9.255244e-03,8.542676e-03,1.494893e-02,1.423779e-02
2.475038e+01,7.202746e-04,1.131815e-05,7.414915e-04,3.395446e-05,7.627085e-04,5.659077e-05,7.752970e-03,7.044013e-03,2.183958e-02,2.113204e-02,3.592618e-02,3.522007e-02,3.536688e-03,2.827732e-03,9.190733e-03,8.483196e-03,1.484478e-02,1.413866e-02
2.510357e+01,7.267046e-04,2.275315e-05,7.708016e-04,6.825944e-05,8.148986e-04,1.137657e-04,7.699410e-03,6.995459e-03,2.168892e-02,2.098638e-02,3.567843e-02,3.497729e-02,3.511858e-03,2.807906e-03,9.126260e-03,8.423718e-03,1.474066e-02,1.403953e-02
2.546180e+01,9.703191e-04,2.713372e-04,1.511594e-03,8.140116e-04,2.052869e-03,1.356686e-03,7.644362e-03,6.945380e-03,2.153372e-02,2.083614e-02,3.542308e-02,3.472690e-02,3.487061e-03,2.788079e-03,9.061820e-03,8.364238e-03,1.463658e-02,1.394040e-02
2.582514e+01,7.063732e-04,1.232584e-05,7.296354e-04,3.697753e-05,7.528976e-04,6.162922e-05,7.589343e-03,6.895296e-03,2.137855e-02,2.068589e-02,3.516775e-02,3.447648e-02,3.462300e-03,2.768252e-03,8.997415e-03,8.304757e-03,1.453253e-02,1.384126e-02
2.619366e+01,6.953543e-04,6.206537e-06,7.063877e-04,1.861961e-05,7.174211e-04,3.103268e-05,7.534365e-03,6.845217e-03,2.122342e-02,2.053565e-02,3.491248e-02,3.422609e-02,3.437573e-03,2.748426e-03,8.933045e-03,8.245277e-03,1.442852e-02,1.374213e-02
2.656745e+01,6.894283e-04,5.145615e-06,6.983496e-04,1.543685e-05,7.072709e-04,2.572808e-05,7.480945e-03,6.796663e-03,2.107290e-02,2.038999e-02,3.466486e-02,3.398331e-02,3.413356e-03,2.729073e-03,8.870132e-03,8.187220e-03,1.432691e-02,1.364537e-02
2.694657e+01,6.853648e-04,5.912874e-06,6.958303e-04,1.773862e-05,7.062957e-04,2.956437e-05,7.429561e-03,6.750110e-03,2.092842e-02,2.025033e-02,3.442728e-02,3.375055e-02,3.389518e-03,2.710066e-03,8.808290e-03,8.130198e-03,1.422706e-02,1.355033e-02
2.733109e+01,6.916171e-04,1.696173e-05,7.241899e-04,5.088520e-05,7.567627e-04,8.480867e-05,7.378212e-03,6.703556e-03,2.078397e-02,2.011067e-02,3.418974e-02,3.351778e-02,3.365713e-03,2.691058e-03,8.746479e-03,8.073174e-03,1.412724e-02,1.345529e-02
2.772111e+01,6.986038e-04,2.871122e-05,7.546851e-04,8.613367e-05,8.107664e-04,1.435561e-04,7.326901e-03,6.657009e-03,2.063958e-02,1.997103e-02,3.395225e-02,3.328504e-02,3.341943e-03,2.672051e-03,8.684704e-03,8.016153e-03,1.402746e-02,1.336025e-02
2.811669e+01,6.731295e-04,7.966018e-06,6.877298e-04,2.389806e-05,7.023302e-04,3.983009e-05,7.274083e-03,6.608920e-03,2.049059e-02,1.982676e-02,3.370710e-02,3.304460e-02,3.318207e-03,2.653044e-03,8.622963e-03,7.959131e-03,1.392772e-02,1.326522e-02
2.851792e+01,6.696196e-04,9.151932e-06,6.866012e-04,2.745580e-05,7.035828e-04,4.575966e-05,7.220413e-03,6.559946e-03,2.033898e-02,1.967984e-02,3.345755e-02,3.279973e-02,3.294503e-03,2.634036e-03,8.561253e-03,7.902107e-03,1.382800e-02,1.317018e-02
2.892487e+01,6.726575e-04,1.685242e-05,7.050494e-04,5.055727e-05,7.374413e-04,8.426212e-05,7.168087e-03,6.512282e-03,2.019134e-02,1.953685e-02,3.321459e-02,3.256141e-02,3.271096e-03,2.615291e-03,8.500365e-03,7.845872e-03,1.372963e-02,1.307645e-02
2.933763e+01,7.285647e-04,7.738934e-05,8.820397e-04,2.321680e-04,1.035515e-03,3.869467e-04,7.118883e-03,6.467707e-03,2.005299e-02,1.940312e-02,3.298711e-02,3.233854e-02,3.248314e-03,2.597138e-03,8.441287e-03,7.791415e-03,1.363426e-02,1.298569e-02
2.975628e+01,8.228751e-04,1.762967e-04,1.174174e-03,5.288902e-04,1.525473e-03,8.814837e-04,7.069717e-03,6.423138e-03,1.991470e-02,1.926941e-02,3.275968e-02,3.211569e-02,3.225565e-03,2.578987e-03,8.382244e-03,7.736960e-03,1.353892e-02,1.289493e-02
3.018090e+01,1.450185e-03,8.081711e-04,3.065242e-03,2.424513e-03,4.680298e-03,4.040855e-03,7.020583e-03,6.378569e-03,1.977644e-02,1.913571e-02,3.253229e-02,3.189284e-02,3.202849e-03,2.560835e-03,8.323234e-03,7.682506e-03,1.344362e-02,1.280418e-02
3.061158e+01,6.729171e-04,3.543559e-05,7.425120e-04,1.063068e-04,8.121070e-04,1.771780e-04,6.971476e-03,6.333994e-03,1.963819e-02,1.900198e-02,3.230490e-02,3.166997e-02,3.180164e-03,2.542683e-03,8.264253e-03,7.628048e-03,1.334834e-02,1.271341e-02
3.104841e+01,6.475605e-04,1.457938e-05,6.754521e-04,4.373815e-05,7.033436e-04,7.289691e-05,6.920606e-03,6.287625e-03,1.949459e-02,1.886287e-02,3.206857e-02,3.143812e-02,3.157512e-03,2.524531e-03,8.205307e-03,7.573593e-03,1.325310e-02,1.262266e-02
3.149147e+01,6.542959e-04,2.578333e-05,7.046043e-04,7.735000e-05,7.549127e-04,1.289167e-04,6.869302e-03,6.240790e-03,1.934962e-02,1.872237e-02,3.182994e-02,3.120395e-02,3.134892e-03,2.506380e-03,8.146393e-03,7.519139e-03,1.315789e-02,1.253190e-02
3.194085e+01,6.531014e-04,2.902578e-05,7.099036e-04,8.707733e-05,7.667057e-04,1.451289e-04,6.820641e-03,6.196566e-03,1.921252e-02,1.858970e-02,3.160440e-02,3.098283e-02,3.112774e-03,2.488699e-03,8.088922e-03,7.466096e-03,1.306507e-02,1.244349e-02
3.239665e+01,6.292937e-04,9.623765e-06,6.473006e-04,2.887129e-05,6.653076e-04,4.811882e-05,6.773857e-03,6.154187e-03,1.908099e-02,1.846256e-02,3.138813e-02,3.077094e-02,3.091021e-03,2.471351e-03,8.032482e-03,7.414052e-03,1.297394e-02,1.235675e-02
3.285895e+01,6.392767e-04,2.398133e-05,6.860075e-04,7.194400e-05,7.327384e-04,1.199067e-04,6.727110e-03,6.111815e-03,1.894951e-02,1.833544e-02,3.117191e-02,3.055907e-02,3.069298e-03,2.454003e-03,7.976072e-03,7.362009e-03,1.288285e-02,1.227001e-02
3.332785e+01,6.762050e-04,6.525339e-05,8.054887e-04,1.957602e-04,9.347723e-04,3.262670e-04,6.679750e-03,6.068799e-03,1.881612e-02,1.820640e-02,3.095250e-02,3.034399e-02,3.047607e-03,2.436655e-03,7.919694e-03,7.309965e-03,1.279178e-02,1.218328e-02
3.380344e+01,6.254505e-04,1.881191e-05,6.618598e-04,5.643573e-05,6.982691e-04,9.405954e-05,6.631150e-03,6.024511e-03,1.867896e-02,1.807353e-02,3.072676e-02,3.012256e-02,3.025947e-03,2.419308e-03,7.863348e-03,7.257924e-03,1.270075e-02,1.209654e-02
3.428582e+01,6.198395e-04,1.748358e-05,6.536008e-04,5.245073e-05,6.873620e-04,8.741789e-05,6.582401e-03,5.980045e-03,1.854129e-02,1.794014e-02,3.050017e-02,2.990023e-02,3.004316e-03,2.401960e-03,7.807031e-03,7.205881e-03,1.260975e-02,1.200980e-02
3.477508e+01,9.974327e-04,3.993292e-04,1.794894e-03,1.197987e-03,2.592355e-03,1.996646e-03,6.535765e-03,5.937661e-03,1.840989e-02,1.781298e-02,3.028402e-02,2.968831e-02,2.983107e-03,2.385004e-03,7.751918e-03,7.155011e-03,1.252073e-02,1.192502e-02
3.527132e+01,6.448282e-04,5.094698e-05,7.455332e-04,1.528409e-04,8.462382e-04,2.547349e-04,6.490953e-03,5.897072e-03,1.828391e-02,1.769122e-02,3.007686e-02,2.948536e-02,2.962265e-03,2.368384e-03,7.697845e-03,7.105152e-03,1.243342e-02,1.184192e-02
3.577464e+01,6.123031e-04,2.261438e-05,6.563513e-04,6.784313e-05,7.003995e-04,1.130719e-04,6.446165e-03,5.856476e-03,1.815794e-02,1.756943e-02,2.986971e-02,2.928238e-02,2.941453e-03,2.351764e-03,7.643801e-03,7.055293e-03,1.234615e-02,1.175882e-02
3.628514e+01,5.941528e-04,8.626965e-06,6.102345e-04,2.588089e-05,6.263162e-04,4.313482e-05,6.400820e-03,5.815295e-03,1.803024e-02,1.744588e-02,2.965965e-02,2.907647e-02,2.920671e-03,2.335145e-03,7.589788e-03,7.005434e-03,1.225891e-02,1.167572e-02
3.680293e+01,6.082108e-04,2.681854e-05,6.606840e-04,8.045563e-05,7.131571e-04,1.340927e-04,6.354194e-03,5.772801e-03,1.789863e-02,1.731840e-02,2.944307e-02,2.886401e-02,2.899918e-03,2.318526e-03,7.535806e-03,6.955578e-03,1.217169e-02,1.159263e-02
3.732811e+01,6.184768e-04,4.118889e-05,6.996989e-04,1.235667e-04,7.809209e-04,2.059445e-04,6.307590e-03,5.730302e-03,1.776704e-02,1.719091e-02,2.922649e-02,2.865151e-02,2.879194e-03,2.301906e-03,7.481851e-03,6.905719e-03,1.208451e-02,1.150953e-02
3.786079e+01,5.794266e-04,6.214136e-06,5.907073e-04,1.864241e-05,6.019880e-04,3.107068e-05,6.262790e-03,5.689578e-03,1.764080e-02,1.706873e-02,2.901881e-02,2.844789e-02,2.858842e-03,2.285629e-03,7.428952e-03,6.856887e-03,1.199906e-02,1.142815e-02
3.840106e+01,5.742514e-04,5.085566e-06,5.832831e-04,1.525670e-05,5.923148e-04,2.542783e-05,6.219879e-03,5.650713e-03,1.752017e-02,1.695214e-02,2.882045e-02,2.825357e-02,2.838877e-03,2.269711e-03,7.377160e-03,6.809134e-03,1.191544e-02,1.134856e-02
3.894904e+01,6.549229e-04,8.977508e-05,8.333417e-04,2.693252e-04,1.011760e-03,4.488754e-04,6.176997e-03,5.611849e-03,1.739956e-02,1.683555e-02,2.862213e-02,2.805924e-02,2.818942e-03,2.253794e-03,7.325399e-03,6.761383e-03,1.183186e-02,1.126897e-02
3.950485e+01,5.675637e-04,6.405537e-06,5.792513e-04,1.921661e-05,5.909389e-04,3.202768e-05,6.133570e-03,5.572412e-03,1.727727e-02,1.671724e-02,2.842097e-02,2.786206e-02,2.799035e-03,2.237876e-03,7.273664e-03,6.713629e-03,1.174829e-02,1.118938e-02
4.006858e+01,5.997867e-04,4.259008e-05,6.838514e-04,1.277702e-04,7.679160e-04,2.129504e-04,6.089412e-03,5.532216e-03,1.715273e-02,1.659665e-02,2.821604e-02,2.766108e-02,2.779155e-03,2.221959e-03,7.221957e-03,6.665876e-03,1.166476e-02,1.110979e-02
4.064036e+01,5.582511e-04,4.988061e-06,5.671196e-04,1.496418e-05,5.759881e-04,2.494031e-05,6.044647e-03,5.491384e-03,1.702631e-02,1.647415e-02,2.800797e-02,2.745692e-02,2.759304e-03,2.206041e-03,7.170277e-03,6.618122e-03,1.158125e-02,1.103020e-02
4.122030e+01,5.528374e-04,3.480120e-06,5.586978e-04,1.044036e-05,5.645583e-04,1.740060e-05,6.001031e-03,5.451673e-03,1.690328e-02,1.635502e-02,2.780553e-02,2.725837e-02,2.739717e-03,2.190360e-03,7.119336e-03,6.571079e-03,1.149896e-02,1.095180e-02
4.180852e+01,5.496434e-04,4.164363e-06,5.568801e-04,1.249309e-05,5.641168e-04,2.082182e-05,5.959739e-03,5.414259e-03,1.678717e-02,1.624278e-02,2.761459e-02,2.707130e-02,2.720556e-03,2.175077e-03,7.069617e-03,6.525230e-03,1.141868e-02,1.087538e-02
4.240513e+01,5.480885e-04,6.460279e-06,5.599247e-04,1.938084e-05,5.717609e-04,3.230139e-05,5.918473e-03,5.376845e-03,1.667108e-02,1.613053e-02,2.742368e-02,2.688422e-02,2.701422e-03,2.159793e-03,7.019924e-03,6.479380e-03,1.133843e-02,1.079897e-02
4.301025e+01,5.529612e-04,1.515664e-05,5.821978e-04,4.546991e-05,6.114344e-04,7.578319e-05,5.876266e-03,5.338462e-03,1.655211e-02,1.601539e-02,2.722796e-02,2.669231e-02,2.682315e-03,2.144510e-03,6.970259e-03,6.433531e-03,1.125820e-02,1.072255e-02
4.362401e+01,6.185606e-04,8.455270e-05,7.865969e-04,2.536581e-04,9.546332e-04,4.227635e-04,5.833590e-03,5.299583e-03,1.643169e-02,1.589875e-02,2.702978e-02,2.649791e-02,2.663235e-03,2.129227e-03,6.920621e-03,6.387682e-03,1.117801e-02,1.064614e-02
4.424652e+01,2.047831e-03,1.517593e-03,5.081956e-03,4.552780e-03,8.116082e-03,7.587967e-03,5.791006e-03,5.260768e-03,1.631148e-02,1.578230e-02,2.683196e-02,2.630384e-02,2.644197e-03,2.113959e-03,6.871052e-03,6.341876e-03,1.109791e-02,1.056979e-02
4.487792e+01,5.497280e-04,2.323321e-05,5.951404e-04,6.969963e-05,6.405528e-04,1.161661e-04,5.751291e-03,5.224797e-03,1.619983e-02,1.567439e-02,2.664837e-02,2.612398e-02,2.625810e-03,2.099315e-03,6.823386e-03,6.297945e-03,1.102096e-02,1.049658e-02
4.551833e+01,5.363568e-04,1.357885e-05,5.624679e-04,4.073654e-05,5.885790e-04,6.789424e-05,5.711603e-03,5.188825e-03,1.608821e-02,1.556648e-02,2.646481e-02,2.594413e-02,2.607450e-03,2.084672e-03,6.775749e-03,6.254017e-03,1.094405e-02,1.042336e-02
4.616788e+01,7.104951e-04,1.914077e-04,1.092271e-03,5.742232e-04,1.474048e-03,9.570386e-04,5.671941e-03,5.152854e-03,1.597661e-02,1.545856e-02,2.628128e-02,2.576427e-02,2.589116e-03,2.070029e-03,6.728135e-03,6.210087e-03,1.086715e-02,1.035014e-02
4.682669e+01,7.885537e-04,2.731308e-04,1.333783e-03,8.193923e-04,1.879013e-03,1.365654e-03,5.632306e-03,5.116883e-03,1.586504e-02,1.535065e-02,2.609777e-02,2.558441e-02,2.570809e-03,2.055386e-03,6.680550e-03,6.166159e-03,1.079029e-02,1.027693e-02
4.749491e+01,5.342199e-04,2.243567e-05,5.780667e-04,6.730702e-05,6.219134e-04,1.121784e-04,5.591948e-03,5.080163e-03,1.575125e-02,1.524049e-02,2.591055e-02,2.540082e-02,2.552528e-03,2.040744e-03,6.632991e-03,6.122232e-03,1.071345e-02,1.020372e-02
4.817267e+01,5.418096e-04,3.363830e-05,6.080688e-04,1.009149e-04,6.743281e-04,1.681915e-04,5.550581e-03,5.042410e-03,1.563438e-02,1.512723e-02,2.571819e-02,2.521205e-02,2.534272e-03,2.026100e-03,6.585455e-03,6.078301e-03,1.063664e-02,1.013050e-02
4.886009e+01,2.101950e-03,1.597367e-03,5.295673e-03,4.792100e-03,8.489396e-03,7.986833e-03,5.510315e-03,5.005731e-03,1.552077e-02,1.501719e-02,2.553122e-02,2.502866e-02,2.516226e-03,2.011642e-03,6.538499e-03,6.034925e-03,1.056077e-02,1.005821e-02
4.955733e+01,5.246191e-04,2.359742e-05,5.708109e-04,7.079225e-05,6.170027e-04,1.179871e-04,5.472674e-03,4.971653e-03,1.541498e-02,1.491496e-02,2.535728e-02,2.485826e-02,2.498649e-03,1.997627e-03,6.492901e-03,5.992882e-03,1.048715e-02,9.988137e-03
5.026451e+01,5.110256e-04,1.354087e-05,5.371114e-04,4.062262e-05,5.631971e-04,6.770437e-05,5.434745e-03,4.937261e-03,1.530827e-02,1.481178e-02,2.518180e-02,2.468630e-02,2.481098e-03,1.983613e-03,6.447328e-03,5.950839e-03,1.041356e-02,9.918065e-03
5.098179e+01,5.367498e-04,4.277716e-05,6.213152e-04,1.283315e-04,7.058806e-04,2.138858e-04,5.395868e-03,4.901895e-03,1.519867e-02,1.470569e-02,2.500147e-02,2.450948e-02,2.463571e-03,1.969599e-03,6.401780e-03,5.908796e-03,1.033999e-02,9.847994e-03
5.170930e+01,5.920010e-04,1.015155e-04,7.940500e-04,3.045465e-04,9.960991e-04,5.075775e-04,5.357014e-03,4.866529e-03,1.508909e-02,1.459959e-02,2.482117e-02,2.433265e-02,2.446070e-03,1.955584e-03,6.356257e-03,5.866753e-03,1.026644e-02,9.777922e-03
5.244719e+01,5.811805e-04,9.415765e-05,7.685208e-04,2.824729e-04,9.558611e-04,4.707882e-04,5.318129e-03,4.831106e-03,1.497937e-02,1.449332e-02,2.464060e-02,2.415553e-02,2.428593e-03,1.941570e-03,6.310758e-03,5.824710e-03,1.019292e-02,9.707850e-03
5.319561e+01,5.318093e-04,4.822460e-05,6.272904e-04,1.446738e-04,7.227714e-04,2.411230e-04,5.280660e-03,4.797075e-03,1.487384e-02,1.439123e-02,2.446702e-02,2.398538e-02,2.411522e-03,1.927938e-03,6.266430e-03,5.783813e-03,1.012134e-02,9.639689e-03
5.395472e+01,6.060721e-04,1.259013e-04,8.569134e-04,3.777039e-04,1.107755e-03,6.295064e-04,5.244371e-03,4.764200e-03,1.477181e-02,1.429260e-02,2.429925e-02,2.382100e-02,2.394673e-03,1.914503e-03,6.222717e-03,5.743508e-03,1.005076e-02,9.572513e-03
5.472465e+01,4.885568e-04,1.177573e-05,5.111537e-04,3.532719e-05,5.337506e-04,5.887865e-05,5.208107e-03,4.731326e-03,1.466980e-02,1.419398e-02,2.413150e-02,2.365663e-02,2.377848e-03,1.901067e-03,6.179026e-03,5.703200e-03,9.980205e-03,9.505333e-03
5.550557e+01,4.805217e-04,7.106496e-06,4.937869e-04,2.131949e-05,5.070521e-04,3.553248e-05,5.171784e-03,4.698369e-03,1.456757e-02,1.409511e-02,2.396336e-02,2.349185e-02,2.361047e-03,1.887631e-03,6.135361e-03,5.662894e-03,9.909676e-03,9.438157e-03
5.629764e+01,7.420519e-04,2.719789e-04,1.285069e-03,8.159366e-04,1.828085e-03,1.359894e-03,5.134459e-03,4.664385e-03,1.446229e-02,1.399316e-02,2.379012e-02,2.332193e-02,2.344269e-03,1.874196e-03,6.091721e-03,5.622589e-03,9.839172e-03,9.370981e-03
5.710101e+01,4.780563e-04,1.130171e-05,4.997253e-04,3.390514e-05,5.213942e-04,5.650857e-05,5.096518e-03,4.629764e-03,1.435511e-02,1.388929e-02,2.361370e-02,2.314882e-02,2.327516e-03,1.860761e-03,6.048103e-03,5.582283e-03,9.768691e-03,9.303805e-03
5.791584e+01,5.208677e-04,5.740820e-05,6.347563e-04,1.722246e-04,7.486448e-04,2.870410e-04,5.059818e-03,4.596358e-03,1.425161e-02,1.378908e-02,2.344340e-02,2.298179e-02,2.311019e-03,1.847560e-03,6.005211e-03,5.542679e-03,9.699403e-03,9.237799e-03
5.874230e+01,5.548475e-04,9.465982e-05,7.432458e-04,2.839794e-04,9.316442e-04,4.732991e-04,5.025070e-03,4.564883e-03,1.415391e-02,1.369465e-02,2.328276e-02,2.282441e-02,2.294917e-03,1.834729e-03,5.963454e-03,5.504188e-03,9.631992e-03,9.173647e-03
5.958056e+01,6.985379e-04,2.415990e-04,1.180821e-03,7.247970e-04,1.663104e-03,1.207995e-03,4.990346e-03,4.533407e-03,1.405625e-02,1.360022e-02,2.312215e-02,2.266704e-02,2.278838e-03,1.821899e-03,5.921721e-03,5.465696e-03,9.564603e-03,9.109494e-03
6.043077e+01,4.617102e-04,7.997022e-06,4.767959e-04,2.399107e-05,4.918816e-04,3.998511e-05,4.955645e-03,4.501932e-03,1.395860e-02,1.350580e-02,2.296156e-02,2.250966e-02,2.262781e-03,1.809068e-03,5.880010e-03,5.427205e-03,9.497238e-03,9.045341e-03
6.129312e+01,4.552530e-04,4.742816e-06,4.638367e-04,1.422845e-05,4.724204e-04,2.371408e-05,4.920967e-03,4.470456e-03,1.386098e-02,1.341137e-02,2.280099e-02,2.235228e-02,2.246749e-03,1.796239e-03,5.838324e-03,5.388716e-03,9.429900e-03,8.981194e-03
6.216778e+01,4.616554e-04,1.432567e-05,4.894112e-04,4.297701e-05,5.171670e-04,7.162835e-05,4.884910e-03,4.437580e-03,1.375917e-02,1.331274e-02,2.263344e-02,2.218790e-02,2.230738e-03,1.783408e-03,5.796659e-03,5.350225e-03,9.362580e-03,8.917041e-03
6.305491e+01,6.421097e-04,1.979379e-04,1.037096e-03,5.938136e-04,1.432083e-03,9.896893e-04,4.848678e-03,4.404506e-03,1.365680e-02,1.321352e-02,2.246492e-02,2.202253e-02,2.214750e-03,1.770578e-03,5.755016e-03,5.311733e-03,9.295282e-03,8.852888e-03
6.395471e+01,4.489575e-04,7.921377e-06,4.639173e-04,2.376413e-05,4.788771e-04,3.960689e-05,4.814565e-03,4.373529e-03,1.356074e-02,1.312059e-02,2.230692e-02,2.186765e-02,2.199162e-03,1.758125e-03,5.714530e-03,5.274376e-03,9.229897e-03,8.790627e-03
6.486734e+01,4.481369e-04,1.021426e-05,4.676887e-04,3.064279e-05,4.872405e-04,5.107132e-05,4.781526e-03,4.343604e-03,1.346786e-02,1.303081e-02,2.215419e-02,2.171802e-02,2.183786e-03,1.745864e-03,5.674637e-03,5.237591e-03,9.165488e-03,8.729319e-03
6.579300e+01,4.444160e-04,9.584858e-06,4.627152e-04,2.875457e-05,4.810143e-04,4.792429e-05,4.748510e-03,4.313679e-03,1.337500e-02,1.294104e-02,2.200148e-02,2.156839e-02,2.168432e-03,1.733601e-03,5.634764e-03,5.200803e-03,9.101095e-03,8.668005e-03
6.673187e+01,7.001051e-04,2.683437e-04,1.235928e-03,8.050311e-04,1.771751e-03,1.341718e-03,4.714996e-03,4.283235e-03,1.328060e-02,1.284970e-02,2.184621e-02,2.141617e-02,2.153101e-03,1.721339e-03,5.594915e-03,5.164018e-03,9.036729e-03,8.606697e-03
6.768414e+01,4.325293e-04,3.815937e-06,4.393029e-04,1.144781e-05,4.460765e-04,1.907968e-05,4.680620e-03,4.251906e-03,1.318357e-02,1.275572e-02,2.168653e-02,2.125953e-02,2.137790e-03,1.709077e-03,5.555085e-03,5.127230e-03,8.972380e-03,8.545383e-03
6.864999e+01,4.309159e-04,5.229026e-06,4.405217e-04,1.568708e-05,4.501275e-04,2.614513e-05,4.646193e-03,4.220506e-03,1.308635e-02,1.266152e-02,2.152651e-02,2.110253e-02,2.122502e-03,1.696815e-03,5.515280e-03,5.090445e-03,8.908057e-03,8.484075e-03
6.962963e+01,7.898565e-04,3.671748e-04,1.523360e-03,1.101525e-03,2.256863e-03,1.835874e-03,4.613476e-03,4.190794e-03,1.299422e-02,1.257238e-02,2.137496e-02,2.095397e-02,2.107553e-03,1.684871e-03,5.476449e-03,5.054613e-03,8.845345e-03,8.424356e-03
7.062324e+01,4.234543e-04,3.756551e-06,4.301272e-04,1.126965e-05,4.368000e-04,1.878275e-05,4.581826e-03,4.162128e-03,1.290524e-02,1.248638e-02,2.122866e-02,2.081064e-02,2.092821e-03,1.673124e-03,5.438228e-03,5.019371e-03,8.783635e-03,8.365618e-03
7.163104e+01,4.180875e-04,1.352614e-06,4.199584e-04,4.057842e-06,4.218293e-04,6.763070e-06,4.550198e-03,4.133463e-03,1.281629e-02,1.240039e-02,2.108238e-02,2.066732e-02,2.078111e-03,1.661376e-03,5.400028e-03,4.984128e-03,8.721946e-03,8.306880e-03
7.265322e+01,4.147176e-04,9.246737e-07,4.157385e-04,2.774021e-06,4.167594e-04,4.623369e-06,4.518069e-03,4.104276e-03,1.272579e-02,1.231283e-02,2.093351e-02,2.052138e-02,2.063422e-03,1.649629e-03,5.361852e-03,4.948888e-03,8.660282e-03,8.248146e-03
7.368998e+01,4.116904e-04,8.186399e-07,4.125051e-04,2.455920e-06,4.133198e-04,4.093200e-06,4.485136e-03,4.074264e-03,1.263284e-02,1.222279e-02,2.078055e-02,2.037132e-02,2.048753e-03,1.637882e-03,5.323694e-03,4.913645e-03,8.598635e-03,8.189408e-03
7.474154e+01,4.088599e-04,8.887195e-07,4.098205e-04,2.666158e-06,4.107812e-04,4.443597e-06,4.452224e-03,4.044253e-03,1.253991e-02,1.213276e-02,2.062760e-02,2.022126e-02,2.034105e-03,1.626134e-03,5.285556e-03,4.878402e-03,8.537007e-03,8.130670e-03
7.580810e+01,4.067879e-04,1.696874e-06,4.093707e-04,5.090623e-06,4.119534e-04,8.484372e-06,4.420788e-03,4.015697e-03,1.245137e-02,1.204709e-02,2.048196e-02,2.007849e-02,2.019759e-03,1.614668e-03,5.248285e-03,4.844005e-03,8.476811e-03,8.073342e-03
7.688989e+01,4.160428e-04,1.381155e-05,4.428607e-04,4.143466e-05,4.696785e-04,6.905776e-05,4.390479e-03,3.988247e-03,1.236617e-02,1.196474e-02,2.034186e-02,1.994124e-02,2.005647e-03,1.603416e-03,5.211674e-03,4.810248e-03,8.417701e-03,8.017080e-03
7.798711e+01,4.281308e-04,2.873906e-05,4.848093e-04,8.621718e-05,5.414879e-04,1.436953e-04,4.360189e-03,3.960797e-03,1.228098e-02,1.188239e-02,2.020178e-02,1.980399e-02,1.991556e-03,1.592165e-03,5.175086e-03,4.776494e-03,8.358615e-03,7.960823e-03
7.909998e+01,5.377608e-04,1.411886e-04,8.193441e-04,4.235658e-04,1.100927e-03,7.059430e-04,4.329428e-03,3.932856e-03,1.219434e-02,1.179857e-02,2.005926e-02,1.966428e-02,1.977484e-03,1.580912e-03,5.138515e-03,4.742736e-03,8.299545e-03,7.904561e-03
8.022874e+01,4.024003e-04,8.627732e-06,4.188674e-04,2.588320e-05,4.353346e-04,4.313866e-05,4.298237e-03,3.904465e-03,1.210638e-02,1.171339e-02,1.991452e-02,1.952232e-02,1.963432e-03,1.569660e-03,5.101963e-03,4.708979e-03,8.240495e-03,7.848299e-03
8.137361e+01,6.526924e-04,2.616997e-04,1.175309e-03,7.850990e-04,1.697926e-03,1.308498e-03,4.266570e-03,3.875577e-03,1.201694e-02,1.162673e-02,1.976731e-02,1.937788e-02,1.949401e-03,1.558408e-03,5.065435e-03,4.675225e-03,8.181468e-03,7.792041e-03
8.253481e+01,4.250206e-04,3.678810e-05,4.978196e-04,1.103643e-04,5.706185e-04,1.839405e-04,4.236342e-03,3.848109e-03,1.193178e-02,1.154433e-02,1.962722e-02,1.924055e-02,1.935643e-03,1.547411e-03,5.029687e-03,4.642232e-03,8.123731e-03,7.737053e-03
8.371259e+01,3.941549e-04,8.663171e-06,4.107095e-04,2.598951e-05,4.272641e-04,4.331585e-05,4.207824e-03,3.822332e-03,1.185172e-02,1.146700e-02,1.949561e-02,1.911166e-02,1.922186e-03,1.536694e-03,4.994802e-03,4.610082e-03,8.067418e-03,7.683470e-03
8.490717e+01,3.933682e-04,1.059789e-05,4.137977e-04,3.179367e-05,4.342272e-04,5.298945e-05,4.179325e-03,3.796555e-03,1.177167e-02,1.138966e-02,1.936401e-02,1.898277e-02,1.908747e-03,1.525976e-03,4.959933e-03,4.577929e-03,8.011120e-03,7.629882e-03
8.611880e+01,3.839202e-04,3.852032e-06,3.908634e-04,1.155610e-05,3.978065e-04,1.926016e-05,4.149759e-03,3.769691e-03,1.168838e-02,1.130907e-02,1.922700e-02,1.884845e-02,1.895328e-03,1.515260e-03,4.925086e-03,4.545779e-03,7.954845e-03,7.576299e-03
8.734771e+01,5.899182e-04,2.125332e-04,1.014229e-03,6.375995e-04,1.438540e-03,1.062666e-03,4.119837e-03,3.742452e-03,1.160398e-02,1.122736e-02,1.908813e-02,1.871226e-02,1.881927e-03,1.504542e-03,4.890256e-03,4.513627e-03,7.898585e-03,7.522711e-03
8.859417e+01,3.784653e-04,3.744377e-06,3.852038e-04,1.123313e-05,3.919424e-04,1.872188e-05,4.089934e-03,3.715213e-03,1.151961e-02,1.114564e-02,1.894928e-02,1.857606e-02,1.868546e-03,1.493826e-03,4.855447e-03,4.481477e-03,7.842348e-03,7.469128e-03
8.985841e+01,3.746140e-04,2.538429e-06,3.789459e-04,7.615286e-06,3.832779e-04,1.269214e-05,4.060049e-03,3.687974e-03,1.143525e-02,1.106392e-02,1.881045e-02,1.843987e-02,1.855184e-03,1.483108e-03,4.820655e-03,4.449324e-03,7.786126e-03,7.415540e-03
9.114069e+01,3.721670e-04,2.718150e-06,3.768637e-04,8.154451e-06,3.815603e-04,1.359075e-05,4.030184e-03,3.660735e-03,1.135091e-02,1.098220e-02,1.867164e-02,1.830367e-02,1.841840e-03,1.472391e-03,4.785883e-03,4.417174e-03,7.729926e-03,7.361957e-03
9.244127e+01,4.621944e-04,9.535372e-05,6.521675e-04,2.860612e-04,8.421405e-04,4.767686e-04,4.002429e-03,3.635589e-03,1.127287e-02,1.090677e-02,1.854331e-02,1.817794e-02,1.828940e-03,1.462099e-03,4.752404e-03,4.386298e-03,7.675868e-03,7.310496e-03
9.376041e+01,3.695081e-04,5.257119e-06,3.792931e-04,1.577136e-05,3.890781e-04,2.628560e-05,3.975168e-03,3.610917e-03,1.119627e-02,1.083275e-02,1.841738e-02,1.805458e-02,1.816155e-03,1.451904e-03,4.719234e-03,4.355713e-03,7.622314e-03,7.259521e-03
9.509837e+01,3.672370e-04,5.557513e-06,3.776280e-04,1.667254e-05,3.880189e-04,2.778757e-05,3.947343e-03,3.585663e-03,1.111794e-02,1.075699e-02,1.828855e-02,1.792832e-02,1.803389e-03,1.441709e-03,4.686083e-03,4.325128e-03,7.568778e-03,7.208546e-03
9.645543e+01,5.952387e-04,2.361125e-04,1.066745e-03,7.083374e-04,1.538251e-03,1.180562e-03,3.918959e-03,3.559832e-03,1.103790e-02,1.067950e-02,1.815685e-02,1.779916e-02,1.790641e-03,1.431514e-03,4.652950e-03,4.294543e-03,7.515260e-03,7.157571e-03
9.783185e+01,3.739781e-04,1.738717e-05,4.080386e-04,5.216150e-05,4.420990e-04,8.693584e-05,3.890593e-03,3.534002e-03,1.095788e-02,1.060201e-02,1.802517e-02,1.767001e-02,1.777910e-03,1.421319e-03,4.619835e-03,4.263958e-03,7.461760e-03,7.106596e-03
9.922792e+01,3.660739e-04,1.200035e-05,3.893658e-04,3.600106e-05,4.126576e-04,6.000176e-05,3.862245e-03,3.508171e-03,1.087788e-02,1.052451e-02,1.789351e-02,1.754086e-02,1.765198e-03,1.411124e-03,4.586738e-03,4.233373e-03,7.408277e-03,7.055622e-03
1.006439e+02,3.868076e-04,3.523362e-05,4.565710e-04,1.057008e-04,5.263344e-04,1.761681e-04,3.834832e-03,3.483258e-03,1.080064e-02,1.044977e-02,1.776646e-02,1.741629e-02,1.752696e-03,1.401122e-03,4.554235e-03,4.203365e-03,7.355775e-03,7.005609e-03
1.020801e+02,3.708884e-04,2.179635e-05,4.137822e-04,6.538906e-05,4.566760e-04,1.089818e-04,3.808797e-03,3.459705e-03,1.072751e-02,1.037912e-02,1.764622e-02,1.729853e-02,1.740497e-03,1.391405e-03,4.522608e-03,4.174215e-03,7.304719e-03,6.957025e-03
1.035368e+02,3.524703e-04,5.842735e-06,3.634618e-04,1.752820e-05,3.744533e-04,2.921367e-05,3.782781e-03,3.436153e-03,1.065439e-02,1.030846e-02,1.752601e-02,1.718077e-02,1.728316e-03,1.381688e-03,4.490998e-03,4.145065e-03,7.253681e-03,6.908441e-03
1.050143e+02,4.181842e-04,7.400374e-05,5.655027e-04,2.220112e-04,7.128211e-04,3.700187e-04,3.756604e-03,3.412424e-03,1.058076e-02,1.023727e-02,1.740492e-02,1.706212e-02,1.716152e-03,1.371972e-03,4.459406e-03,4.115915e-03,7.202660e-03,6.859858e-03
1.065128e+02,3.558725e-04,1.412167e-05,3.834316e-04,4.236501e-05,4.109908e-04,7.060836e-05,3.729400e-03,3.387649e-03,1.050401e-02,1.016295e-02,1.727863e-02,1.693825e-02,1.704007e-03,1.362256e-03,4.427834e-03,4.086767e-03,7.151661e-03,6.811279e-03
1.080327e+02,3.561339e-04,1.679566e-05,3.890459e-04,5.038699e-05,4.219579e-04,8.397832e-05,3.702212e-03,3.362874e-03,1.042728e-02,1.008862e-02,1.715235e-02,1.681437e-02,1.691877e-03,1.352539e-03,4.396276e-03,4.057617e-03,7.100674e-03,6.762695e-03
1.095744e+02,4.989896e-04,1.620470e-04,8.224091e-04,4.861411e-04,1.145829e-03,8.102352e-04,3.675041e-03,3.338099e-03,1.035056e-02,1.001430e-02,1.702609e-02,1.669049e-02,1.679765e-03,1.342822e-03,4.364735e-03,4.028467e-03,7.049705e-03,6.714111e-03
1.111380e+02,3.570579e-04,2.249394e-05,4.013760e-04,6.748182e-05,4.456941e-04,1.124697e-04,3.648612e-03,3.314048e-03,1.027604e-02,9.942144e-03,1.690346e-02,1.657024e-02,1.667796e-03,1.333232e-03,4.333590e-03,3.999696e-03,6.999384e-03,6.666159e-03
1.127239e+02,3.510623e-04,1.886011e-05,3.881174e-04,5.658032e-05,4.251726e-04,9.430053e-05,3.624129e-03,3.291927e-03,1.020732e-02,9.875781e-03,1.679051e-02,1.645964e-02,1.656205e-03,1.324003e-03,4.303546e-03,3.972008e-03,6.950886e-03,6.620014e-03
1.143325e+02,3.460472e-04,1.619024e-05,3.777673e-04,4.857071e-05,4.094874e-04,8.095119e-05,3.598624e-03,3.268767e-03,1.013550e-02,9.806302e-03,1.667237e-02,1.634384e-02,1.644630e-03,1.314773e-03,4.273515e-03,3.944318e-03,6.902400e-03,6.573864e-03
1.159641e+02,3.510858e-04,2.355765e-05,3.975454e-04,7.067295e-05,4.440050e-04,1.177882e-04,3.573136e-03,3.245607e-03,1.006369e-02,9.736822e-03,1.655425e-02,1.622804e-02,1.633072e-03,1.305544e-03,4.243504e-03,3.916631e-03,6.853936e-03,6.527719e-03
1.176189e+02,3.322835e-04,7.067461e-06,3.457673e-04,2.120238e-05,3.592511e-04,3.533731e-05,3.547663e-03,3.222447e-03,9.991907e-03,9.667342e-03,1.643615e-02,1.611224e-02,1.621530e-03,1.296314e-03,4.213506e-03,3.888941e-03,6.805483e-03,6.481569e-03
1.192973e+02,3.341101e-04,1.118997e-05,3.558436e-04,3.356991e-05,3.775770e-04,5.594986e-05,3.522208e-03,3.199288e-03,9.920136e-03,9.597863e-03,1.631806e-02,1.599644e-02,1.610005e-03,1.287085e-03,4.183528e-03,3.861254e-03,6.757051e-03,6.435423e-03
1.209997e+02,1.317614e-03,9.969731e-04,3.310918e-03,2.990919e-03,5.304222e-03,4.984865e-03,3.496768e-03,3.176128e-03,9.848382e-03,9.528383e-03,1.619999e-02,1.588064e-02,1.598495e-03,1.277855e-03,4.153563e-03,3.833564e-03,6.708630e-03,6.389273e-03
1.227263e+02,3.416136e-04,2.323668e-05,3.874496e-04,6.971003e-05,4.332856e-04,1.161834e-04,3.471288e-03,3.152911e-03,9.776474e-03,9.458734e-03,1.608166e-02,1.576456e-02,1.587003e-03,1.268626e-03,4.123616e-03,3.805877e-03,6.660230e-03,6.343128e-03
1.244776e+02,6.164220e-04,3.002926e-04,1.216374e-03,9.008778e-04,1.816327e-03,1.501463e-03,3.446806e-03,3.130677e-03,9.707527e-03,9.392030e-03,1.596825e-02,1.565338e-02,1.575882e-03,1.259752e-03,4.094753e-03,3.779256e-03,6.613624e-03,6.298761e-03
1.262539e+02,4.158538e-04,1.019562e-04,6.191377e-04,3.058685e-04,8.224216e-04,5.097808e-04,3.422567e-03,3.108669e-03,9.639277e-03,9.326008e-03,1.585599e-02,1.554335e-02,1.564817e-03,1.250919e-03,4.066027e-03,3.752758e-03,6.567237e-03,6.254596e-03
1.280556e+02,3.156106e-04,3.929034e-06,3.228447e-04,1.178710e-05,3.300788e-04,1.964517e-05,3.398343e-03,3.086661e-03,9.571042e-03,9.259984e-03,1.574374e-02,1.543331e-02,1.553768e-03,1.242086e-03,4.037317e-03,3.726259e-03,6.520866e-03,6.210432e-03
1.298829e+02,3.695924e-04,6.011108e-05,4.891950e-04,1.803332e-04,6.087976e-04,3.005554e-04,3.374135e-03,3.064653e-03,9.502822e-03,9.193960e-03,1.563151e-02,1.532327e-02,1.542736e-03,1.233254e-03,4.008625e-03,3.699763e-03,6.474514e-03,6.166272e-03
1.317364e+02,3.179503e-04,1.065382e-05,3.386427e-04,3.196146e-05,3.593352e-04,5.326910e-05,3.349942e-03,3.042645e-03,9.434618e-03,9.127936e-03,1.551929e-02,1.521323e-02,1.531718e-03,1.224422e-03,3.979946e-03,3.673265e-03,6.428174e-03,6.122108e-03
1.336163e+02,3.165358e-04,1.140871e-05,3.387423e-04,3.422613e-05,3.609489e-04,5.704354e-05,3.327172e-03,3.022045e-03,9.370650e-03,9.066134e-03,1.541413e-02,1.511022e-02,1.521013e-03,1.215886e-03,3.952174e-03,3.647657e-03,6.383334e-03,6.079429e-03
1.355230e+02,3.059735e-04,3.000506e-06,3.113680e-04,9.001517e-06,3.167624e-04,1.500253e-05,3.303747e-03,3.000774e-03,9.304688e-03,9.002322e-03,1.530563e-02,1.500387e-02,1.510366e-03,1.207392e-03,3.924544e-03,3.622177e-03,6.338722e-03,6.036962e-03
1.374569e+02,3.298730e-04,2.903882e-05,3.873484e-04,8.711646e-05,4.448237e-04,1.451941e-04,3.280314e-03,2.979480e-03,9.238671e-03,8.938439e-03,1.519703e-02,1.489740e-02,1.499733e-03,1.198899e-03,3.896929e-03,3.596698e-03,6.294126e-03,5.994496e-03
1.394184e+02,3.784806e-04,7.977011e-05,5.374228e-04,2.393103e-04,6.963650e-04,3.988506e-04,3.256896e-03,2.958185e-03,9.172668e-03,8.874556e-03,1.508844e-02,1.479093e-02,1.489116e-03,1.190406e-03,3.869330e-03,3.571218e-03,6.249544e-03,5.952029e-03
1.414079e+02,3.529931e-04,5.639137e-05,4.651820e-04,1.691741e-04,5.773709e-04,2.819568e-04,3.233492e-03,2.936890e-03,9.106679e-03,8.810671e-03,1.497987e-02,1.468445e-02,1.478514e-03,1.181913e-03,3.841746e-03,3.545738e-03,6.204977e-03,5.909563e-03
1.434258e+02,4.226593e-04,1.281514e-04,6.783725e-04,3.844543e-04,9.340858e-04,6.407572e-04,3.210104e-03,2.915596e-03,9.040707e-03,8.746788e-03,1.487131e-02,1.457798e-02,1.467927e-03,1.173419e-03,3.814176e-03,3.520258e-03,6.160425e-03,5.867096e-03
1.454725e+02,3.201459e-04,2.771718e-05,3.749948e-04,8.315153e-05,4.298437e-04,1.385859e-04,3.188303e-03,2.895875e-03,8.979467e-03,8.687624e-03,1.477063e-02,1.447937e-02,1.457636e-03,1.165207e-03,3.787464e-03,3.495621e-03,6.117293e-03,5.826035e-03
1.475484e+02,3.034559e-04,1.309159e-05,3.290578e-04,3.927477e-05,3.546596e-04,6.545795e-05,3.166269e-03,2.875905e-03,8.917497e-03,8.627714e-03,1.466873e-02,1.437952e-02,1.447408e-03,1.157044e-03,3.760915e-03,3.471132e-03,6.074421e-03,5.785219e-03
1.496539e+02,7.847162e-04,4.964017e-04,1.776942e-03,1.489205e-03,2.769169e-03,2.482009e-03,3.144249e-03,2.855935e-03,8.855542e-03,8.567805e-03,1.456683e-02,1.427967e-02,1.437196e-03,1.148882e-03,3.734382e-03,3.446645e-03,6.031568e-03,5.744408e-03
1.517895e+02,2.958577e-04,9.578674e-06,3.144420e-04,2.873602e-05,3.330262e-04,4.789337e-05,3.122245e-03,2.835966e-03,8.793603e-03,8.507897e-03,1.446496e-02,1.417983e-02,1.426998e-03,1.140719e-03,3.707861e-03,3.422156e-03,5.988725e-03,5.703593e-03
1.539555e+02,3.214803e-04,3.722217e-05,3.953555e-04,1.116665e-04,4.692308e-04,1.861109e-04,3.100254e-03,2.815996e-03,8.731676e-03,8.447987e-03,1.436310e-02,1.407998e-02,1.416814e-03,1.132556e-03,3.681358e-03,3.397669e-03,5.945901e-03,5.662781e-03
1.561525e+02,3.488360e-04,6.658465e-05,4.814402e-04,1.997539e-04,6.140444e-04,3.329232e-04,3.077694e-03,2.795443e-03,8.668014e-03,8.386328e-03,1.425833e-02,1.397721e-02,1.406832e-03,1.124581e-03,3.655429e-03,3.373743e-03,5.904025e-03,5.622904e-03
1.583808e+02,2.833769e-04,3.118155e-06,2.890521e-04,9.354465e-06,2.947274e-04,1.559077e-05,3.054733e-03,2.774474e-03,8.603119e-03,8.323422e-03,1.415151e-02,1.387237e-02,1.396998e-03,1.116739e-03,3.629916e-03,3.350218e-03,5.862833e-03,5.583697e-03
1.606408e+02,2.892164e-04,1.093601e-05,3.105313e-04,3.280803e-05,3.318462e-04,5.468005e-05,3.032452e-03,2.754172e-03,8.540240e-03,8.262516e-03,1.404803e-02,1.377086e-02,1.387178e-03,1.108898e-03,3.604417e-03,3.326694e-03,5.821655e-03,5.544489e-03
1.629332e+02,2.797089e-04,3.393151e-06,2.859420e-04,1.017945e-05,2.921752e-04,1.696576e-05,3.011062e-03,2.734746e-03,8.480001e-03,8.204239e-03,1.394894e-02,1.367373e-02,1.377372e-03,1.101056e-03,3.578932e-03,3.303169e-03,5.780491e-03,5.505282e-03
1.652583e+02,3.251108e-04,5.074573e-05,4.260530e-04,1.522372e-04,5.269951e-04,2.537286e-04,2.989623e-03,2.715258e-03,8.419591e-03,8.145775e-03,1.384956e-02,1.357629e-02,1.367580e-03,1.093215e-03,3.553460e-03,3.279645e-03,5.739341e-03,5.466074e-03
1.676165e+02,2.812687e-04,8.840447e-06,2.984042e-04,2.652134e-05,3.155396e-04,4.420224e-05,2.968198e-03,2.695770e-03,8.359192e-03,8.087309e-03,1.375019e-02,1.347885e-02,1.357802e-03,1.085373e-03,3.528003e-03,3.256120e-03,5.698204e-03,5.426867e-03
1.700084e+02,2.927924e-04,2.228741e-05,3.368256e-04,6.686222e-05,3.808589e-04,1.114370e-04,2.947414e-03,2.676909e-03,8.300689e-03,8.030726e-03,1.365397e-02,1.338454e-02,1.348176e-03,1.077671e-03,3.502975e-03,3.233012e-03,5.657774e-03,5.388353e-03
1.724344e+02,2.776919e-04,9.096493e-06,2.953471e-04,2.728948e-05,3.130024e-04,4.548247e-05,2.926926e-03,2.658331e-03,8.243051e-03,7.974993e-03,1.355918e-02,1.329166e-02,1.338780e-03,1.070185e-03,3.478612e-03,3.210554e-03,5.618443e-03,5.350923e-03
1.748951e+02,2.715231e-04,4.823913e-06,2.806370e-04,1.447174e-05,2.897509e-04,2.411956e-05,2.906261e-03,2.639562e-03,8.184851e-03,7.918686e-03,1.346344e-02,1.319781e-02,1.329399e-03,1.062700e-03,3.454264e-03,3.188099e-03,5.579130e-03,5.313498e-03
1.773908e+02,2.706020e-04,5.785546e-06,2.816429e-04,1.735664e-05,2.926838e-04,2.892773e-05,2.885609e-03,2.620792e-03,8.126663e-03,7.862377e-03,1.336772e-02,1.310396e-02,1.320030e-03,1.055214e-03,3.429928e-03,3.165641e-03,5.539825e-03,5.276069e-03
1.799222e+02,2.722652e-04,9.318263e-06,2.903753e-04,2.795479e-05,3.084854e-04,4.659132e-05,2.864969e-03,2.602023e-03,8.068488e-03,7.806068e-03,1.327201e-02,1.301011e-02,1.310676e-03,1.047729e-03,3.405607e-03,3.143187e-03,5.500538e-03,5.238644e-03
1.824897e+02,3.001074e-04,3.901677e-05,3.776182e-04,1.170503e-04,4.551290e-04,1.950838e-04,2.844344e-03,2.583253e-03,8.010328e-03,7.749760e-03,1.317631e-02,1.291627e-02,1.301334e-03,1.040243e-03,3.381297e-03,3.120729e-03,5.461260e-03,5.201215e-03
1.850938e+02,3.547362e-04,9.548871e-05,5.451946e-04,2.864661e-04,7.356530e-04,4.774436e-04,2.823731e-03,2.564484e-03,7.952180e-03,7.693451e-03,1.308063e-02,1.282242e-02,1.292006e-03,1.032758e-03,3.357003e-03,3.098274e-03,5.422000e-03,5.163790e-03
1.877351e+02,2.956672e-04,3.824992e-05,3.716517e-04,1.147498e-04,4.476362e-04,1.912496e-04,2.803992e-03,2.546574e-03,7.896625e-03,7.639723e-03,1.298926e-02,1.273287e-02,1.282867e-03,1.025450e-03,3.333250e-03,3.076349e-03,5.383634e-03,5.127248e-03
1.904141e+02,2.954938e-04,3.989372e-05,3.747695e-04,1.196811e-04,4.540452e-04,1.994686e-04,2.784625e-03,2.529025e-03,7.842164e-03,7.587075e-03,1.289970e-02,1.264513e-02,1.273927e-03,1.018327e-03,3.310069e-03,3.054980e-03,5.346211e-03,5.091634e-03
1.931313e+02,2.925927e-04,3.879707e-05,3.696787e-04,1.163912e-04,4.467648e-04,1.939854e-04,2.764933e-03,2.511138e-03,7.786700e-03,7.533413e-03,1.280847e-02,1.255569e-02,1.265001e-03,1.011205e-03,3.286903e-03,3.033615e-03,5.308805e-03,5.056025e-03
1.958873e+02,3.560360e-04,1.040321e-04,5.635958e-04,3.120963e-04,7.711555e-04,5.201606e-04,2.745254e-03,2.493250e-03,7.731250e-03,7.479750e-03,1.271725e-02,1.246625e-02,1.256087e-03,1.004083e-03,3.263749e-03,3.012250e-03,5.271411e-03,5.020416e-03
1.986826e+02,2.873923e-04,3.716739e-05,3.612261e-04,1.115022e-04,4.350599e-04,1.858369e-04,2.725588e-03,2.475363e-03,7.675812e-03,7.426088e-03,1.262604e-02,1.237681e-02,1.247185e-03,9.969605e-04,3.240606e-03,2.990882e-03,5.234026e-03,4.984803e-03
2.015178e+02,2.850256e-04,3.656714e-05,3.576624e-04,1.097014e-04,4.302993e-04,1.828357e-04,2.705934e-03,2.457476e-03,7.620388e-03,7.372427e-03,1.253484e-02,1.228738e-02,1.238297e-03,9.898387e-04,3.217477e-03,2.969516e-03,5.196657e-03,4.949194e-03
2.043935e+02,3.023985e-04,5.569404e-05,4.132926e-04,1.670821e-04,5.241868e-04,2.784702e-04,2.686293e-03,2.439588e-03,7.564975e-03,7.318765e-03,1.244366e-02,1.219794e-02,1.229420e-03,9.827160e-04,3.194359e-03,2.948148e-03,5.159297e-03,4.913580e-03
2.073102e+02,2.866659e-04,4.170309e-05,3.695817e-04,1.251093e-04,4.524974e-04,2.085155e-04,2.667144e-03,2.422181e-03,7.511017e-03,7.266544e-03,1.235489e-02,1.211091e-02,1.220666e-03,9.757037e-04,3.171583e-03,2.927111e-03,5.122500e-03,4.878518e-03
2.102685e+02,2.853889e-04,4.215544e-05,3.692129e-04,1.264663e-04,4.530368e-04,2.107772e-04,2.648694e-03,2.405460e-03,7.459127e-03,7.216381e-03,1.226956e-02,1.202730e-02,1.212112e-03,9.688781e-04,3.149381e-03,2.906634e-03,5.086650e-03,4.844390e-03
2.132690e+02,2.770322e-04,3.551580e-05,3.475803e-04,1.065474e-04,4.181284e-04,1.775790e-04,2.629804e-03,2.388288e-03,7.405896e-03,7.164863e-03,1.218199e-02,1.194144e-02,1.203569e-03,9.620525e-04,3.127190e-03,2.886158e-03,5.050812e-03,4.810263e-03
2.163124e+02,3.017377e-04,6.192632e-05,4.251102e-04,1.857790e-04,5.484827e-04,3.096316e-04,2.610927e-03,2.371115e-03,7.352678e-03,7.113346e-03,1.209443e-02,1.185558e-02,1.195038e-03,9.552269e-04,3.105012e-03,2.865681e-03,5.014986e-03,4.776135e-03
2.193992e+02,2.995008e-04,6.138245e-05,4.217890e-04,1.841474e-04,5.440772e-04,3.069123e-04,2.592061e-03,2.353943e-03,7.299470e-03,7.061828e-03,1.200688e-02,1.176971e-02,1.186520e-03,9.484013e-04,3.082846e-03,2.845204e-03,4.979172e-03,4.742007e-03
2.225300e+02,2.972760e-04,6.083859e-05,4.184798e-04,1.825158e-04,5.396837e-04,3.041930e-04,2.573878e-03,2.337440e-03,7.248284e-03,7.012320e-03,1.192269e-02,1.168720e-02,1.178144e-03,9.417071e-04,3.061085e-03,2.825121e-03,4.944026e-03,4.708535e-03
2.257055e+02,2.950630e-04,6.029473e-05,4.151825e-04,1.808842e-04,5.353019e-04,3.014737e-04,2.556204e-03,2.321435e-03,7.198605e-03,6.964306e-03,1.184101e-02,1.160718e-02,1.169903e-03,9.351351e-04,3.039704e-03,2.805405e-03,4.909504e-03,4.675676e-03
2.289264e+02,2.928713e-04,5.976046e-05,4.119255e-04,1.792814e-04,5.309798e-04,2.988023e-04,2.537994e-03,2.304883e-03,7.147292e-03,6.914648e-03,1.175659e-02,1.152441e-02,1.161674e-03,9.285633e-04,3.018334e-03,2.785690e-03,4.874994e-03,4.642816e-03
2.321931e+02,2.906929e-04,5.922763e-05,4.086848e-04,1.776829e-04,5.266766e-04,2.961382e-04,2.519796e-03,2.288331e-03,7.095994e-03,6.864992e-03,1.167219e-02,1.144165e-02,1.153457e-03,9.219913e-04,2.996976e-03,2.765974e-03,4.840495e-03,4.609957e-03
2.355065e+02,2.885365e-04,5.870528e-05,4.054869e-04,1.761158e-04,5.224374e-04,2.935264e-04,2.501610e-03,2.271778e-03,7.044706e-03,6.815335e-03,1.158780e-02,1.135889e-02,1.145251e-03,9.154194e-04,2.975629e-03,2.746258e-03,4.806008e-03,4.577097e-03
2.388672e+02,2.863922e-04,5.818346e-05,4.023022e-04,1.745504e-04,5.182122e-04,2.909173e-04,2.483435e-03,2.255226e-03,6.993431e-03,6.765679e-03,1.150343e-02,1.127613e-02,1.137056e-03,9.088475e-04,2.954294e-03,2.726542e-03,4.771532e-03,4.544237e-03
2.422759e+02,2.842633e-04,5.766565e-05,3.991409e-04,1.729970e-04,5.140186e-04,2.883283e-04,2.466170e-03,2.239572e-03,6.944861e-03,6.718717e-03,1.142355e-02,1.119786e-02,1.129060e-03,9.024626e-04,2.933532e-03,2.707388e-03,4.738003e-03,4.512313e-03
2.457331e+02,2.821518e-04,5.715385e-05,3.960091e-04,1.714616e-04,5.098664e-04,2.857693e-04,2.449221e-03,2.224223e-03,6.897216e-03,6.672668e-03,1.134521e-02,1.112111e-02,1.121157e-03,8.961594e-04,2.913026e-03,2.688478e-03,4.704894e-03,4.480797e-03
2.492398e+02,2.800534e-04,5.664382e-05,3.928938e-04,1.699315e-04,5.057341e-04,2.832191e-04,2.431720e-03,2.208310e-03,6.847893e-03,6.624930e-03,1.126407e-02,1.104155e-02,1.113266e-03,8.898562e-04,2.892531e-03,2.669569e-03,4.671796e-03,4.449281e-03
2.527964e+02,2.779755e-04,5.614305e-05,3.898175e-04,1.684292e-04,5.016595e-04,2.807153e-04,2.414230e-03,2.192397e-03,6.798581e-03,6.577192e-03,1.118293e-02,1.096199e-02,1.105385e-03,8.835530e-04,2.872047e-03,2.650659e-03,4.638709e-03,4.417765e-03
2.564038e+02,2.759105e-04,5.564413e-05,3.867578e-04,1.669324e-04,4.976051e-04,2.782206e-04,2.396751e-03,2.176485e-03,6.749280e-03,6.529454e-03,1.110181e-02,1.088242e-02,1.097516e-03,8.772497e-04,2.851575e-03,2.631749e-03,4.605633e-03,4.386249e-03
2.600627e+02,2.738639e-04,5.515252e-05,3.837311e-04,1.654576e-04,4.935983e-04,2.757626e-04,2.379284e-03,2.160572e-03,6.699990e-03,6.481717e-03,1.102070e-02,1.080286e-02,1.089658e-03,8.709465e-04,2.831113e-03,2.612840e-03,4.572568e-03,4.354733e-03
2.637738e+02,2.718283e-04,5.466092e-05,3.807154e-04,1.639827e-04,4.896024e-04,2.733046e-04,2.363043e-03,2.145875e-03,6.654358e-03,6.437626e-03,1.094567e-02,1.072938e-02,1.082049e-03,8.648815e-04,2.811377e-03,2.594644e-03,4.540705e-03,4.324407e-03
2.675379e+02,2.698036e-04,5.416931e-05,3.777105e-04,1.625079e-04,4.856174e-04,2.708465e-04,2.347043e-03,2.131408e-03,6.609428e-03,6.394225e-03,1.087181e-02,1.065704e-02,1.074504e-03,8.588700e-04,2.791812e-03,2.576610e-03,4.509121e-03,4.294350e-03
2.713557e+02,2.677931e-04,5.368111e-05,3.747267e-04,1.610433e-04,4.816602e-04,2.684056e-04,2.330314e-03,2.116202e-03,6.562289e-03,6.348606e-03,1.079426e-02,1.058101e-02,1.066970e-03,8.528584e-04,2.772259e-03,2.558575e-03,4.477547e-03,4.264292e-03
2.752279e+02,2.658092e-04,5.320869e-05,3.718009e-04,1.596261e-04,4.777927e-04,2.660434e-04,2.313595e-03,2.100995e-03,6.515160e-03,6.302985e-03,1.071672e-02,1.050497e-02,1.059447e-03,8.468468e-04,2.752715e-03,2.540540e-03,4.445983e-03,4.234234e-03
2.791554e+02,2.638359e-04,5.273626e-05,3.688858e-04,1.582088e-04,4.739357e-04,2.636813e-04,2.296888e-03,2.085788e-03,6.468041e-03,6.257364e-03,1.063919e-02,1.042894e-02,1.051935e-03,8.408353e-04,2.733183e-03,2.522506e-03,4.414431e-03,4.204176e-03
2.831390e+02,2.618732e-04,5.226384e-05,3.659812e-04,1.567915e-04,4.700892e-04,2.613192e-04,2.280190e-03,2.070581e-03,6.420932e-03,6.211743e-03,1.056167e-02,1.035290e-02,1.044433e-03,8.348237e-04,2.713661e-03,2.504471e-03,4.382889e-03,4.174119e-03
2.871794e+02,2.599247e-04,5.179515e-05,3.630984e-04,1.553855e-04,4.662720e-04,2.589758e-04,2.263503e-03,2.055374e-03,6.373834e-03,6.166122e-03,1.048417e-02,1.027687e-02,1.036942e-03,8.288122e-04,2.694150e-03,2.486437e-03,4.351357e-03,4.144061e-03
2.912774e+02,2.579917e-04,5.133135e-05,3.602406e-04,1.539941e-04,4.624896e-04,2.566568e-04,2.247240e-03,2.040580e-03,6.327986e-03,6.121739e-03,1.040873e-02,1.020290e-02,1.029577e-03,8.229168e-04,2.674997e-03,2.468750e-03,4.320417e-03,4.114584e-03
2.954340e+02,2.560779e-04,5.087655e-05,3.574202e-04,1.526297e-04,4.587625e-04,2.543828e-04,2.231491e-03,2.026290e-03,6.283661e-03,6.078870e-03,1.033583e-02,1.013145e-02,1.022400e-03,8.171986e-04,2.656386e-03,2.451596e-03,4.290373e-03,4.085993e-03
2.996498e+02,2.541745e-04,5.042175e-05,3.546101e-04,1.512653e-04,4.550457e-04,2.521088e-04,2.215752e-03,2.012000e-03,6.239344e-03,6.035999e-03,1.026294e-02,1.006000e-02,1.015233e-03,8.114805e-04,2.637786e-03,2.434442e-03,4.260340e-03,4.057403e-03
3.039258e+02,2.522900e-04,4.997563e-05,3.518362e-04,1.499269e-04,4.513824e-04,2.498782e-04,2.200024e-03,1.997710e-03,6.195039e-03,5.993130e-03,1.019005e-02,9.988550e-03,1.008077e-03,8.057624e-04,2.619196e-03,2.417287e-03,4.230316e-03,4.028812e-03
3.082629e+02,2.504164e-04,4.953030e-05,3.490748e-04,1.485909e-04,4.477332e-04,2.476515e-04,2.184306e-03,1.983420e-03,6.150744e-03,5.950260e-03,1.011718e-02,9.917101e-03,1.000930e-03,8.000442e-04,2.600617e-03,2.400133e-03,4.200303e-03,4.000221e-03
3.126618e+02,2.485529e-04,4.908496e-05,3.463235e-04,1.472549e-04,4.440940e-04,2.454248e-04,2.168598e-03,1.969130e-03,6.106458e-03,5.907389e-03,1.004432e-02,9.845649e-03,9.937940e-04,7.943261e-04,2.582047e-03,2.382978e-03,4.170300e-03,3.971631e-03
3.171235e+02,2.467041e-04,4.864434e-05,3.435963e-04,1.459330e-04,4.404884e-04,2.432217e-04,2.152900e-03,1.954840e-03,6.062183e-03,5.864520e-03,9.971467e-03,9.774200e-03,9.866677e-04,7.886080e-04,2.563487e-03,2.365824e-03,4.140306e-03,3.943040e-03
3.216488e+02,2.448706e-04,4.820904e-05,3.408950e-04,1.446271e-04,4.369194e-04,2.410452e-04,2.138099e-03,1.941438e-03,6.020581e-03,5.824313e-03,9.903063e-03,9.707188e-03,9.797411e-04,7.830796e-04,2.545507e-03,2.349239e-03,4.111272e-03,3.915398e-03
3.262388e+02,2.430499e-04,4.777664e-05,3.382122e-04,1.433299e-04,4.333746e-04,2.388832e-04,2.123217e-03,1.927944e-03,5.978714e-03,5.783832e-03,9.834211e-03,9.639719e-03,9.728993e-04,7.776261e-04,2.527761e-03,2.332878e-03,4.082622e-03,3.888130e-03
3.308942e+02,2.412468e-04,4.735214e-05,3.355629e-04,1.420564e-04,4.298790e-04,2.367607e-04,2.108329e-03,1.914434e-03,5.936808e-03,5.743302e-03,9.765288e-03,9.572170e-03,9.660673e-04,7.721726e-04,2.510024e-03,2.316518e-03,4.053981e-03,3.860863e-03
3.356161e+02,2.394535e-04,4.692764e-05,3.329233e-04,1.407829e-04,4.263932e-04,2.346382e-04,2.093449e-03,1.900923e-03,5.894911e-03,5.702770e-03,9.696372e-03,9.504617e-03,9.592450e-04,7.667191e-04,2.492298e-03,2.300157e-03,4.025351e-03,3.833596e-03
3.404053e+02,2.376699e-04,4.650314e-05,3.302934e-04,1.395094e-04,4.229170e-04,2.325157e-04,2.078580e-03,1.887413e-03,5.853024e-03,5.662240e-03,9.627469e-03,9.437067e-03,9.524323e-04,7.612656e-04,2.474581e-03,2.283797e-03,3.996729e-03,3.806328e-03
3.452629e+02,2.359026e-04,4.608547e-05,3.276936e-04,1.382564e-04,4.194845e-04,2.304273e-04,2.063219e-03,1.873402e-03,5.809643e-03,5.620206e-03,9.556067e-03,9.367010e-03,9.456293e-04,7.558121e-04,2.456874e-03,2.267436e-03,3.968118e-03,3.779061e-03
3.501898e+02,2.341486e-04,4.567145e-05,3.251142e-04,1.370143e-04,4.160797e-04,2.283572e-04,2.047829e-03,1.859352e-03,5.766156e-03,5.578056e-03,9.484483e-03,9.296760e-03,9.388434e-04,7.503663e-04,2.439199e-03,2.251099e-03,3.939554e-03,3.751831e-03
3.551871e+02,2.324133e-04,4.526669e-05,3.225720e-04,1.358001e-04,4.127307e-04,2.263334e-04,2.033401e-03,1.846254e-03,5.725535e-03,5.538763e-03,9.417670e-03,9.231272e-03,9.322607e-04,7.451141e-04,2.422114e-03,2.235342e-03,3.911968e-03,3.725570e-03
3.602556e+02,2.306873e-04,4.486194e-05,3.200392e-04,1.345858e-04,4.093910e-04,2.243097e-04,2.018982e-03,1.833157e-03,5.684924e-03,5.499471e-03,9.350866e-03,9.165784e-03,9.256872e-04,7.398618e-04,2.405039e-03,2.219585e-03,3.884390e-03,3.699309e-03
3.653964e+02,2.289708e-04,4.445719e-05,3.175158e-04,1.333716e-04,4.060607e-04,2.222860e-04,2.004573e-03,1.820059e-03,5.644322e-03,5.460178e-03,9.284071e-03,9.100296e-03,9.191231e-04,7.346095e-04,2.387973e-03,2.203829e-03,3.856822e-03,3.673048e-03
3.706107e+02,2.272634e-04,4.405244e-05,3.150015e-04,1.321573e-04,4.027396e-04,2.202622e-04,1.990173e-03,1.806962e-03,5.603731e-03,5.420887e-03,9.217289e-03,9.034811e-03,9.125682e-04,7.293572e-04,2.370916e-03,2.188072e-03,3.829264e-03,3.646786e-03
3.758993e+02,2.255697e-04,4.365211e-05,3.125097e-04,1.309563e-04,3.994497e-04,2.182605e-04,1.976395e-03,1.794478e-03,5.564987e-03,5.383433e-03,9.153578e-03,8.972389e-03,9.061450e-04,7.242274e-04,2.354236e-03,2.172682e-03,3.802326e-03,3.621137e-03
3.812634e+02,2.238977e-04,4.326438e-05,3.100649e-04,1.297931e-04,3.962320e-04,2.163219e-04,1.962619e-03,1.781986e-03,5.526229e-03,5.345957e-03,9.089838e-03,8.909928e-03,8.998111e-04,7.191777e-04,2.337805e-03,2.157533e-03,3.775799e-03,3.595889e-03
3.867040e+02,2.222348e-04,4.287664e-05,3.076290e-04,1.286299e-04,3.930232e-04,2.143832e-04,1.948675e-03,1.769317e-03,5.486949e-03,5.307950e-03,9.025223e-03,8.846583e-03,8.934863e-04,7.141281e-04,2.321384e-03,2.142384e-03,3.749281e-03,3.570641e-03
3.922223e+02,2.205809e-04,4.248892e-05,3.052022e-04,1.274667e-04,3.898235e-04,2.124446e-04,1.934740e-03,1.756648e-03,5.447679e-03,5.269944e-03,8.960619e-03,8.783240e-03,8.871704e-04,7.090785e-04,2.304971e-03,2.127235e-03,3.722771e-03,3.545392e-03
3.978193e+02,2.189359e-04,4.210118e-05,3.027842e-04,1.263036e-04,3.866326e-04,2.105059e-04,1.920813e-03,1.743979e-03,5.408417e-03,5.231936e-03,8.896020e-03,8.719894e-03,8.808636e-04,7.040289e-04,2.288567e-03,2.112087e-03,3.696271e-03,3.520145e-03
4.034962e+02,2.173046e-04,4.171828e-05,3.003897e-04,1.251548e-04,3.834747e-04,2.085914e-04,1.906897e-03,1.731310e-03,5.369165e-03,5.193931e-03,8.831434e-03,8.656551e-03,8.745657e-04,6.989793e-04,2.272173e-03,2.096938e-03,3.669780e-03,3.494897e-03
4.092541e+02,2.156855e-04,4.133870e-05,2.980138e-04,1.240161e-04,3.803422e-04,2.066935e-04,1.892988e-03,1.718641e-03,5.329921e-03,5.155923e-03,8.766854e-03,8.593205e-03,8.682765e-04,6.939297e-04,2.255787e-03,2.081789e-03,3.643297e-03,3.469648e-03
4.150942e+02,2.140782e-04,4.096222e-05,2.956560e-04,1.228867e-04,3.772339e-04,2.048111e-04,1.880124e-03,1.707008e-03,5.293794e-03,5.121024e-03,8.707464e-03,8.535041e-03,8.622182e-04,6.891022e-04,2.240076e-03,2.067307e-03,3.617934e-03,3.445511e-03
4.210176e+02,2.124796e-04,4.058575e-05,2.933070e-04,1.217572e-04,3.741343e-04,2.029287e-04,1.867148e-03,1.695255e-03,5.257313e-03,5.085764e-03,8.647478e-03,8.476273e-03,8.561797e-04,6.842858e-04,2.224407e-03,2.052858e-03,3.592635e-03,3.421429e-03
4.270255e+02,2.108920e-04,4.021167e-05,2.909737e-04,1.206350e-04,3.710553e-04,2.010584e-04,1.853792e-03,1.683112e-03,5.219673e-03,5.049335e-03,8.585555e-03,8.415558e-03,8.501497e-04,6.794694e-04,2.208747e-03,2.038408e-03,3.567344e-03,3.397347e-03
4.331192e+02,2.093178e-04,3.984236e-05,2.886632e-04,1.195271e-04,3.680087e-04,1.992118e-04,1.840444e-03,1.670969e-03,5.182042e-03,5.012906e-03,8.523640e-03,8.354843e-03,8.441284e-04,6.746530e-04,2.193095e-03,2.023959e-03,3.542062e-03,3.373265e-03
4.392998e+02,2.077573e-04,3.947826e-05,2.863769e-04,1.184348e-04,3.649965e-04,1.973913e-04,1.827105e-03,1.658826e-03,5.144419e-03,4.976477e-03,8.461734e-03,8.294128e-03,8.381156e-04,6.698366e-04,2.177452e-03,2.009510e-03,3.516788e-03,3.349183e-03
4.455686e+02,2.062075e-04,3.911648e-05,2.841060e-04,1.173494e-04,3.620044e-04,1.955824e-04,1.813774e-03,1.646683e-03,5.106806e-03,4.940050e-03,8.399838e-03,8.233416e-03,8.321111e-04,6.650201e-04,2.161817e-03,1.995060e-03,3.491522e-03,3.325100e-03
4.519269e+02,2.046681e-04,3.875669e-05,2.818494e-04,1.162701e-04,3.590306e-04,1.937835e-04,1.800704e-03,1.634793e-03,5.069958e-03,4.904378e-03,8.339211e-03,8.173964e-03,8.261856e-04,6.602741e-04,2.146402e-03,1.980822e-03,3.466618e-03,3.301371e-03
4.583759e+02,2.031417e-04,3.840148e-05,2.796148e-04,1.152044e-04,3.560880e-04,1.920074e-04,1.788170e-03,1.623430e-03,5.034699e-03,4.870289e-03,8.281229e-03,8.117148e-03,8.204317e-04,6.556915e-04,2.131485e-03,1.967074e-03,3.442538e-03,3.278457e-03
4.649169e+02,2.016235e-04,3.804627e-05,2.773885e-04,1.141388e-04,3.531536e-04,1.902314e-04,1.775644e-03,1.612067e-03,4.999449e-03,4.836200e-03,8.223255e-03,8.060333e-03,8.146860e-04,6.511087e-04,2.116576e-03,1.953326e-03,3.418466e-03,3.255544e-03
4.715513e+02,2.001158e-04,3.769341e-05,2.751775e-04,1.130802e-04,3.502391e-04,1.884671e-04,1.763126e-03,1.600703e-03,4.964207e-03,4.802110e-03,8.165289e-03,8.003517e-03,8.089485e-04,6.465261e-04,2.101676e-03,1.939578e-03,3.394403e-03,3.232630e-03
4.782804e+02,1.986244e-04,3.734857e-05,2.729986e-04,1.120457e-04,3.473729e-04,1.867429e-04,1.750616e-03,1.589340e-03,4.928974e-03,4.768021e-03,8.107331e-03,7.946701e-03,8.032191e-04,6.419434e-04,2.086783e-03,1.925830e-03,3.370347e-03,3.209717e-03
4.851054e+02,1.971441e-04,3.700684e-05,2.708372e-04,1.110205e-04,3.445303e-04,1.850342e-04,1.738114e-03,1.577977e-03,4.893748e-03,4.733931e-03,8.049382e-03,7.889885e-03,7.974980e-04,6.373607e-04,2.071899e-03,1.912082e-03,3.346300e-03,3.186804e-03
4.920279e+02,1.956719e-04,3.666510e-05,2.686837e-04,1.099953e-04,3.416956e-04,1.833255e-04,1.725495e-03,1.566489e-03,4.858154e-03,4.699466e-03,7.990813e-03,7.832443e-03,7.917847e-04,6.327780e-04,2.057022e-03,1.898334e-03,3.322260e-03,3.163890e-03
4.990492e+02,1.942076e-04,3.632336e-05,2.665382e-04,1.089701e-04,3.388689e-04,1.816168e-04,1.712703e-03,1.554818e-03,4.822023e-03,4.664455e-03,7.931344e-03,7.774092e-03,7.861291e-04,6.282448e-04,2.042303e-03,1.884735e-03,3.298476e-03,3.141224e-03
5.061706e+02,1.927607e-04,3.599108e-05,2.644291e-04,1.079732e-04,3.360974e-04,1.799554e-04,1.700875e-03,1.544105e-03,4.788771e-03,4.632315e-03,7.876667e-03,7.720525e-03,7.806565e-04,6.238869e-04,2.028116e-03,1.871661e-03,3.275576e-03,3.119434e-03
5.133937e+02,1.913254e-04,3.566247e-05,2.623387e-04,1.069874e-04,3.333520e-04,1.783123e-04,1.689055e-03,1.533392e-03,4.755527e-03,4.600175e-03,7.821999e-03,7.666959e-03,7.751919e-04,6.195290e-04,2.013938e-03,1.858587e-03,3.252685e-03,3.097645e-03
5.207198e+02,1.898979e-04,3.533385e-05,2.602561e-04,1.060015e-04,3.306144e-04,1.766692e-04,1.677243e-03,1.522679e-03,4.722292e-03,4.568037e-03,7.767340e-03,7.613395e-03,7.697351e-04,6.151710e-04,1.999768e-03,1.845513e-03,3.229800e-03,3.075855e-03
5.281505e+02,1.884803e-04,3.500742e-05,2.581879e-04,1.050223e-04,3.278955e-04,1.750371e-04,1.665439e-03,1.511966e-03,4.689063e-03,4.535897e-03,7.712687e-03,7.559829e-03,7.642860e-04,6.108131e-04,1.985605e-03,1.832439e-03,3.206924e-03,3.054065e-03
5.356872e+02,1.870734e-04,3.468399e-05,2.561363e-04,1.040520e-04,3.251992e-04,1.734199e-04,1.653511e-03,1.501121e-03,4.655448e-03,4.503364e-03,7.657386e-03,7.505607e-03,7.588446e-04,6.064551e-04,1.971450e-03,1.819365e-03,3.184055e-03,3.032276e-03
5.433315e+02,1.856742e-04,3.436055e-05,2.540923e-04,1.030817e-04,3.225105e-04,1.718028e-04,1.641172e-03,1.489859e-03,4.620587e-03,4.469577e-03,7.600002e-03,7.449294e-03,7.534109e-04,6.020973e-04,1.957302e-03,1.806292e-03,3.161194e-03,3.010486e-03
5.510849e+02,1.842872e-04,3.404175e-05,2.520699e-04,1.021252e-04,3.198526e-04,1.702087e-04,1.628988e-03,1.478743e-03,4.586174e-03,4.436229e-03,7.543359e-03,7.393715e-03,7.480127e-04,5.977673e-04,1.943247e-03,1.793302e-03,3.138480e-03,2.988837e-03
5.589489e+02,1.829164e-04,3.373164e-05,2.500810e-04,1.011949e-04,3.172456e-04,1.686582e-04,1.617721e-03,1.468536e-03,4.554495e-03,4.405609e-03,7.491269e-03,7.342682e-03,7.427955e-04,5.936108e-04,1.929718e-03,1.780832e-03,3.116641e-03,2.968054e-03
5.669251e+02,1.815531e-04,3.342155e-05,2.480997e-04,1.002646e-04,3.146462e-04,1.671077e-04,1.606461e-03,1.458329e-03,4.522822e-03,4.374987e-03,7.439184e-03,7.291646e-03,7.375857e-04,5.894542e-04,1.916198e-03,1.768363e-03,3.094809e-03,2.947271e-03
5.750151e+02,1.801986e-04,3.311274e-05,2.461296e-04,9.933823e-05,3.120606e-04,1.655637e-04,1.595208e-03,1.448123e-03,4.491159e-03,4.344368e-03,7.387109e-03,7.240613e-03,7.323834e-04,5.852976e-04,1.902684e-03,1.755893e-03,3.072985e-03,2.926488e-03
5.832206e+02,1.788560e-04,3.280855e-05,2.441807e-04,9.842566e-05,3.095055e-04,1.640428e-04,1.583657e-03,1.437610e-03,4.458585e-03,4.312830e-03,7.333512e-03,7.188050e-03,7.271885e-04,5.811410e-04,1.889178e-03,1.743423e-03,3.051168e-03,2.905705e-03
5.915432e+02,1.775208e-04,3.250437e-05,2.422392e-04,9.751311e-05,3.069576e-04,1.625219e-04,1.571985e-03,1.426969e-03,4.425632e-03,4.280906e-03,7.279278e-03,7.134843e-03,7.220010e-04,5.769846e-04,1.875680e-03,1.730954e-03,3.029359e-03,2.884923e-03
5.999845e+02,1.761929e-04,3.220019e-05,2.403050e-04,9.660057e-05,3.044171e-04,1.610009e-04,1.560508e-03,1.416515e-03,4.393250e-03,4.249545e-03,7.225992e-03,7.082576e-03,7.168622e-04,5.728695e-04,1.862313e-03,1.718609e-03,3.007764e-03,2.864348e-03
6.085463e+02,1.748806e-04,3.190446e-05,2.384033e-04,9.571337e-05,3.019260e-04,1.595223e-04,1.549622e-03,1.406646e-03,4.362627e-03,4.219937e-03,7.175631e-03,7.033228e-03,7.118594e-04,5.688832e-04,1.849340e-03,1.706650e-03,2.986820e-03,2.844416e-03
6.172303e+02,1.735756e-04,3.160876e-05,2.365089e-04,9.482627e-05,2.994422e-04,1.580438e-04,1.538742e-03,1.396775e-03,4.332009e-03,4.190326e-03,7.125275e-03,6.983877e-03,7.068636e-04,5.648968e-04,1.836373e-03,1.694690e-03,2.965882e-03,2.824484e-03
6.260382e+02,1.722801e-04,3.131550e-05,2.346289e-04,9.394650e-05,2.969777e-04,1.565775e-04,1.527870e-03,1.386906e-03,4.301399e-03,4.160717e-03,7.074929e-03,6.934528e-03,7.018751e-04,5.609105e-04,1.823414e-03,1.682731e-03,2.944953e-03,2.804552e-03
6.349717e+02,1.709965e-04,3.102707e-05,2.327705e-04,9.308122e-05,2.945444e-04,1.551354e-04,1.517005e-03,1.377036e-03,4.270797e-03,4.131108e-03,7.024589e-03,6.885180e-03,6.968936e-04,5.569242e-04,1.810462e-03,1.670773e-03,2.924030e-03,2.784621e-03
6.440328e+02,1.697200e-04,3.073865e-05,2.309190e-04,9.221594e-05,2.921181e-04,1.536932e-04,1.505898e-03,1.366916e-03,4.239452e-03,4.100749e-03,6.973006e-03,6.834581e-03,6.919191e-04,5.529378e-04,1.797516e-03,1.658813e-03,2.903114e-03,2.764689e-03
6.532232e+02,1.684530e-04,3.045283e-05,2.290824e-04,9.135850e-05,2.897118e-04,1.522642e-04,1.495018e-03,1.357018e-03,4.208777e-03,4.071054e-03,6.922537e-03,6.785089e-03,6.870133e-04,5.490131e-04,1.784763e-03,1.647039e-03,2.882513e-03,2.745065e-03
6.625447e+02,1.671979e-04,3.017190e-05,2.272673e-04,9.051570e-05,2.873368e-04,1.508595e-04,1.484874e-03,1.347848e-03,4.180296e-03,4.043544e-03,6.875718e-03,6.739240e-03,6.822290e-04,5.452031e-04,1.772361e-03,1.635609e-03,2.862493e-03,2.726015e-03
6.719992e+02,1.659496e-04,2.989097e-05,2.254591e-04,8.967290e-05,2.849687e-04,1.494548e-04,1.474737e-03,1.338678e-03,4.151821e-03,4.016035e-03,6.828905e-03,6.693392e-03,6.774517e-04,5.413931e-04,1.759965e-03,1.624179e-03,2.842479e-03,2.706965e-03
6.815887e+02,1.647097e-04,2.961164e-05,2.236626e-04,8.883492e-05,2.826154e-04,1.480582e-04,1.464282e-03,1.329184e-03,4.122379e-03,3.987551e-03,6.780475e-03,6.645918e-03,6.726812e-04,5.375830e-04,1.747577e-03,1.612749e-03,2.822472e-03,2.687915e-03
6.913149e+02,1.634810e-04,2.933662e-05,2.218857e-04,8.800985e-05,2.802904e-04,1.466831e-04,1.453652e-03,1.319507e-03,4.092398e-03,3.958522e-03,6.731143e-03,6.597536e-03,6.679175e-04,5.337731e-04,1.735195e-03,1.601319e-03,2.802473e-03,2.668866e-03
7.011800e+02,1.622598e-04,2.906239e-05,2.201179e-04,8.718718e-05,2.779760e-04,1.453120e-04,1.443028e-03,1.309831e-03,4.062423e-03,3.929492e-03,6.681818e-03,6.549154e-03,6.631605e-04,5.299631e-04,1.722820e-03,1.589889e-03,2.782480e-03,2.649816e-03
7.111859e+02,1.610511e-04,2.879406e-05,2.183745e-04,8.638217e-05,2.756978e-04,1.439703e-04,1.432411e-03,1.300154e-03,4.032454e-03,3.900462e-03,6.632497e-03,6.500769e-03,6.584102e-04,5.261531e-04,1.710452e-03,1.578459e-03,2.762493e-03,2.630766e-03
7.213345e+02,1.598498e-04,2.852642e-05,2.166397e-04,8.557925e-05,2.734297e-04,1.426321e-04,1.421801e-03,1.290477e-03,4.002493e-03,3.871432e-03,6.583185e-03,6.452387e-03,6.536665e-04,5.223431e-04,1.698090e-03,1.567029e-03,2.742513e-03,2.611716e-03
7.316280e+02,1.586594e-04,2.826310e-05,2.149246e-04,8.478931e-05,2.711897e-04,1.413155e-04,1.411950e-03,1.281553e-03,3.974795e-03,3.844660e-03,6.537640e-03,6.407766e-03,6.490802e-04,5.186838e-04,1.686187e-03,1.556052e-03,2.723293e-03,2.593419e-03
7.420683e+02,1.574756e-04,2.799980e-05,2.132160e-04,8.399939e-05,2.689563e-04,1.399990e-04,1.402323e-03,1.272848e-03,3.947759e-03,3.818543e-03,6.493195e-03,6.364238e-03,6.445442e-04,5.150684e-04,1.674422e-03,1.545205e-03,2.704300e-03,2.575342e-03
7.526577e+02,1.562997e-04,2.773799e-05,2.115183e-04,8.321398e-05,2.667369e-04,1.386900e-04,1.392388e-03,1.263827e-03,3.919785e-03,3.791480e-03,6.447181e-03,6.319134e-03,6.400148e-04,5.114530e-04,1.662663e-03,1.534359e-03,2.685312e-03,2.557265e-03
7.633981e+02,1.551348e-04,2.748069e-05,2.098407e-04,8.244208e-05,2.645465e-04,1.374035e-04,1.382336e-03,1.254682e-03,3.891444e-03,3.764045e-03,6.400552e-03,6.273409e-03,6.354918e-04,5.078376e-04,1.650911e-03,1.523513e-03,2.666331e-03,2.539188e-03
7.742918e+02,1.539771e-04,2.722415e-05,2.081717e-04,8.167245e-05,2.623662e-04,1.361207e-04,1.372290e-03,1.245537e-03,3.863109e-03,3.736610e-03,6.353929e-03,6.227683e-03,6.309752e-04,5.042222e-04,1.639166e-03,1.512667e-03,2.647356e-03,2.521111e-03
7.853410e+02,1.528293e-04,2.697117e-05,2.065197e-04,8.091352e-05,2.602101e-04,1.348559e-04,1.362249e-03,1.236391e-03,3.834779e-03,3.709173e-03,6.307310e-03,6.181955e-03,6.264649e-04,5.006068e-04,1.627427e-03,1.501820e-03,2.628388e-03,2.503034e-03
7.965478e+02,1.516878e-04,2.671820e-05,2.048741e-04,8.015460e-05,2.580603e-04,1.335910e-04,1.352216e-03,1.227246e-03,3.806458e-03,3.681738e-03,6.260700e-03,6.136230e-03,6.219610e-04,4.969914e-04,1.615694e-03,1.490974e-03,2.609426e-03,2.484957e-03
8.079146e+02,1.505564e-04,2.646900e-05,2.032460e-04,7.940701e-05,2.559356e-04,1.323450e-04,1.342854e-03,1.218766e-03,3.780138e-03,3.656299e-03,6.217423e-03,6.093832e-03,6.176056e-04,4.935182e-04,1.604394e-03,1.480555e-03,2.591182e-03,2.467591e-03
8.194436e+02,1.494329e-04,2.622147e-05,2.016291e-04,7.866440e-05,2.538254e-04,1.311073e-04,1.333632e-03,1.210420e-03,3.754225e-03,3.631261e-03,6.174819e-03,6.052101e-03,6.132850e-04,4.900736e-04,1.593185e-03,1.470221e-03,2.573086e-03,2.450368e-03
8.311370e+02,1.483155e-04,2.597393e-05,2.000185e-04,7.792179e-05,2.517214e-04,1.298697e-04,1.324192e-03,1.201851e-03,3.727649e-03,3.605552e-03,6.131106e-03,6.009254e-03,6.089705e-04,4.866289e-04,1.581983e-03,1.459887e-03,2.554996e-03,2.433144e-03
8.429974e+02,1.472043e-04,2.572640e-05,1.984139e-04,7.717920e-05,2.496235e-04,1.286320e-04,1.314596e-03,1.193118e-03,3.700589e-03,3.579354e-03,6.086582e-03,5.965591e-03,6.046621e-04,4.831842e-04,1.570787e-03,1.449553e-03,2.536913e-03,2.415921e-03
8.550270e+02,1.461053e-04,2.548497e-05,1.968338e-04,7.645490e-05,2.475622e-04,1.274248e-04,1.305006e-03,1.184385e-03,3.673535e-03,3.553156e-03,6.042064e-03,5.921927e-03,6.003599e-04,4.797395e-04,1.559597e-03,1.439219e-03,2.518835e-03,2.398698e-03
8.672282e+02,1.450165e-04,2.524772e-05,1.952722e-04,7.574317e-05,2.455279e-04,1.262386e-04,1.295422e-03,1.175653e-03,3.646487e-03,3.526958e-03,5.997553e-03,5.878264e-03,5.960638e-04,4.762949e-04,1.548414e-03,1.428885e-03,2.500764e-03,2.381475e-03
8.796036e+02,1.439338e-04,2.501049e-05,1.937167e-04,7.503146e-05,2.434996e-04,1.250524e-04,1.286206e-03,1.167283e-03,3.620534e-03,3.501849e-03,5.954862e-03,5.836415e-03,5.918422e-04,4.729189e-04,1.537442e-03,1.418757e-03,2.483041e-03,2.364594e-03
8.921556e+02,1.428570e-04,2.477325e-05,1.921671e-04,7.431975e-05,2.414772e-04,1.238663e-04,1.277194e-03,1.159110e-03,3.595177e-03,3.477329e-03,5.913160e-03,5.795549e-03,5.877091e-04,4.696254e-04,1.526724e-03,1.408876e-03,2.465738e-03,2.348127e-03
9.048867e+02,1.417879e-04,2.453774e-05,1.906286e-04,7.361323e-05,2.394694e-04,1.226887e-04,1.268088e-03,1.150838e-03,3.569530e-03,3.452515e-03,5.870972e-03,5.754192e-03,5.835821e-04,4.663319e-04,1.516011e-03,1.398996e-03,2.448440e-03,2.331660e-03
9.177994e+02,1.407274e-04,2.430503e-05,1.891044e-04,7.291510e-05,2.374814e-04,1.215252e-04,1.258989e-03,1.142566e-03,3.543888e-03,3.427699e-03,5.828788e-03,5.712831e-03,5.794609e-04,4.630385e-04,1.505305e-03,1.389115e-03,2.431149e-03,2.315192e-03
9.308964e+02,1.396778e-04,2.407731e-05,1.876010e-04,7.223192e-05,2.355242e-04,1.203865e-04,1.249895e-03,1.134295e-03,3.518253e-03,3.402884e-03,5.786612e-03,5.671474e-03,5.753455e-04,4.597450e-04,1.494604e-03,1.379235e-03,2.413863e-03,2.298725e-03
9.441804e+02,1.386349e-04,2.385044e-05,1.861060e-04,7.155133e-05,2.335770e-04,1.192522e-04,1.240807e-03,1.126023e-03,3.492623e-03,3.378068e-03,5.744439e-03,5.630114e-03,5.712359e-04,4.564515e-04,1.483909e-03,1.369355e-03,2.396582e-03,2.282258e-03
9.576538e+02,1.376000e-04,2.362594e-05,1.846238e-04,7.087783e-05,2.316475e-04,1.181297e-04,1.232011e-03,1.118037e-03,3.467855e-03,3.354110e-03,5.703700e-03,5.590183e-03,5.671924e-04,4.532183e-04,1.473401e-03,1.359655e-03,2.379609e-03,2.266092e-03
9.713196e+02,1.365727e-04,2.340325e-05,1.831527e-04,7.020975e-05,2.297326e-04,1.170162e-04,1.223263e-03,1.110093e-03,3.443223e-03,3.330280e-03,5.663183e-03,5.550467e-03,5.632008e-04,4.500313e-04,1.463037e-03,1.350094e-03,2.362873e-03,2.250156e-03
9.851803e+02,1.355511e-04,2.318056e-05,1.816873e-04,6.954167e-05,2.278234e-04,1.159028e-04,1.214494e-03,1.102123e-03,3.418515e-03,3.306370e-03,5.622537e-03,5.510616e-03,5.592149e-04,4.468443e-04,1.452678e-03,1.340533e-03,2.346142e-03,2.234221e-03
9.992389e+02,1.345352e-04,2.295786e-05,1.802275e-04,6.887359e-05,2.259198e-04,1.147893e-04,1.205730e-03,1.094153e-03,3.393813e-03,3.282459e-03,5.581896e-03,5.470766e-03,5.552345e-04,4.436572e-04,1.442326e-03,1.330972e-03,2.329417e-03,2.218286e-03
1.013498e+03,1.335307e-04,2.274112e-05,1.787912e-04,6.822335e-05,2.240516e-04,1.137056e-04,1.197070e-03,1.086281e-03,3.369410e-03,3.258842e-03,5.541750e-03,5.431404e-03,5.513257e-04,4.405361e-04,1.432176e-03,1.321608e-03,2.313027e-03,2.202681e-03
1.027961e+03,1.325322e-04,2.252471e-05,1.773614e-04,6.757413e-05,2.221905e-04,1.126235e-04,1.188644e-03,1.078637e-03,3.345697e-03,3.235910e-03,5.502751e-03,5.393184e-03,5.474794e-04,4.374720e-04,1.422203e-03,1.312416e-03,2.296927e-03,2.187360e-03
1.042630e+03,1.315392e-04,2.230830e-05,1.759371e-04,6.692491e-05,2.203350e-04,1.115415e-04,1.180224e-03,1.070993e-03,3.321990e-03,3.212978e-03,5.463757e-03,5.354963e-03,5.436386e-04,4.344077e-04,1.412235e-03,1.303223e-03,2.280832e-03,2.172039e-03
1.057508e+03,1.305553e-04,2.209558e-05,1.745294e-04,6.628673e-05,2.185034e-04,1.104779e-04,1.171808e-03,1.063349e-03,3.298289e-03,3.190046e-03,5.424769e-03,5.316743e-03,5.398033e-04,4.313436e-04,1.402273e-03,1.294031e-03,2.264743e-03,2.156718e-03
1.072599e+03,1.295803e-04,2.188624e-05,1.731372e-04,6.565872e-05,2.166941e-04,1.094312e-04,1.163399e-03,1.055705e-03,3.274594e-03,3.167115e-03,5.385789e-03,5.278526e-03,5.359735e-04,4.282794e-04,1.392317e-03,1.284838e-03,2.248660e-03,2.141397e-03
1.087905e+03,1.286122e-04,2.167836e-05,1.717548e-04,6.503507e-05,2.148974e-04,1.083918e-04,1.154995e-03,1.048061e-03,3.250903e-03,3.144183e-03,5.346811e-03,5.240306e-03,5.321490e-04,4.252152e-04,1.382365e-03,1.275645e-03,2.232581e-03,2.126076e-03
1.103429e+03,1.276494e-04,2.147047e-05,1.703778e-04,6.441142e-05,2.131061e-04,1.073524e-04,1.146596e-03,1.040417e-03,3.227217e-03,3.121251e-03,5.307839e-03,5.202085e-03,5.283299e-04,4.221510e-04,1.372419e-03,1.266453e-03,2.216509e-03,2.110755e-03
1.119175e+03,1.266919e-04,2.126259e-05,1.690060e-04,6.378777e-05,2.113201e-04,1.063129e-04,1.138451e-03,1.033022e-03,3.204284e-03,3.099066e-03,5.270117e-03,5.165110e-03,5.245899e-04,4.191605e-04,1.362700e-03,1.257482e-03,2.200810e-03,2.095803e-03
1.135146e+03,1.257430e-04,2.105800e-05,1.676495e-04,6.317401e-05,2.095559e-04,1.052900e-04,1.130576e-03,1.025891e-03,3.182148e-03,3.077673e-03,5.233721e-03,5.129455e-03,5.209334e-04,4.162483e-04,1.353220e-03,1.248745e-03,2.185508e-03,2.081242e-03
1.151344e+03,1.248050e-04,2.085898e-05,1.663149e-04,6.257693e-05,2.078247e-04,1.042949e-04,1.122706e-03,1.018760e-03,3.160018e-03,3.056280e-03,5.197329e-03,5.093799e-03,5.172821e-04,4.133361e-04,1.343746e-03,1.240008e-03,2.170210e-03,2.066680e-03
1.167774e+03,1.238721e-04,2.065994e-05,1.649854e-04,6.197983e-05,2.060987e-04,1.032997e-04,1.114841e-03,1.011629e-03,3.137892e-03,3.034886e-03,5.160943e-03,5.058144e-03,5.136361e-04,4.104239e-04,1.334277e-03,1.231272e-03,2.154918e-03,2.052119e-03
1.184438e+03,1.229445e-04,2.046091e-05,1.636611e-04,6.138272e-05,2.043778e-04,1.023045e-04,1.106981e-03,1.004498e-03,3.115772e-03,3.013493e-03,5.124562e-03,5.022489e-03,5.099952e-04,4.075116e-04,1.324813e-03,1.222535e-03,2.139631e-03,2.037558e-03
1.201340e+03,1.220250e-04,2.026489e-05,1.623511e-04,6.079468e-05,2.026771e-04,1.013245e-04,1.098858e-03,9.970975e-04,3.092849e-03,2.991292e-03,5.086840e-03,4.985487e-03,5.063595e-04,4.045994e-04,1.315355e-03,1.213798e-03,2.124350e-03,2.022997e-03
1.218483e+03,1.211118e-04,2.007012e-05,1.610498e-04,6.021036e-05,2.009877e-04,1.003506e-04,1.090632e-03,9.895903e-04,3.069610e-03,2.968771e-03,5.048589e-03,4.947952e-03,5.027289e-04,4.016872e-04,1.305901e-03,1.205062e-03,2.109073e-03,2.008436e-03
1.235871e+03,1.202072e-04,1.987880e-05,1.597639e-04,5.963640e-05,1.993207e-04,9.939401e-05,1.082531e-03,9.822027e-04,3.046736e-03,2.946608e-03,5.010940e-03,4.911014e-03,4.991297e-04,3.988013e-04,1.296532e-03,1.196404e-03,2.093933e-03,1.994007e-03
1.253507e+03,1.193083e-04,1.968816e-05,1.584852e-04,5.906449e-05,1.976621e-04,9.844082e-05,1.074875e-03,9.752551e-04,3.025186e-03,2.925765e-03,4.975497e-03,4.876276e-03,4.956332e-04,3.960131e-04,1.287460e-03,1.188039e-03,2.079287e-03,1.980065e-03
1.271395e+03,1.184171e-04,1.950025e-05,1.572195e-04,5.850075e-05,1.960220e-04,9.750124e-05,1.067224e-03,9.683069e-04,3.003640e-03,2.904921e-03,4.940055e-03,4.841535e-03,4.921417e-04,3.932248e-04,1.278393e-03,1.179675e-03,2.064645e-03,1.966124e-03
1.289538e+03,1.175309e-04,1.931234e-05,1.559589e-04,5.793701e-05,1.943869e-04,9.656169e-05,1.059578e-03,9.613593e-04,2.982100e-03,2.884078e-03,4.904622e-03,4.806797e-03,4.886551e-04,3.904366e-04,1.269332e-03,1.171310e-03,2.050008e-03,1.952183e-03
1.307939e+03,1.166526e-04,1.912747e-05,1.547123e-04,5.738240e-05,1.927720e-04,9.563733e-05,1.051936e-03,9.544111e-04,2.960563e-03,2.863233e-03,4.869190e-03,4.772056e-03,4.851735e-04,3.876484e-04,1.260275e-03,1.162945e-03,2.035376e-03,1.938242e-03
1.326604e+03,1.157826e-04,1.894598e-05,1.534807e-04,5.683793e-05,1.911788e-04,9.472988e-05,1.044378e-03,9.475411e-04,2.939266e-03,2.842623e-03,4.834155e-03,4.737706e-03,4.817238e-04,3.848871e-04,1.251304e-03,1.154661e-03,2.020884e-03,1.924435e-03
1.345534e+03,1.149183e-04,1.876527e-05,1.522564e-04,5.629582e-05,1.895944e-04,9.382637e-05,1.037052e-03,9.408989e-04,2.918657e-03,2.822697e-03,4.800262e-03,4.704494e-03,4.783578e-04,3.822048e-04,1.242575e-03,1.146614e-03,2.006792e-03,1.911024e-03
1.364735e+03,1.140588e-04,1.858456e-05,1.510368e-04,5.575368e-05,1.880148e-04,9.292280e-05,1.029731e-03,9.342566e-04,2.898053e-03,2.802770e-03,4.766375e-03,4.671283e-03,4.749967e-04,3.795225e-04,1.233851e-03,1.138567e-03,1.992704e-03,1.897612e-03
1.384210e+03,1.132055e-04,1.840523e-05,1.498261e-04,5.521569e-05,1.864468e-04,9.202615e-05,1.022414e-03,9.276138e-04,2.877452e-03,2.782841e-03,4.732490e-03,4.638069e-03,4.716405e-04,3.768403e-04,1.225131e-03,1.130521e-03,1.978622e-03,1.884201e-03
1.403963e+03,1.123594e-04,1.822836e-05,1.486276e-04,5.468509e-05,1.848959e-04,9.114181e-05,1.015103e-03,9.209715e-04,2.856857e-03,2.762915e-03,4.698612e-03,4.604858e-03,4.682889e-04,3.741579e-04,1.216416e-03,1.122474e-03,1.964544e-03,1.870790e-03
1.423997e+03,1.115210e-04,1.805453e-05,1.474430e-04,5.416359e-05,1.833649e-04,9.027264e-05,1.007766e-03,9.142994e-04,2.836177e-03,2.742898e-03,4.664589e-03,4.571497e-03,4.649421e-04,3.714756e-04,1.207706e-03,1.114427e-03,1.950470e-03,1.857378e-03
1.444318e+03,1.106882e-04,1.788161e-05,1.462657e-04,5.364482e-05,1.818431e-04,8.940803e-05,1.000376e-03,9.075697e-04,2.815330e-03,2.722709e-03,4.630284e-03,4.537849e-03,4.616326e-04,3.688260e-04,1.199099e-03,1.106478e-03,1.936565e-03,1.844130e-03
1.464928e+03,1.098620e-04,1.771051e-05,1.450985e-04,5.313153e-05,1.803351e-04,8.855255e-05,9.934407e-04,9.012892e-04,2.795835e-03,2.703868e-03,4.598228e-03,4.506446e-03,4.584023e-04,3.662508e-04,1.190719e-03,1.098752e-03,1.923037e-03,1.831254e-03
1.485833e+03,1.090403e-04,1.753942e-05,1.439360e-04,5.261826e-05,1.788316e-04,8.769710e-05,9.865096e-04,8.950087e-04,2.776344e-03,2.685026e-03,4.566178e-03,4.475043e-03,4.551766e-04,3.636756e-04,1.182345e-03,1.091027e-03,1.909513e-03,1.818378e-03
1.507036e+03,1.082267e-04,1.737176e-05,1.427883e-04,5.211528e-05,1.773500e-04,8.685879e-05,9.795831e-04,8.887281e-04,2.756858e-03,2.666184e-03,4.534132e-03,4.443641e-03,4.519555e-04,3.611005e-04,1.173975e-03,1.083301e-03,1.895994e-03,1.805502e-03
1.528541e+03,1.074216e-04,1.720801e-05,1.416570e-04,5.162403e-05,1.758924e-04,8.604006e-05,9.726606e-04,8.824470e-04,2.737374e-03,2.647341e-03,4.502088e-03,4.412235e-03,4.487389e-04,3.585253e-04,1.165609e-03,1.075576e-03,1.882479e-03,1.792627e-03
1.550353e+03,1.066210e-04,1.704428e-05,1.405302e-04,5.113283e-05,1.744394e-04,8.522138e-05,9.657208e-04,8.761441e-04,2.717830e-03,2.628432e-03,4.469939e-03,4.380720e-03,4.455350e-04,3.559583e-04,1.157272e-03,1.067875e-03,1.869010e-03,1.779791e-03
1.572477e+03,1.058249e-04,1.688053e-05,1.394079e-04,5.064160e-05,1.729909e-04,8.440267e-05,9.585163e-04,8.695720e-04,2.697482e-03,2.608716e-03,4.436448e-03,4.347860e-03,4.424331e-04,3.534888e-04,1.149233e-03,1.060466e-03,1.856032e-03,1.767444e-03
1.594916e+03,1.050332e-04,1.671679e-05,1.382900e-04,5.015036e-05,1.715468e-04,8.358393e-05,9.513158e-04,8.629993e-04,2.677138e-03,2.588998e-03,4.402960e-03,4.314997e-03,4.393356e-04,3.510192e-04,1.141197e-03,1.053058e-03,1.843059e-03,1.755096e-03
1.617676e+03,1.042475e-04,1.655452e-05,1.371809e-04,4.966356e-05,1.701144e-04,8.277260e-05,9.445274e-04,8.568344e-04,2.658021e-03,2.570503e-03,4.371514e-03,4.284172e-03,4.362426e-04,3.485497e-04,1.133166e-03,1.045649e-03,1.830090e-03,1.742748e-03
1.640760e+03,1.034709e-04,1.639705e-05,1.360907e-04,4.919115e-05,1.687105e-04,8.198525e-05,9.377641e-04,8.506902e-04,2.638970e-03,2.552071e-03,4.340176e-03,4.253451e-03,4.331541e-04,3.460802e-04,1.125140e-03,1.038241e-03,1.817126e-03,1.730401e-03
1.664174e+03,1.027002e-04,1.624102e-05,1.350092e-04,4.872307e-05,1.673181e-04,8.120512e-05,9.310057e-04,8.445465e-04,2.619926e-03,2.533640e-03,4.308846e-03,4.222733e-03,4.300698e-04,3.436107e-04,1.117118e-03,1.030832e-03,1.804166e-03,1.718053e-03
1.687921e+03,1.019338e-04,1.608499e-05,1.339319e-04,4.825498e-05,1.659301e-04,8.042497e-05,9.242511e-04,8.384023e-04,2.600884e-03,2.515207e-03,4.277517e-03,4.192012e-03,4.269899e-04,3.411411e-04,1.109100e-03,1.023423e-03,1.791210e-03,1.705705e-03
1.712008e+03,1.011737e-04,1.593094e-05,1.328649e-04,4.779281e-05,1.645561e-04,7.965468e-05,9.177355e-04,8.324927e-04,2.582550e-03,2.497478e-03,4.247365e-03,4.162464e-03,4.240129e-04,3.387701e-04,1.101382e-03,1.016310e-03,1.778752e-03,1.693851e-03
1.736439e+03,1.004191e-04,1.577816e-05,1.318060e-04,4.733448e-05,1.631929e-04,7.889080e-05,9.112557e-04,8.266147e-04,2.564316e-03,2.479844e-03,4.217376e-03,4.133074e-03,4.210536e-04,3.364126e-04,1.093709e-03,1.009238e-03,1.766365e-03,1.682063e-03
1.761218e+03,9.967066e-05,1.562720e-05,1.307568e-04,4.688161e-05,1.618430e-04,7.813601e-05,9.047797e-04,8.207362e-04,2.546084e-03,2.462209e-03,4.187388e-03,4.103681e-03,4.180985e-04,3.340550e-04,1.086040e-03,1.002165e-03,1.753982e-03,1.670275e-03
1.786350e+03,9.892862e-05,1.547846e-05,1.297185e-04,4.643537e-05,1.605083e-04,7.739228e-05,8.983084e-04,8.148583e-04,2.527858e-03,2.444575e-03,4.157407e-03,4.074291e-03,4.151476e-04,3.316974e-04,1.078375e-03,9.950922e-04,1.741603e-03,1.658487e-03
1.811841e+03,9.819076e-05,1.532971e-05,1.286843e-04,4.598913e-05,1.591778e-04,7.664855e-05,8.918413e-04,8.089803e-04,2.509636e-03,2.426941e-03,4.127431e-03,4.044901e-03,4.122009e-04,3.293399e-04,1.070715e-03,9.880196e-04,1.729229e-03,1.646699e-03
1.837696e+03,9.745705e-05,1.518096e-05,1.276543e-04,4.554289e-05,1.578515e-04,7.590482e-05,8.853784e-04,8.031023e-04,2.491418e-03,2.409307e-03,4.097458e-03,4.015512e-03,4.092583e-04,3.269822e-04,1.063058e-03,9.809467e-04,1.716858e-03,1.634911e-03
1.863920e+03,9.673050e-05,1.503525e-05,1.266375e-04,4.510575e-05,1.565444e-04,7.517625e-05,8.788650e-04,7.971697e-04,2.473041e-03,2.391509e-03,4.067217e-03,3.985849e-03,4.063199e-04,3.246247e-04,1.055406e-03,9.738741e-04,1.704492e-03,1.623123e-03
1.890519e+03,9.601082e-05,1.489232e-05,1.256331e-04,4.467695e-05,1.552553e-04,7.446158e-05,8.726794e-04,7.915609e-04,2.455639e-03,2.374683e-03,4.038598e-03,3.957805e-03,4.034975e-04,3.223790e-04,1.048093e-03,9.671371e-04,1.692689e-03,1.611895e-03
1.917496e+03,9.529676e-05,1.475090e-05,1.246373e-04,4.425271e-05,1.539779e-04,7.375451e-05,8.665100e-04,7.859642e-04,2.438277e-03,2.357892e-03,4.010044e-03,3.929821e-03,4.006816e-04,3.201357e-04,1.040792e-03,9.604071e-04,1.680902e-03,1.600679e-03
1.944859e+03,9.458672e-05,1.460948e-05,1.236456e-04,4.382845e-05,1.527044e-04,7.304741e-05,8.603447e-04,7.803674e-04,2.420919e-03,2.341102e-03,3.981494e-03,3.901837e-03,3.978696e-04,3.178923e-04,1.033494e-03,9.536769e-04,1.669119e-03,1.589462e-03
1.972612e+03,9.388070e-05,1.446806e-05,1.226578e-04,4.340418e-05,1.514350e-04,7.234031e-05,8.541827e-04,7.747701e-04,2.403564e-03,2.324310e-03,3.952945e-03,3.873851e-03,3.950616e-04,3.156490e-04,1.026201e-03,9.469470e-04,1.657340e-03,1.578245e-03
2.000762e+03,9.317879e-05,1.432679e-05,1.216745e-04,4.298036e-05,1.501702e-04,7.163393e-05,8.480254e-04,7.691734e-04,2.386214e-03,2.307520e-03,3.924403e-03,3.845867e-03,3.922576e-04,3.134056e-04,1.018911e-03,9.402168e-04,1.645564e-03,1.567028e-03
2.029312e+03,9.248587e-05,1.419051e-05,1.207101e-04,4.257152e-05,1.489344e-04,7.095253e-05,8.418714e-04,7.635760e-04,2.368867e-03,2.290728e-03,3.895862e-03,3.817880e-03,3.894577e-04,3.111623e-04,1.011625e-03,9.334869e-04,1.633793e-03,1.555811e-03
2.058271e+03,9.179685e-05,1.405423e-05,1.197497e-04,4.216268e-05,1.477025e-04,7.027113e-05,8.357219e-04,7.579793e-04,2.351525e-03,2.273938e-03,3.867328e-03,3.789896e-03,3.866615e-04,3.089189e-04,1.004344e-03,9.267567e-04,1.622026e-03,1.544594e-03
2.087642e+03,9.111175e-05,1.391795e-05,1.187931e-04,4.175384e-05,1.464745e-04,6.958973e-05,8.298098e-04,7.526160e-04,2.334887e-03,2.257848e-03,3.839965e-03,3.763080e-03,3.839499e-04,3.067561e-04,9.973077e-04,9.202684e-04,1.610665e-03,1.533781e-03
2.117433e+03,9.043051e-05,1.378167e-05,1.178404e-04,4.134500e-05,1.452503e-04,6.890833e-05,8.239390e-04,7.472902e-04,2.318366e-03,2.241870e-03,3.812793e-03,3.736451e-03,3.812550e-04,3.046061e-04,9.903137e-04,9.138183e-04,1.599373e-03,1.523031e-03
2.147649e+03,8.975534e-05,1.364761e-05,1.168982e-04,4.094282e-05,1.440410e-04,6.823804e-05,8.180720e-04,7.419643e-04,2.301848e-03,2.225893e-03,3.785624e-03,3.709821e-03,3.785637e-04,3.024560e-04,9.833234e-04,9.073680e-04,1.588083e-03,1.512280e-03
2.178296e+03,8.908727e-05,1.351682e-05,1.159696e-04,4.055046e-05,1.428520e-04,6.758410e-05,8.122083e-04,7.366378e-04,2.285333e-03,2.209913e-03,3.758457e-03,3.683189e-03,3.758763e-04,3.003059e-04,9.763368e-04,9.009177e-04,1.576797e-03,1.501529e-03
2.209380e+03,8.842333e-05,1.338637e-05,1.150458e-04,4.015911e-05,1.416684e-04,6.693185e-05,8.061856e-04,7.311486e-04,2.268333e-03,2.193446e-03,3.730480e-03,3.655743e-03,3.731938e-04,2.981568e-04,9.693572e-04,8.944704e-04,1.565521e-03,1.490784e-03
2.240908e+03,8.776315e-05,1.325592e-05,1.141258e-04,3.976775e-05,1.404885e-04,6.627959e-05,8.006037e-04,7.260965e-04,2.252648e-03,2.178289e-03,3.704691e-03,3.630482e-03,3.705937e-04,2.960865e-04,9.626176e-04,8.882595e-04,1.554641e-03,1.480432e-03
2.272886e+03,8.710864e-05,1.312740e-05,1.132153e-04,3.938219e-05,1.393220e-04,6.563699e-05,7.950256e-04,7.210443e-04,2.236966e-03,2.163133e-03,3.678907e-03,3.605222e-03,3.679974e-04,2.940162e-04,9.558817e-04,8.820486e-04,1.543766e-03,1.470081e-03
2.305320e+03,8.646015e-05,1.300118e-05,1.123155e-04,3.900354e-05,1.381707e-04,6.500590e-05,7.894299e-04,7.159709e-04,2.221225e-03,2.147913e-03,3.653020e-03,3.579855e-03,3.654048e-04,2.919459e-04,9.491495e-04,8.758376e-04,1.532894e-03,1.459729e-03
2.338217e+03,8.581645e-05,1.287607e-05,1.114226e-04,3.862820e-05,1.370287e-04,6.438033e-05,7.836464e-04,7.107060e-04,2.204912e-03,2.132118e-03,3.626178e-03,3.553530e-03,3.628160e-04,2.898756e-04,9.424211e-04,8.696267e-04,1.522026e-03,1.449378e-03
2.371584e+03,8.517640e-05,1.275095e-05,1.105333e-04,3.825284e-05,1.358902e-04,6.375473e-05,7.778665e-04,7.054411e-04,2.188604e-03,2.116323e-03,3.599341e-03,3.527205e-03,3.602307e-04,2.878053e-04,9.356962e-04,8.634158e-04,1.511162e-03,1.439026e-03
2.405426e+03,8.454223e-05,1.262807e-05,1.096544e-04,3.788420e-05,1.347666e-04,6.314033e-05,7.721703e-04,7.002561e-04,2.172539e-03,2.100768e-03,3.572907e-03,3.501281e-03,3.576651e-04,2.857509e-04,9.290228e-04,8.572526e-04,1.500381e-03,1.428754e-03
2.439752e+03,8.391192e-05,1.250544e-05,1.087798e-04,3.751632e-05,1.336478e-04,6.252720e-05,7.668181e-04,6.954116e-04,2.157498e-03,2.086235e-03,3.548178e-03,3.477058e-03,3.551712e-04,2.837647e-04,9.225577e-04,8.512941e-04,1.489944e-03,1.418824e-03
2.474567e+03,8.328735e-05,1.238496e-05,1.079153e-04,3.715488e-05,1.325433e-04,6.192481e-05,7.614694e-04,6.905671e-04,2.142462e-03,2.071701e-03,3.523454e-03,3.452835e-03,3.526808e-04,2.817784e-04,9.160958e-04,8.453353e-04,1.479511e-03,1.408892e-03
2.509879e+03,8.266756e-05,1.226571e-05,1.070580e-04,3.679712e-05,1.314485e-04,6.132853e-05,7.560858e-04,6.856840e-04,2.127313e-03,2.057052e-03,3.498540e-03,3.428420e-03,3.501941e-04,2.797923e-04,9.096377e-04,8.393768e-04,1.469081e-03,1.398961e-03
2.545695e+03,8.205294e-05,1.214810e-05,1.062092e-04,3.644430e-05,1.303654e-04,6.074049e-05,7.505839e-04,6.806790e-04,2.111802e-03,2.042037e-03,3.473020e-03,3.403395e-03,3.477109e-04,2.778061e-04,9.031832e-04,8.334183e-04,1.458655e-03,1.389031e-03
2.582022e+03,8.144184e-05,1.203049e-05,1.053639e-04,3.609148e-05,1.292859e-04,6.015246e-05,7.450020e-04,6.755906e-04,2.096044e-03,2.026772e-03,3.447087e-03,3.377953e-03,3.452313e-04,2.758199e-04,8.967322e-04,8.274598e-04,1.448233e-03,1.379100e-03
2.618868e+03,8.083422e-05,1.191289e-05,1.045220e-04,3.573867e-05,1.282098e-04,5.956446e-05,7.395260e-04,6.706046e-04,2.080597e-03,2.011814e-03,3.421669e-03,3.353023e-03,3.427834e-04,2.738621e-04,8.903695e-04,8.215862e-04,1.437956e-03,1.369310e-03
2.656239e+03,8.023351e-05,1.179873e-05,1.036940e-04,3.539618e-05,1.271544e-04,5.899364e-05,7.342817e-04,6.658469e-04,2.065839e-03,1.997541e-03,3.397395e-03,3.329235e-03,3.404020e-04,2.719672e-04,8.841994e-04,8.159016e-04,1.427997e-03,1.359836e-03
2.694144e+03,7.963746e-05,1.168580e-05,1.028730e-04,3.505740e-05,1.261086e-04,5.842900e-05,7.290409e-04,6.610893e-04,2.051083e-03,1.983268e-03,3.373126e-03,3.305446e-03,3.380241e-04,2.700724e-04,8.780329e-04,8.102173e-04,1.418042e-03,1.350362e-03
2.732589e+03,7.904483e-05,1.157287e-05,1.020555e-04,3.471862e-05,1.250662e-04,5.786437e-05,7.238029e-04,6.563310e-04,2.036330e-03,1.968993e-03,3.348857e-03,3.281655e-03,3.356495e-04,2.681776e-04,8.718696e-04,8.045327e-04,1.408090e-03,1.340888e-03
2.771583e+03,7.845667e-05,1.146103e-05,1.012446e-04,3.438310e-05,1.240326e-04,5.730517e-05,7.185689e-04,6.515733e-04,2.021581e-03,1.954720e-03,3.324594e-03,3.257866e-03,3.332784e-04,2.662828e-04,8.657099e-04,7.988484e-04,1.398141e-03,1.331414e-03
2.811134e+03,7.787283e-05,1.135015e-05,1.004400e-04,3.405046e-05,1.230071e-04,5.675077e-05,7.133642e-04,6.468415e-04,2.006914e-03,1.940524e-03,3.300464e-03,3.234207e-03,3.309106e-04,2.643879e-04,8.595533e-04,7.931638e-04,1.388196e-03,1.321940e-03
2.851249e+03,7.729456e-05,1.124151e-05,9.964535e-05,3.372453e-05,1.219961e-04,5.620755e-05,7.083571e-04,6.423040e-04,1.992833e-03,1.926912e-03,3.277309e-03,3.211520e-03,3.285462e-04,2.624932e-04,8.534003e-04,7.874795e-04,1.378254e-03,1.312466e-03
2.891936e+03,7.672037e-05,1.113362e-05,9.885631e-05,3.340086e-05,1.209922e-04,5.566811e-05,7.033534e-04,6.377666e-04,1.978755e-03,1.913300e-03,3.254157e-03,3.188833e-03,3.261851e-04,2.605983e-04,8.472504e-04,7.817949e-04,1.368316e-03,1.302992e-03
2.933204e+03,7.615055e-05,1.102681e-05,9.807381e-05,3.308044e-05,1.199971e-04,5.513407e-05,6.983529e-04,6.332292e-04,1.964681e-03,1.899688e-03,3.231009e-03,3.166146e-03,3.239093e-04,2.587856e-04,8.413502e-04,7.763568e-04,1.358791e-03,1.293928e-03
2.975061e+03,7.558400e-05,1.092000e-05,9.729454e-05,3.276001e-05,1.190051e-04,5.460001e-05,6.933557e-04,6.286917e-04,1.950610e-03,1.886075e-03,3.207864e-03,3.143459e-03,3.216472e-04,2.569832e-04,8.354841e-04,7.709496e-04,1.349321e-03,1.284916e-03
3.017515e+03,7.502235e-05,1.081485e-05,9.652350e-05,3.244454e-05,1.180247e-04,5.407424e-05,6.882261e-04,6.240186e-04,1.936135e-03,1.872056e-03,3.184043e-03,3.120093e-03,3.193883e-04,2.551808e-04,8.296213e-04,7.655423e-04,1.339854e-03,1.275904e-03
3.060575e+03,7.446629e-05,1.071207e-05,9.576279e-05,3.213621e-05,1.170593e-04,5.356034e-05,6.832405e-04,6.194863e-04,1.922086e-03,1.858459e-03,3.160931e-03,3.097432e-03,3.171326e-04,2.533783e-04,8.237616e-04,7.601350e-04,1.330391e-03,1.266892e-03
3.104250e+03,7.391344e-05,1.060929e-05,9.500529e-05,3.182788e-05,1.160971e-04,5.304647e-05,6.784118e-04,6.151076e-04,1.908500e-03,1.845323e-03,3.138589e-03,3.075538e-03,3.148801e-04,2.515759e-04,8.179052e-04,7.547278e-04,1.320930e-03,1.257880e-03
3.148548e+03,7.336375e-05,1.050651e-05,9.425094e-05,3.151954e-05,1.151381e-04,5.253257e-05,6.735861e-04,6.107289e-04,1.894918e-03,1.832187e-03,3.116250e-03,3.053645e-03,3.126307e-04,2.497734e-04,8.120516e-04,7.493202e-04,1.311473e-03,1.248867e-03
3.193477e+03,7.281724e-05,1.040374e-05,9.349976e-05,3.121121e-05,1.141823e-04,5.201868e-05,6.687631e-04,6.063496e-04,1.881337e-03,1.819049e-03,3.093912e-03,3.031748e-03,3.104020e-04,2.479885e-04,8.062542e-04,7.439656e-04,1.302106e-03,1.239943e-03
3.239048e+03,7.227600e-05,1.030310e-05,9.275814e-05,3.090931e-05,1.132403e-04,5.151552e-05,6.639438e-04,6.019709e-04,1.867762e-03,1.805913e-03,3.071579e-03,3.009855e-03,3.082423e-04,2.462694e-04,8.006570e-04,7.388082e-04,1.293072e-03,1.231347e-03
3.285270e+03,7.174039e-05,1.020500e-05,9.202720e-05,3.061501e-05,1.123140e-04,5.102501e-05,6.591270e-04,5.975916e-04,1.854187e-03,1.792775e-03,3.049247e-03,2.987958e-03,3.060858e-04,2.445504e-04,7.950633e-04,7.336511e-04,1.284041e-03,1.222752e-03
3.332151e+03,7.120860e-05,1.010763e-05,9.130153e-05,3.032288e-05,1.113945e-04,5.053813e-05,6.543139e-04,5.932129e-04,1.840617e-03,1.779639e-03,3.026921e-03,2.966065e-03,3.039322e-04,2.428312e-04,7.894724e-04,7.284937e-04,1.275013e-03,1.214156e-03
3.379701e+03,7.067987e-05,1.001024e-05,9.057889e-05,3.003073e-05,1.104779e-04,5.005121e-05,6.497482e-04,5.890786e-04,1.827784e-03,1.767236e-03,3.005820e-03,2.945393e-03,3.017817e-04,2.411121e-04,7.838845e-04,7.233363e-04,1.265987e-03,1.205561e-03
3.427929e+03,7.015420e-05,9.912866e-06,8.985932e-05,2.973860e-05,1.095645e-04,4.956433e-05,6.452219e-04,5.849805e-04,1.815062e-03,1.754942e-03,2.984903e-03,2.924903e-03,2.996344e-04,2.393931e-04,7.783000e-04,7.181792e-04,1.256966e-03,1.196965e-03
3.476846e+03,6.963208e-05,9.816032e-06,8.914439e-05,2.944809e-05,1.086567e-04,4.908016e-05,6.406278e-04,5.808117e-04,1.802132e-03,1.742435e-03,2.963635e-03,2.904059e-03,2.974900e-04,2.376740e-04,7.727182e-04,7.130219e-04,1.247946e-03,1.188370e-03
3.526460e+03,6.911617e-05,9.722387e-06,8.844204e-05,2.916716e-05,1.077679e-04,4.861193e-05,6.359430e-04,5.765492e-04,1.788922e-03,1.729648e-03,2.941902e-03,2.882746e-03,2.954286e-04,2.360348e-04,7.673793e-04,7.081044e-04,1.239330e-03,1.180174e-03
3.576783e+03,6.860449e-05,9.630001e-06,8.774642e-05,2.889000e-05,1.068884e-04,4.815000e-05,6.312609e-04,5.722864e-04,1.775716e-03,1.716859e-03,2.920170e-03,2.861432e-03,2.934408e-04,2.344663e-04,7.622554e-04,7.033990e-04,1.231070e-03,1.172332e-03
3.627824e+03,6.809577e-05,9.537615e-06,8.705376e-05,2.861285e-05,1.060118e-04,4.768808e-05,6.266559e-04,5.680978e-04,1.762734e-03,1.704293e-03,2.898813e-03,2.840489e-03,2.914559e-04,2.328977e-04,7.571342e-04,6.986932e-04,1.222812e-03,1.164489e-03
3.679593e+03,6.758999e-05,9.445229e-06,8.636404e-05,2.833569e-05,1.051381e-04,4.722614e-05,6.222158e-04,5.640710e-04,1.750241e-03,1.692213e-03,2.878267e-03,2.820355e-03,2.894739e-04,2.313292e-04,7.520158e-04,6.939875e-04,1.214558e-03,1.156646e-03
3.732101e+03,6.708816e-05,9.353878e-06,8.568033e-05,2.806164e-05,1.042725e-04,4.676939e-05,6.177785e-04,5.600443e-04,1.737752e-03,1.680133e-03,2.857724e-03,2.800221e-03,2.874950e-04,2.297607e-04,7.469007e-04,6.892820e-04,1.206306e-03,1.148803e-03
3.785358e+03,6.659190e-05,9.265189e-06,8.500751e-05,2.779557e-05,1.034231e-04,4.632595e-05,6.133442e-04,5.560175e-04,1.725264e-03,1.668053e-03,2.837185e-03,2.780088e-03,2.855188e-04,2.281921e-04,7.417882e-04,6.845763e-04,1.198058e-03,1.140960e-03
3.839375e+03,6.609932e-05,9.177313e-06,8.433999e-05,2.753194e-05,1.025807e-04,4.588656e-05,6.089128e-04,5.519908e-04,1.712780e-03,1.655972e-03,2.816648e-03,2.759954e-03,2.835455e-04,2.266235e-04,7.366786e-04,6.798705e-04,1.189812e-03,1.133118e-03
3.894163e+03,6.560960e-05,9.089435e-06,8.367531e-05,2.726831e-05,1.017410e-04,4.544718e-05,6.044842e-04,5.479640e-04,1.700299e-03,1.643892e-03,2.796114e-03,2.739820e-03,2.815752e-04,2.250550e-04,7.315721e-04,6.751651e-04,1.181569e-03,1.125275e-03
3.949733e+03,6.512271e-05,9.001558e-06,8.301347e-05,2.700467e-05,1.009042e-04,4.500779e-05,6.002963e-04,5.441752e-04,1.688534e-03,1.632525e-03,2.776772e-03,2.720876e-03,2.796076e-04,2.234864e-04,7.264681e-04,6.704593e-04,1.173329e-03,1.117432e-03
4.006096e+03,6.463932e-05,8.914359e-06,8.235648e-05,2.674308e-05,1.000736e-04,4.457179e-05,5.961622e-04,5.404373e-04,1.676925e-03,1.621312e-03,2.757688e-03,2.702186e-03,2.776428e-04,2.219179e-04,7.213670e-04,6.657536e-04,1.165091e-03,1.109589e-03
4.063263e+03,6.416235e-05,8.830783e-06,8.171315e-05,2.649235e-05,9.926394e-05,4.415392e-05,5.918702e-04,5.365386e-04,1.664837e-03,1.609616e-03,2.737803e-03,2.682693e-03,2.756809e-04,2.203493e-04,7.162686e-04,6.610478e-04,1.156856e-03,1.101746e-03
4.121246e+03,6.368816e-05,8.747208e-06,8.107259e-05,2.624162e-05,9.845701e-05,4.373604e-05,5.875810e-04,5.326400e-04,1.652751e-03,1.597920e-03,2.717921e-03,2.663200e-03,2.737217e-04,2.187808e-04,7.111733e-04,6.563424e-04,1.148625e-03,1.093904e-03
4.180056e+03,6.321673e-05,8.663632e-06,8.043478e-05,2.599090e-05,9.765283e-05,4.331816e-05,5.832945e-04,5.287414e-04,1.640668e-03,1.586224e-03,2.698042e-03,2.643707e-03,2.717653e-04,2.172122e-04,7.060805e-04,6.516366e-04,1.140396e-03,1.086061e-03
4.239706e+03,6.274803e-05,8.580057e-06,7.979970e-05,2.574017e-05,9.685137e-05,4.290028e-05,5.790107e-04,5.248427e-04,1.628588e-03,1.574528e-03,2.678165e-03,2.624214e-03,2.698116e-04,2.156436e-04,7.009904e-04,6.469309e-04,1.132169e-03,1.078218e-03
4.300206e+03,6.228368e-05,8.498107e-06,7.917222e-05,2.549432e-05,9.606076e-05,4.249054e-05,5.747684e-04,5.209828e-04,1.616626e-03,1.562948e-03,2.658484e-03,2.604914e-03,2.678607e-04,2.140751e-04,6.959033e-04,6.422254e-04,1.123946e-03,1.070376e-03
4.361570e+03,6.182369e-05,8.417813e-06,7.855240e-05,2.525344e-05,9.528110e-05,4.208906e-05,5.708117e-04,5.174058e-04,1.605516e-03,1.552218e-03,2.640221e-03,2.587029e-03,2.659124e-04,2.125066e-04,6.908187e-04,6.375197e-04,1.115725e-03,1.062533e-03
4.423810e+03,6.136679e-05,8.337936e-06,7.793650e-05,2.501381e-05,9.450620e-05,4.168968e-05,5.668577e-04,5.138288e-04,1.594409e-03,1.541486e-03,2.621961e-03,2.569144e-03,2.639668e-04,2.109380e-04,6.857366e-04,6.328140e-04,1.107506e-03,1.054690e-03
4.486938e+03,6.091255e-05,8.258059e-06,7.732325e-05,2.477418e-05,9.373396e-05,4.129029e-05,5.629063e-04,5.102518e-04,1.583305e-03,1.530755e-03,2.603703e-03,2.551259e-03,2.620240e-04,2.093695e-04,6.806576e-04,6.281085e-04,1.099291e-03,1.046847e-03
4.550967e+03,6.046244e-05,8.179669e-06,7.671711e-05,2.453901e-05,9.297178e-05,4.089835e-05,5.588158e-04,5.065330e-04,1.571777e-03,1.519599e-03,2.584739e-03,2.532665e-03,2.602178e-04,2.079351e-04,6.759833e-04,6.238052e-04,1.091749e-03,1.039675e-03
4.615909e+03,6.001674e-05,8.103058e-06,7.611893e-05,2.430917e-05,9.222111e-05,4.051529e-05,5.546914e-04,5.027777e-04,1.560143e-03,1.508333e-03,2.565594e-03,2.513889e-03,2.584489e-04,2.065352e-04,6.714154e-04,6.196057e-04,1.084382e-03,1.032676e-03
4.681778e+03,5.957364e-05,8.026445e-06,7.552334e-05,2.407934e-05,9.147303e-05,4.013223e-05,5.505696e-04,4.990224e-04,1.548511e-03,1.497067e-03,2.546453e-03,2.495112e-03,2.566826e-04,2.051354e-04,6.668502e-04,6.154062e-04,1.077018e-03,1.025677e-03
4.748587e+03,5.913313e-05,7.949834e-06,7.493033e-05,2.384950e-05,9.072753e-05,3.974917e-05,5.465599e-04,4.953766e-04,1.537211e-03,1.486130e-03,2.527861e-03,2.476883e-03,2.549190e-04,2.037357e-04,6.622878e-04,6.112070e-04,1.069657e-03,1.018678e-03
4.816350e+03,5.869679e-05,7.874823e-06,7.434469e-05,2.362447e-05,8.999259e-05,3.937411e-05,5.427994e-04,4.919775e-04,1.526653e-03,1.475932e-03,2.510506e-03,2.459887e-03,2.531578e-04,2.023358e-04,6.577277e-04,6.070075e-04,1.062298e-03,1.011679e-03
4.885079e+03,5.826387e-05,7.800687e-06,7.376422e-05,2.340206e-05,8.926457e-05,3.900344e-05,5.390312e-04,4.885680e-04,1.516066e-03,1.465704e-03,2.493101e-03,2.442840e-03,2.513992e-04,2.009360e-04,6.531702e-04,6.028080e-04,1.054941e-03,1.004680e-03
4.954789e+03,5.783408e-05,7.727142e-06,7.318805e-05,2.318143e-05,8.854202e-05,3.863571e-05,5.352655e-04,4.851585e-04,1.505482e-03,1.455476e-03,2.475699e-03,2.425793e-03,2.496431e-04,1.995362e-04,6.486151e-04,5.986085e-04,1.047587e-03,9.976809e-04
5.025494e+03,5.740734e-05,7.654135e-06,7.261601e-05,2.296241e-05,8.782467e-05,3.827068e-05,5.313839e-04,4.816307e-04,1.494546e-03,1.444892e-03,2.457707e-03,2.408153e-03,2.478896e-04,1.981364e-04,6.440629e-04,5.944093e-04,1.040236e-03,9.906822e-04
5.097208e+03,5.698406e-05,7.582092e-06,7.204935e-05,2.274628e-05,8.711463e-05,3.791046e-05,5.274573e-04,4.780554e-04,1.483469e-03,1.434166e-03,2.439481e-03,2.390277e-03,2.461386e-04,1.967366e-04,6.395129e-04,5.902098e-04,1.032887e-03,9.836831e-04
5.169946e+03,5.656371e-05,7.510498e-06,7.148650e-05,2.253150e-05,8.640930e-05,3.755249e-05,5.235332e-04,4.744800e-04,1.472395e-03,1.423440e-03,2.421257e-03,2.372400e-03,2.443900e-04,1.953368e-04,6.349654e-04,5.860103e-04,1.025541e-03,9.766839e-04
5.243721e+03,5.614695e-05,7.440026e-06,7.092949e-05,2.232008e-05,8.571203e-05,3.720013e-05,5.196675e-04,4.709606e-04,1.461491e-03,1.412882e-03,2.403315e-03,2.354803e-03,2.426440e-04,1.939370e-04,6.304206e-04,5.818111e-04,1.018197e-03,9.696852e-04
5.318549e+03,5.573389e-05,7.370823e-06,7.037872e-05,2.211247e-05,8.502354e-05,3.685411e-05,5.160722e-04,4.677091e-04,1.451394e-03,1.403127e-03,2.386715e-03,2.338546e-03,2.409003e-04,1.925372e-04,6.258779e-04,5.776117e-04,1.010856e-03,9.626861e-04
5.394445e+03,5.532339e-05,7.301737e-06,6.983072e-05,2.190521e-05,8.433806e-05,3.650868e-05,5.124793e-04,4.644576e-04,1.441298e-03,1.393373e-03,2.370117e-03,2.322288e-03,2.391590e-04,1.911374e-04,6.213377e-04,5.734122e-04,1.003516e-03,9.556870e-04
5.471424e+03,5.491529e-05,7.232650e-06,6.928513e-05,2.169795e-05,8.365497e-05,3.616325e-05,5.088887e-04,4.612061e-04,1.431205e-03,1.383618e-03,2.353522e-03,2.306030e-03,2.374202e-04,1.897376e-04,6.167999e-04,5.692127e-04,9.961795e-04,9.486878e-04
5.549501e+03,5.451040e-05,7.164375e-06,6.874436e-05,2.149313e-05,8.297832e-05,3.582188e-05,5.052128e-04,4.578668e-04,1.420852e-03,1.373600e-03,2.336490e-03,2.289334e-03,2.357593e-04,1.884133e-04,6.124911e-04,5.652399e-04,9.892229e-04,9.420665e-04
5.628693e+03,5.410918e-05,7.097400e-06,6.820986e-05,2.129220e-05,8.231054e-05,3.548700e-05,5.014883e-04,4.544765e-04,1.410347e-03,1.363430e-03,2.319206e-03,2.272383e-03,2.341447e-04,1.871329e-04,6.083163e-04,5.613986e-04,9.824880e-04,9.356644e-04
5.709014e+03,5.371091e-05,7.031012e-06,6.767948e-05,2.109304e-05,8.164805e-05,3.515506e-05,4.977472e-04,4.510673e-04,1.399788e-03,1.353202e-03,2.301829e-03,2.255336e-03,2.325324e-04,1.858525e-04,6.041439e-04,5.575574e-04,9.757554e-04,9.292624e-04
5.790482e+03,5.331557e-05,6.965215e-06,6.715321e-05,2.089564e-05,8.099085e-05,3.482607e-05,4.941520e-04,4.478017e-04,1.389663e-03,1.343405e-03,2.285173e-03,2.239008e-03,2.309224e-04,1.845721e-04,5.999738e-04,5.537162e-04,9.690251e-04,9.228603e-04
5.873112e+03,5.292371e-05,6.900562e-06,6.663270e-05,2.070169e-05,8.034168e-05,3.450281e-05,4.906493e-04,4.446262e-04,1.379810e-03,1.333879e-03,2.268970e-03,2.223131e-03,2.293148e-04,1.832917e-04,5.958060e-04,5.498750e-04,9.622971e-04,9.164583e-04
5.956922e+03,5.253493e-05,6.836691e-06,6.611683e-05,2.051007e-05,7.969872e-05,3.418345e-05,4.871490e-04,4.414508e-04,1.369959e-03,1.324352e-03,2.252769e-03,2.207254e-03,2.277095e-04,1.820112e-04,5.916405e-04,5.460337e-04,9.555715e-04,9.100562e-04
6.041927e+03,5.214925e-05,6.773615e-06,6.560564e-05,2.032084e-05,7.906203e-05,3.386807e-05,4.836510e-04,4.382753e-04,1.360111e-03,1.314826e-03,2.236571e-03,2.191377e-03,2.261065e-04,1.807308e-04,5.874773e-04,5.421925e-04,9.488481e-04,9.036542e-04
6.128146e+03,5.176666e-05,6.711361e-06,6.509918e-05,2.013408e-05,7.843171e-05,3.355680e-05,4.801552e-04,4.350999e-04,1.350265e-03,1.305300e-03,2.220374e-03,2.175499e-03,2.245057e-04,1.794504e-04,5.833164e-04,5.383513e-04,9.421270e-04,8.972521e-04
6.215594e+03,5.138634e-05,6.649106e-06,6.459499e-05,1.994732e-05,7.780364e-05,3.324553e-05,4.766617e-04,4.319245e-04,1.340421e-03,1.295773e-03,2.204181e-03,2.159622e-03,2.229073e-04,1.781700e-04,5.791577e-04,5.345100e-04,9.354082e-04,8.908501e-04
6.304291e+03,5.100826e-05,6.586853e-06,6.409304e-05,1.976056e-05,7.717781e-05,3.293426e-05,4.733297e-04,4.289083e-04,1.331057e-03,1.286725e-03,2.188785e-03,2.144541e-03,2.213110e-04,1.768896e-04,5.750013e-04,5.306688e-04,9.286916e-04,8.844480e-04
6.394254e+03,5.063380e-05,6.525992e-06,6.359748e-05,1.957797e-05,7.656116e-05,3.262996e-05,4.700422e-04,4.259344e-04,1.321823e-03,1.277803e-03,2.173603e-03,2.129672e-03,2.197169e-04,1.756091e-04,5.708468e-04,5.268273e-04,9.219767e-04,8.780455e-04
6.485500e+03,5.026180e-05,6.465367e-06,6.310485e-05,1.939610e-05,7.594791e-05,3.232684e-05,4.666785e-04,4.228821e-04,1.312355e-03,1.268646e-03,2.158032e-03,2.114411e-03,2.181251e-04,1.743287e-04,5.666948e-04,5.229861e-04,9.152645e-04,8.716435e-04
6.578048e+03,4.989363e-05,6.406380e-06,6.261933e-05,1.921914e-05,7.534503e-05,3.203190e-05,4.632777e-04,4.197905e-04,1.302772e-03,1.259371e-03,2.142266e-03,2.098952e-03,2.166230e-04,1.731357e-04,5.628074e-04,5.194072e-04,9.089918e-04,8.656786e-04
6.671917e+03,4.952795e-05,6.347700e-06,6.213690e-05,1.904310e-05,7.474585e-05,3.173850e-05,4.598792e-04,4.166989e-04,1.293191e-03,1.250097e-03,2.126502e-03,2.083495e-03,2.151392e-04,1.719590e-04,5.589708e-04,5.158770e-04,9.028023e-04,8.597949e-04
6.767125e+03,4.916444e-05,6.289019e-06,6.165664e-05,1.886706e-05,7.414884e-05,3.144510e-05,4.565464e-04,4.136709e-04,1.283802e-03,1.241013e-03,2.111058e-03,2.068355e-03,2.136578e-04,1.707823e-04,5.551366e-04,5.123470e-04,8.966154e-04,8.539117e-04
6.863692e+03,4.880324e-05,6.230504e-06,6.117902e-05,1.869151e-05,7.355479e-05,3.115252e-05,4.533524e-04,4.107796e-04,1.274826e-03,1.232339e-03,2.096300e-03,2.053898e-03,2.121784e-04,1.696057e-04,5.513046e-04,5.088171e-04,8.904307e-04,8.480284e-04
6.961638e+03,4.844533e-05,6.173144e-06,6.070699e-05,1.851943e-05,7.296865e-05,3.086572e-05,4.501605e-04,4.078883e-04,1.265853e-03,1.223665e-03,2.081545e-03,2.039442e-03,2.107011e-04,1.684289e-04,5.474744e-04,5.052868e-04,8.842477e-04,8.421447e-04
7.060980e+03,4.809060e-05,6.116832e-06,6.024023e-05,1.835050e-05,7.238987e-05,3.058416e-05,4.469707e-04,4.049970e-04,1.256881e-03,1.214991e-03,2.066791e-03,2.024985e-03,2.092261e-04,1.672523e-04,5.436466e-04,5.017569e-04,8.780672e-04,8.362615e-04
7.161741e+03,4.773864e-05,6.061185e-06,5.977757e-05,1.818356e-05,7.181650e-05,3.030593e-05,4.437831e-04,4.021057e-04,1.247911e-03,1.206317e-03,2.052039e-03,2.010528e-03,2.077531e-04,1.660756e-04,5.398210e-04,4.982269e-04,8.718888e-04,8.303782e-04
7.263939e+03,4.738901e-05,6.005783e-06,5.931773e-05,1.801735e-05,7.124645e-05,3.002892e-05,4.405976e-04,3.992144e-04,1.238943e-03,1.197643e-03,2.037289e-03,1.996072e-03,2.062821e-04,1.648989e-04,5.359971e-04,4.946967e-04,8.657121e-04,8.244945e-04
7.367596e+03,4.704234e-05,5.951258e-06,5.886259e-05,1.785377e-05,7.068284e-05,2.975629e-05,4.374141e-04,3.963230e-04,1.229978e-03,1.188969e-03,2.022542e-03,1.981615e-03,2.048133e-04,1.637223e-04,5.321756e-04,4.911668e-04,8.595378e-04,8.186113e-04
7.472731e+03,4.669773e-05,5.896732e-06,5.840951e-05,1.769019e-05,7.012129e-05,2.948366e-05,4.341778e-04,3.933768e-04,1.220850e-03,1.180130e-03,2.007522e-03,1.966884e-03,2.033465e-04,1.625455e-04,5.283559e-04,4.876365e-04,8.533652e-04,8.127276e-04
7.579367e+03,4.635630e-05,5.843335e-06,5.796186e-05,1.753001e-05,6.956742e-05,2.921668e-05,4.310578e-04,3.905449e-04,1.212066e-03,1.171635e-03,1.993075e-03,1.952724e-03,2.019463e-04,1.614334e-04,5.247320e-04,4.843002e-04,8.475177e-04,8.071669e-04
7.687525e+03,4.601729e-05,5.790328e-06,5.751741e-05,1.737098e-05,6.901753e-05,2.895164e-05,4.280151e-04,3.877882e-04,1.203511e-03,1.163365e-03,1.979007e-03,1.938941e-03,2.005705e-04,1.603435e-04,5.211770e-04,4.810306e-04,8.417835e-04,8.017176e-04
7.797226e+03,4.568077e-05,5.737792e-06,5.707638e-05,1.721338e-05,6.847200e-05,2.868896e-05,4.249745e-04,3.850316e-04,1.194958e-03,1.155095e-03,1.964941e-03,1.925158e-03,1.991967e-04,1.592537e-04,5.176242e-04,4.777612e-04,8.360518e-04,7.962687e-04
7.908493e+03,4.534666e-05,5.685669e-06,5.663860e-05,1.705701e-05,6.793054e-05,2.842835e-05,4.219359e-04,3.822749e-04,1.186406e-03,1.146825e-03,1.950877e-03,1.911374e-03,1.978249e-04,1.581639e-04,5.140732e-04,4.744916e-04,8.303216e-04,7.908194e-04
8.021347e+03,4.501565e-05,5.634644e-06,5.620610e-05,1.690393e-05,6.739655e-05,2.817322e-05,4.188993e-04,3.795183e-04,1.177857e-03,1.138555e-03,1.936815e-03,1.897591e-03,1.964550e-04,1.570740e-04,5.105242e-04,4.712220e-04,8.245934e-04,7.853701e-04
8.135812e+03,4.469135e-05,5.588355e-06,5.578977e-05,1.676506e-05,6.688820e-05,2.794177e-05,4.158646e-04,3.767616e-04,1.169310e-03,1.130285e-03,1.922755e-03,1.883808e-03,1.950872e-04,1.559842e-04,5.069774e-04,4.679527e-04,8.188676e-04,7.799212e-04
8.251911e+03,4.436901e-05,5.542066e-06,5.537541e-05,1.662620e-05,6.638181e-05,2.771033e-05,4.128551e-04,3.740282e-04,1.160834e-03,1.122085e-03,1.908812e-03,1.870141e-03,1.937213e-04,1.548944e-04,5.034323e-04,4.646831e-04,8.131434e-04,7.744719e-04
8.369665e+03,4.404862e-05,5.495776e-06,5.496299e-05,1.648733e-05,6.587736e-05,2.747888e-05,4.100214e-04,3.714685e-04,1.152881e-03,1.114406e-03,1.895741e-03,1.857343e-03,1.923574e-04,1.538045e-04,4.998892e-04,4.614135e-04,8.074210e-04,7.690225e-04
8.489101e+03,4.373037e-05,5.449689e-06,5.455311e-05,1.634907e-05,6.537585e-05,2.724844e-05,4.071896e-04,3.689090e-04,1.144931e-03,1.106727e-03,1.882672e-03,1.844545e-03,1.909954e-04,1.527147e-04,4.963482e-04,4.581442e-04,8.017011e-04,7.635737e-04
8.610241e+03,4.341575e-05,5.405317e-06,5.415029e-05,1.621595e-05,6.488482e-05,2.702658e-05,4.042922e-04,3.662817e-04,1.136780e-03,1.098845e-03,1.869267e-03,1.831409e-03,1.896867e-04,1.516763e-04,4.929632e-04,4.550288e-04,7.962396e-04,7.583814e-04
8.733109e+03,4.310315e-05,5.361055e-06,5.374970e-05,1.608316e-05,6.439625e-05,2.680527e-05,4.013845e-04,3.636424e-04,1.128594e-03,1.090927e-03,1.855803e-03,1.818212e-03,1.883851e-04,1.506430e-04,4.895956e-04,4.519290e-04,7.908060e-04,7.532150e-04
8.857731e+03,4.279245e-05,5.316792e-06,5.335100e-05,1.595038e-05,6.390956e-05,2.658396e-05,3.984098e-04,3.609341e-04,1.120203e-03,1.082802e-03,1.841996e-03,1.804671e-03,1.870854e-04,1.496097e-04,4.862298e-04,4.488292e-04,7.853743e-04,7.480487e-04
8.984131e+03,4.248362e-05,5.272531e-06,5.295419e-05,1.581759e-05,6.342475e-05,2.636265e-05,3.954369e-04,3.582259e-04,1.111814e-03,1.074678e-03,1.828191e-03,1.791129e-03,1.857876e-04,1.485765e-04,4.828660e-04,4.457294e-04,7.799444e-04,7.428823e-04
9.112334e+03,4.217763e-05,5.229233e-06,5.256213e-05,1.568770e-05,6.294662e-05,2.614616e-05,3.926913e-04,3.557429e-04,1.104103e-03,1.067229e-03,1.815515e-03,1.778715e-03,1.844916e-04,1.475432e-04,4.795040e-04,4.426296e-04,7.745164e-04,7.377160e-04
9.242368e+03,4.187395e-05,5.186393e-06,5.217329e-05,1.555918e-05,6.247263e-05,2.593196e-05,3.899511e-04,3.532635e-04,1.096405e-03,1.059791e-03,1.802858e-03,1.766318e-03,1.831975e-04,1.465099e-04,4.761439e-04,4.395298e-04,7.690903e-04,7.325496e-04
9.374257e+03,4.157272e-05,5.144158e-06,5.178811e-05,1.543247e-05,6.200349e-05,2.572079e-05,3.872128e-04,3.507842e-04,1.088708e-03,1.052353e-03,1.790204e-03,1.753921e-03,1.819052e-04,1.454767e-04,4.727856e-04,4.364300e-04,7.636660e-04,7.273833e-04
9.508027e+03,4.127338e-05,5.101983e-06,5.140493e-05,1.530595e-05,6.153648e-05,2.550991e-05,3.844699e-04,3.482985e-04,1.080995e-03,1.044896e-03,1.777519e-03,1.741493e-03,1.806234e-04,1.444520e-04,4.694549e-04,4.333559e-04,7.582864e-04,7.222599e-04
9.643707e+03,4.097679e-05,5.060748e-06,5.102638e-05,1.518224e-05,6.107597e-05,2.530374e-05,3.816289e-04,3.457129e-04,1.072983e-03,1.037139e-03,1.764337e-03,1.728564e-03,1.794784e-04,1.435624e-04,4.665312e-04,4.306871e-04,7.535840e-04,7.178118e-04
9.781323e+03,4.068200e-05,5.019513e-06,5.064963e-05,1.505854e-05,6.061726e-05,2.509757e-05,3.788000e-04,3.431375e-04,1.065004e-03,1.029413e-03,1.751207e-03,1.715688e-03,1.783353e-04,1.426728e-04,4.636096e-04,4.280185e-04,7.488839e-04,7.133642e-04
9.920903e+03,4.038901e-05,4.978278e-06,5.027467e-05,1.493483e-05,6.016033e-05,2.489139e-05,3.761926e-04,3.407819e-04,1.057685e-03,1.022346e-03,1.739178e-03,1.703909e-03,1.771941e-04,1.417833e-04,4.606898e-04,4.253500e-04,7.441856e-04,7.089167e-04
1.006247e+04,4.009836e-05,4.937608e-06,4.990318e-05,1.481282e-05,5.970801e-05,2.468804e-05,3.735869e-04,3.384261e-04,1.050369e-03,1.015278e-03,1.727151e-03,1.692131e-03,1.760546e-04,1.408938e-04,4.577718e-04,4.226815e-04,7.394891e-04,7.044691e-04
1.020607e+04,3.981018e-05,4.897657e-06,4.953559e-05,1.469297e-05,5.926101e-05,2.448828e-05,3.709478e-04,3.360353e-04,1.042949e-03,1.008106e-03,1.714949e-03,1.680177e-03,1.749168e-04,1.400043e-04,4.548555e-04,4.200129e-04,7.347942e-04,7.000215e-04
1.035171e+04,3.952376e-05,4.857706e-06,4.916977e-05,1.457312e-05,5.881578e-05,2.428853e-05,3.682514e-04,3.335853e-04,1.035353e-03,1.000756e-03,1.702454e-03,1.667927e-03,1.737807e-04,1.391147e-04,4.519407e-04,4.173441e-04,7.301007e-04,6.955735e-04
1.049943e+04,3.923908e-05,4.817755e-06,4.880568e-05,1.445326e-05,5.837228e-05,2.408877e-05,3.655566e-04,3.311353e-04,1.027758e-03,9.934059e-04,1.689960e-03,1.655676e-03,1.726465e-04,1.382252e-04,4.490279e-04,4.146755e-04,7.254094e-04,6.911259e-04
1.064925e+04,3.895695e-05,4.778610e-06,4.844574e-05,1.433583e-05,5.793454e-05,2.389305e-05,3.629581e-04,3.287797e-04,1.020449e-03,9.863392e-04,1.677940e-03,1.643899e-03,1.715140e-04,1.373357e-04,4.461169e-04,4.120070e-04,7.207198e-04,6.866783e-04
1.080122e+04,3.867747e-05,4.740422e-06,4.809037e-05,1.422126e-05,5.750327e-05,2.370211e-05,3.604541e-04,3.265170e-04,1.013420e-03,9.795510e-04,1.666386e-03,1.632585e-03,1.703832e-04,1.364461e-04,4.432075e-04,4.093384e-04,7.160319e-04,6.822307e-04
1.095535e+04,3.839971e-05,4.702234e-06,4.773671e-05,1.410670e-05,5.707372e-05,2.351117e-05,3.579517e-04,3.242542e-04,1.006393e-03,9.727626e-04,1.654834e-03,1.621271e-03,1.692541e-04,1.355566e-04,4.402999e-04,4.066699e-04,7.113457e-04,6.777831e-04
1.111169e+04,3.812362e-05,4.664045e-06,4.738472e-05,1.399213e-05,5.664583e-05,2.332022e-05,3.554511e-04,3.219915e-04,9.993670e-04,9.659744e-04,1.643283e-03,1.609957e-03,1.681266e-04,1.346670e-04,4.373936e-04,4.040011e-04,7.066607e-04,6.733351e-04
1.127025e+04,3.784934e-05,4.625974e-06,4.703478e-05,1.387792e-05,5.622021e-05,2.312987e-05,3.528533e-04,3.196299e-04,9.920465e-04,9.588896e-04,1.631240e-03,1.598149e-03,1.670009e-04,1.337775e-04,4.344894e-04,4.013325e-04,7.019779e-04,6.688875e-04
1.143108e+04,3.757752e-05,4.588701e-06,4.668888e-05,1.376610e-05,5.580024e-05,2.294351e-05,3.502550e-04,3.172662e-04,9.847213e-04,9.517985e-04,1.619188e-03,1.586331e-03,1.658768e-04,1.328880e-04,4.315867e-04,3.986640e-04,6.972967e-04,6.644399e-04
1.159420e+04,3.730792e-05,4.551982e-06,4.634631e-05,1.365594e-05,5.538469e-05,2.275991e-05,3.477338e-04,3.149778e-04,9.776239e-04,9.449335e-04,1.607514e-03,1.574889e-03,1.647544e-04,1.319985e-04,4.286858e-04,3.959954e-04,6.926171e-04,6.599923e-04
1.175965e+04,3.704032e-05,4.515626e-06,4.600646e-05,1.354688e-05,5.497260e-05,2.257813e-05,3.453644e-04,3.128397e-04,9.709787e-04,9.385192e-04,1.596593e-03,1.564199e-03,1.636337e-04,1.311090e-04,4.257864e-04,3.933269e-04,6.879392e-04,6.555448e-04
1.192746e+04,3.677462e-05,4.479528e-06,4.566902e-05,1.343858e-05,5.456342e-05,2.239764e-05,3.429966e-04,3.107015e-04,9.643351e-04,9.321046e-04,1.585674e-03,1.553508e-03,1.625145e-04,1.302194e-04,4.228887e-04,3.906583e-04,6.832630e-04,6.510972e-04
1.209766e+04,3.651111e-05,4.443999e-06,4.533491e-05,1.333200e-05,5.415870e-05,2.221999e-05,3.405619e-04,3.084948e-04,9.574874e-04,9.254845e-04,1.574413e-03,1.542474e-03,1.613969e-04,1.293298e-04,4.199924e-04,3.879895e-04,6.785878e-04,6.466491e-04
1.227030e+04,3.624919e-05,4.408470e-06,4.500239e-05,1.322541e-05,5.375558e-05,2.204235e-05,3.381217e-04,3.062810e-04,9.506201e-04,9.188431e-04,1.563118e-03,1.531405e-03,1.602810e-04,1.284403e-04,4.170979e-04,3.853209e-04,6.739148e-04,6.422016e-04
1.244539e+04,3.598889e-05,4.372941e-06,4.467148e-05,1.311882e-05,5.335406e-05,2.186470e-05,3.356550e-04,3.040391e-04,9.436698e-04,9.121172e-04,1.551685e-03,1.520195e-03,1.591667e-04,1.275508e-04,4.142050e-04,3.826524e-04,6.692433e-04,6.377540e-04
1.262299e+04,3.573079e-05,4.338039e-06,4.434402e-05,1.301412e-05,5.295725e-05,2.169020e-05,3.331515e-04,3.017587e-04,9.366061e-04,9.052762e-04,1.540061e-03,1.508794e-03,1.580540e-04,1.266613e-04,4.113137e-04,3.799838e-04,6.645734e-04,6.333064e-04
1.280312e+04,3.547513e-05,4.304004e-06,4.402074e-05,1.291201e-05,5.256634e-05,2.152002e-05,3.307753e-04,2.996042e-04,9.299212e-04,8.988125e-04,1.529067e-03,1.498021e-03,1.569429e-04,1.257718e-04,4.084240e-04,3.773153e-04,6.599051e-04,6.288588e-04
1.298582e+04,3.522105e-05,4.269968e-06,4.369902e-05,1.280991e-05,5.217699e-05,2.134984e-05,3.284488e-04,2.974977e-04,9.233823e-04,8.924932e-04,1.518316e-03,1.487489e-03,1.558333e-04,1.248822e-04,4.055359e-04,3.746467e-04,6.552384e-04,6.244112e-04
1.317113e+04,3.496868e-05,4.236102e-06,4.337935e-05,1.270831e-05,5.179003e-05,2.118051e-05,3.261239e-04,2.953914e-04,9.168451e-04,8.861741e-04,1.507566e-03,1.476957e-03,1.547252e-04,1.239926e-04,4.026490e-04,3.719779e-04,6.505727e-04,6.199632e-04
1.335908e+04,3.471837e-05,4.202746e-06,4.306277e-05,1.260824e-05,5.140717e-05,2.101373e-05,3.238005e-04,2.932849e-04,9.103093e-04,8.798548e-04,1.496818e-03,1.466425e-03,1.536187e-04,1.231031e-04,3.997639e-04,3.693094e-04,6.459090e-04,6.155156e-04
1.354972e+04,3.447005e-05,4.169864e-06,4.274912e-05,1.250959e-05,5.102819e-05,2.084932e-05,3.214787e-04,2.911785e-04,9.037750e-04,8.735355e-04,1.486071e-03,1.455893e-03,1.525138e-04,1.222136e-04,3.968803e-04,3.666408e-04,6.412469e-04,6.110680e-04
1.374307e+04,3.422343e-05,4.137143e-06,4.243748e-05,1.241143e-05,5.065154e-05,2.068572e-05,3.191584e-04,2.890721e-04,8.972424e-04,8.672164e-04,1.475326e-03,1.445361e-03,1.514104e-04,1.213241e-04,3.939983e-04,3.639723e-04,6.365863e-04,6.066205e-04
1.393919e+04,3.397917e-05,4.105289e-06,4.212994e-05,1.231587e-05,5.028071e-05,2.052644e-05,3.169588e-04,2.870849e-04,8.910688e-04,8.612548e-04,1.465179e-03,1.435425e-03,1.503085e-04,1.204346e-04,3.911178e-04,3.613037e-04,6.319271e-04,6.021729e-04
1.413810e+04,3.373646e-05,4.073467e-06,4.182401e-05,1.222040e-05,4.991156e-05,2.036734e-05,3.147617e-04,2.850987e-04,8.848998e-04,8.552962e-04,1.455038e-03,1.425494e-03,1.492081e-04,1.195451e-04,3.882388e-04,3.586352e-04,6.272695e-04,5.977253e-04
1.433985e+04,3.349523e-05,4.041645e-06,4.151955e-05,1.212493e-05,4.954388e-05,2.020822e-05,3.125135e-04,2.830599e-04,8.785743e-04,8.491797e-04,1.444635e-03,1.415299e-03,1.481091e-04,1.186555e-04,3.853613e-04,3.559666e-04,6.226134e-04,5.932777e-04
1.454448e+04,3.325569e-05,4.010031e-06,4.121720e-05,1.203009e-05,4.917871e-05,2.005015e-05,3.102667e-04,2.810210e-04,8.722502e-04,8.430631e-04,1.434234e-03,1.405105e-03,1.470116e-04,1.177659e-04,3.824849e-04,3.532978e-04,6.179582e-04,5.888297e-04
1.475203e+04,3.301785e-05,3.978658e-06,4.091703e-05,1.193598e-05,4.881621e-05,1.989329e-05,3.080214e-04,2.789822e-04,8.659276e-04,8.369465e-04,1.423834e-03,1.394911e-03,1.459156e-04,1.168764e-04,3.796103e-04,3.506293e-04,6.133050e-04,5.843821e-04
1.496254e+04,3.278148e-05,3.947286e-06,4.061832e-05,1.184186e-05,4.845517e-05,1.973643e-05,3.057775e-04,2.769433e-04,8.596064e-04,8.308300e-04,1.413435e-03,1.384717e-03,1.448211e-04,1.159869e-04,3.767372e-04,3.479607e-04,6.086533e-04,5.799345e-04
1.517606e+04,3.254726e-05,3.916623e-06,4.032318e-05,1.174987e-05,4.809911e-05,1.958312e-05,3.036693e-04,2.750387e-04,8.536894e-04,8.251161e-04,1.403709e-03,1.375193e-03,1.438640e-04,1.152334e-04,3.742735e-04,3.457002e-04,6.046830e-04,5.761670e-04
1.539262e+04,3.231463e-05,3.886113e-06,4.002994e-05,1.165834e-05,4.774525e-05,1.943057e-05,3.015913e-04,2.731628e-04,8.478599e-04,8.194883e-04,1.394128e-03,1.365814e-03,1.429376e-04,1.145091e-04,3.718988e-04,3.435272e-04,6.008600e-04,5.725453e-04
1.561227e+04,3.208354e-05,3.855715e-06,3.973846e-05,1.156714e-05,4.739338e-05,1.927857e-05,2.995147e-04,2.712868e-04,8.420318e-04,8.138605e-04,1.384549e-03,1.356434e-03,1.420124e-04,1.137846e-04,3.695252e-04,3.413539e-04,5.970379e-04,5.689231e-04
1.583506e+04,3.185414e-05,3.825593e-06,3.944921e-05,1.147678e-05,4.704429e-05,1.912797e-05,2.974394e-04,2.694109e-04,8.362051e-04,8.082327e-04,1.374971e-03,1.347054e-03,1.410888e-04,1.130603e-04,3.671533e-04,3.391808e-04,5.932177e-04,5.653014e-04
1.606103e+04,3.162615e-05,3.795472e-06,3.916137e-05,1.138642e-05,4.669660e-05,1.897736e-05,2.953402e-04,2.675095e-04,8.303036e-04,8.025286e-04,1.365267e-03,1.337548e-03,1.401666e-04,1.123359e-04,3.647827e-04,3.370078e-04,5.893989e-04,5.616796e-04
1.629022e+04,3.139971e-05,3.765505e-06,3.887540e-05,1.129652e-05,4.635108e-05,1.882753e-05,2.931730e-04,2.655388e-04,8.241952e-04,7.966163e-04,1.355217e-03,1.327694e-03,1.392458e-04,1.116116e-04,3.624136e-04,3.348347e-04,5.855815e-04,5.580579e-04
1.652268e+04,3.117539e-05,3.736270e-06,3.859300e-05,1.120881e-05,4.601060e-05,1.868135e-05,2.910072e-04,2.635681e-04,8.180884e-04,7.907042e-04,1.345170e-03,1.317840e-03,1.383263e-04,1.108871e-04,3.600456e-04,3.326614e-04,5.817649e-04,5.544357e-04
1.675846e+04,3.095292e-05,3.707508e-06,3.831339e-05,1.112252e-05,4.567386e-05,1.853754e-05,2.889809e-04,2.617354e-04,8.123972e-04,7.852063e-04,1.335814e-03,1.308677e-03,1.374082e-04,1.101628e-04,3.576792e-04,3.304884e-04,5.779503e-04,5.508139e-04
1.699760e+04,3.073191e-05,3.678833e-06,3.803542e-05,1.103650e-05,4.533892e-05,1.839417e-05,2.869814e-04,2.599283e-04,8.067839e-04,7.797850e-04,1.326586e-03,1.299642e-03,1.364915e-04,1.094384e-04,3.553142e-04,3.283153e-04,5.741370e-04,5.471922e-04
1.724016e+04,3.051225e-05,3.650158e-06,3.775879e-05,1.095048e-05,4.500533e-05,1.825079e-05,2.849833e-04,2.581212e-04,8.011719e-04,7.743636e-04,1.317360e-03,1.290606e-03,1.355762e-04,1.087141e-04,3.529506e-04,3.261423e-04,5.703250e-04,5.435705e-04
1.748618e+04,3.029394e-05,3.621483e-06,3.748351e-05,1.086445e-05,4.467308e-05,1.810742e-05,2.829450e-04,2.562725e-04,7.954366e-04,7.688176e-04,1.307928e-03,1.281363e-03,1.346621e-04,1.079897e-04,3.505880e-04,3.239690e-04,5.665139e-04,5.399483e-04
1.773571e+04,3.007773e-05,3.593575e-06,3.721186e-05,1.078073e-05,4.434599e-05,1.796788e-05,2.808990e-04,2.544148e-04,7.896756e-04,7.632444e-04,1.298452e-03,1.272074e-03,1.337495e-04,1.072653e-04,3.482271e-04,3.217959e-04,5.627047e-04,5.363265e-04
1.798879e+04,2.986347e-05,3.566267e-06,3.694335e-05,1.069880e-05,4.402324e-05,1.783133e-05,2.789742e-04,2.526770e-04,7.842754e-04,7.580309e-04,1.289577e-03,1.263385e-03,1.328382e-04,1.065410e-04,3.458674e-04,3.196229e-04,5.588967e-04,5.327048e-04
1.824549e+04,2.965051e-05,3.538958e-06,3.667615e-05,1.061687e-05,4.370179e-05,1.769479e-05,2.770507e-04,2.509392e-04,7.788768e-04,7.528175e-04,1.280703e-03,1.254696e-03,1.319282e-04,1.058166e-04,3.435091e-04,3.174498e-04,5.550901e-04,5.290831e-04
1.850586e+04,2.943886e-05,3.511649e-06,3.641025e-05,1.053495e-05,4.338165e-05,1.755825e-05,2.751176e-04,2.491904e-04,7.734465e-04,7.475711e-04,1.271775e-03,1.245952e-03,1.310194e-04,1.050922e-04,3.411518e-04,3.152765e-04,5.512843e-04,5.254609e-04
1.876994e+04,2.922857e-05,3.484389e-06,3.614581e-05,1.045317e-05,4.306304e-05,1.742195e-05,2.731493e-04,2.474051e-04,7.679079e-04,7.422152e-04,1.262667e-03,1.237025e-03,1.301120e-04,1.043678e-04,3.387961e-04,3.131035e-04,5.474802e-04,5.218391e-04
1.903779e+04,2.902016e-05,3.457731e-06,3.588445e-05,1.037319e-05,4.274874e-05,1.728866e-05,2.711808e-04,2.456183e-04,7.623663e-04,7.368550e-04,1.253552e-03,1.228092e-03,1.292059e-04,1.036435e-04,3.364417e-04,3.109304e-04,5.436775e-04,5.182174e-04
1.930946e+04,2.881323e-05,3.431253e-06,3.562492e-05,1.029376e-05,4.243661e-05,1.715627e-05,2.692419e-04,2.438600e-04,7.569110e-04,7.315799e-04,1.244580e-03,1.219300e-03,1.283011e-04,1.029191e-04,3.340886e-04,3.087574e-04,5.398760e-04,5.145957e-04
1.958500e+04,2.860787e-05,3.405074e-06,3.536756e-05,1.021522e-05,4.212725e-05,1.702537e-05,2.674098e-04,2.422070e-04,7.517733e-04,7.266210e-04,1.236137e-03,1.211035e-03,1.273975e-04,1.021947e-04,3.317364e-04,3.065841e-04,5.360753e-04,5.109735e-04
1.986448e+04,2.840377e-05,3.378895e-06,3.511146e-05,1.013668e-05,4.181915e-05,1.689447e-05,2.655789e-04,2.405541e-04,7.466370e-04,7.216622e-04,1.227695e-03,1.202770e-03,1.264952e-04,1.014703e-04,3.293858e-04,3.044110e-04,5.322764e-04,5.073517e-04
2.014795e+04,2.820235e-05,3.354145e-06,3.486090e-05,1.006244e-05,4.151944e-05,1.677073e-05,2.637192e-04,2.388710e-04,7.414114e-04,7.166129e-04,1.219104e-03,1.194355e-03,1.256410e-04,1.007928e-04,3.271768e-04,3.023784e-04,5.287126e-04,5.039639e-04
2.043546e+04,2.800350e-05,3.330712e-06,3.461553e-05,9.992137e-06,4.122756e-05,1.665356e-05,2.618328e-04,2.371600e-04,7.361035e-04,7.114801e-04,1.210374e-03,1.185800e-03,1.248311e-04,1.001583e-04,3.250984e-04,3.004750e-04,5.253657e-04,5.007917e-04
2.072707e+04,2.780589e-05,3.307281e-06,3.437141e-05,9.921842e-06,4.093692e-05,1.653640e-05,2.599478e-04,2.354491e-04,7.307970e-04,7.063474e-04,1.201646e-03,1.177246e-03,1.240225e-04,9.952388e-05,3.230212e-04,2.985716e-04,5.220199e-04,4.976194e-04
2.102285e+04,2.760951e-05,3.283849e-06,3.412851e-05,9.851546e-06,4.064751e-05,1.641924e-05,2.581053e-04,2.337797e-04,7.256160e-04,7.013390e-04,1.193127e-03,1.168898e-03,1.232151e-04,9.888943e-05,3.209452e-04,2.966683e-04,5.186754e-04,4.944471e-04
2.132285e+04,2.741475e-05,3.260813e-06,3.388801e-05,9.782439e-06,4.036128e-05,1.630407e-05,2.563592e-04,2.322053e-04,7.207215e-04,6.966159e-04,1.185084e-03,1.161027e-03,1.224089e-04,9.825498e-05,3.188705e-04,2.947649e-04,5.153321e-04,4.912749e-04
2.162712e+04,2.722178e-05,3.238363e-06,3.365050e-05,9.715090e-06,4.007921e-05,1.619182e-05,2.546143e-04,2.306309e-04,7.158281e-04,6.918927e-04,1.177042e-03,1.153154e-03,1.216039e-04,9.762052e-05,3.167970e-04,2.928616e-04,5.119900e-04,4.881026e-04
2.193574e+04,2.703002e-05,3.215914e-06,3.341417e-05,9.647741e-06,3.979832e-05,1.607957e-05,2.528660e-04,2.290519e-04,7.109222e-04,6.871558e-04,1.168978e-03,1.145260e-03,1.208002e-04,9.698607e-05,3.147246e-04,2.909582e-04,5.086491e-04,4.849304e-04
2.224877e+04,2.683945e-05,3.193464e-06,3.317904e-05,9.580392e-06,3.951863e-05,1.596732e-05,2.510704e-04,2.274244e-04,7.058718e-04,6.822731e-04,1.160673e-03,1.137122e-03,1.199976e-04,9.635162e-05,3.126535e-04,2.890549e-04,5.053094e-04,4.817581e-04
2.256626e+04,2.665021e-05,3.171151e-06,3.294551e-05,9.513454e-06,3.924080e-05,1.585576e-05,2.492758e-04,2.257968e-04,7.008224e-04,6.773903e-04,1.152369e-03,1.128984e-03,1.191962e-04,9.571717e-05,3.105836e-04,2.871515e-04,5.019709e-04,4.785858e-04
2.288828e+04,2.646267e-05,3.149359e-06,3.271471e-05,9.448077e-06,3.896676e-05,1.574680e-05,2.474665e-04,2.241532e-04,6.957263e-04,6.724597e-04,1.143986e-03,1.120766e-03,1.183960e-04,9.508271e-05,3.085148e-04,2.852481e-04,4.986335e-04,4.754136e-04
2.321489e+04,2.627648e-05,3.127755e-06,3.248565e-05,9.383265e-06,3.869482e-05,1.563878e-05,2.457647e-04,2.226160e-04,6.909503e-04,6.678479e-04,1.136136e-03,1.113080e-03,1.175971e-04,9.444836e-05,3.064475e-04,2.833451e-04,4.952978e-04,4.722418e-04
2.354617e+04,2.609155e-05,3.106240e-06,3.225801e-05,9.318721e-06,3.842448e-05,1.553120e-05,2.440832e-04,2.210979e-04,6.862329e-04,6.632936e-04,1.128383e-03,1.105489e-03,1.167992e-04,9.381387e-05,3.043809e-04,2.814416e-04,4.919626e-04,4.690693e-04
2.388218e+04,2.590777e-05,3.084727e-06,3.203153e-05,9.254180e-06,3.815529e-05,1.542363e-05,2.424028e-04,2.195797e-04,6.815166e-04,6.587392e-04,1.120630e-03,1.097899e-03,1.160025e-04,9.317943e-05,3.023156e-04,2.795383e-04,4.886288e-04,4.658971e-04
2.422298e+04,2.572513e-05,3.063212e-06,3.180619e-05,9.189637e-06,3.788724e-05,1.531606e-05,2.406970e-04,2.180351e-04,6.767217e-04,6.541052e-04,1.112746e-03,1.090175e-03,1.152568e-04,9.259493e-05,3.004013e-04,2.777848e-04,4.855458e-04,4.629746e-04
2.456864e+04,2.554363e-05,3.041698e-06,3.158198e-05,9.125093e-06,3.762033e-05,1.520849e-05,2.389782e-04,2.164763e-04,6.718857e-04,6.494289e-04,1.104793e-03,1.082381e-03,1.145390e-04,9.203701e-05,2.985679e-04,2.761110e-04,4.825969e-04,4.601851e-04
2.491923e+04,2.536327e-05,3.020184e-06,3.135891e-05,9.060551e-06,3.735454e-05,1.510092e-05,2.373353e-04,2.149922e-04,6.672750e-04,6.449766e-04,1.097215e-03,1.074961e-03,1.138222e-04,9.147910e-05,2.967357e-04,2.744373e-04,4.796491e-04,4.573955e-04
2.527483e+04,2.518460e-05,2.999242e-06,3.113867e-05,8.997727e-06,3.709273e-05,1.499621e-05,2.357280e-04,2.135427e-04,6.627689e-04,6.406280e-04,1.089810e-03,1.067713e-03,1.131065e-04,9.092119e-05,2.949045e-04,2.727636e-04,4.767025e-04,4.546059e-04
2.563550e+04,2.500721e-05,2.978471e-06,3.092005e-05,8.935412e-06,3.683289e-05,1.489235e-05,2.341218e-04,2.120931e-04,6.582639e-04,6.362793e-04,1.082406e-03,1.060465e-03,1.123920e-04,9.036327e-05,2.930745e-04,2.710898e-04,4.737569e-04,4.518164e-04
2.600132e+04,2.483092e-05,2.957700e-06,3.070253e-05,8.873099e-06,3.657414e-05,1.478850e-05,2.324742e-04,2.106010e-04,6.536323e-04,6.318029e-04,1.074790e-03,1.053005e-03,1.116786e-04,8.980536e-05,2.912455e-04,2.694161e-04,4.708124e-04,4.490268e-04
2.637236e+04,2.465570e-05,2.936897e-06,3.048602e-05,8.810690e-06,3.631633e-05,1.468448e-05,2.308189e-04,2.091000e-04,6.489755e-04,6.273001e-04,1.067132e-03,1.045500e-03,1.109663e-04,8.924744e-05,2.894177e-04,2.677423e-04,4.678691e-04,4.462372e-04
2.674870e+04,2.448155e-05,2.916069e-06,3.027051e-05,8.748206e-06,3.605948e-05,1.458034e-05,2.292299e-04,2.076644e-04,6.445155e-04,6.229932e-04,1.059801e-03,1.038322e-03,1.102550e-04,8.868953e-05,2.875909e-04,2.660686e-04,4.649268e-04,4.434476e-04
2.713040e+04,2.430848e-05,2.895241e-06,3.005609e-05,8.685724e-06,3.580371e-05,1.447621e-05,2.276624e-04,2.062491e-04,6.401177e-04,6.187473e-04,1.052573e-03,1.031246e-03,1.095449e-04,8.813163e-05,2.857652e-04,2.643949e-04,4.619856e-04,4.406581e-04
2.751755e+04,2.413651e-05,2.874441e-06,2.984283e-05,8.623323e-06,3.554914e-05,1.437221e-05,2.260959e-04,2.048338e-04,6.357210e-04,6.145015e-04,1.045346e-03,1.024169e-03,1.088358e-04,8.757371e-05,2.839406e-04,2.627211e-04,4.590455e-04,4.378686e-04
2.791023e+04,2.396620e-05,2.854226e-06,2.963238e-05,8.562677e-06,3.529857e-05,1.427113e-05,2.245304e-04,2.034185e-04,6.313251e-04,6.102554e-04,1.038120e-03,1.017092e-03,1.081278e-04,8.701580e-05,2.821171e-04,2.610474e-04,4.561064e-04,4.350790e-04
2.830851e+04,2.379729e-05,2.834360e-06,2.942404e-05,8.503081e-06,3.505080e-05,1.417180e-05,2.229661e-04,2.020032e-04,6.269305e-04,6.060096e-04,1.030895e-03,1.010016e-03,1.074208e-04,8.645788e-05,2.802946e-04,2.593736e-04,4.531684e-04,4.322894e-04
2.871247e+04,2.362957e-05,2.814625e-06,2.921715e-05,8.443876e-06,3.480472e-05,1.407313e-05,2.214028e-04,2.005879e-04,6.225370e-04,6.017637e-04,1.023671e-03,1.002940e-03,1.067149e-04,8.589998e-05,2.784732e-04,2.576999e-04,4.502315e-04,4.294999e-04
2.912220e+04,2.346289e-05,2.794890e-06,2.901129e-05,8.384670e-06,3.455969e-05,1.397445e-05,2.199353e-04,1.992673e-04,6.184284e-04,5.978018e-04,1.016922e-03,9.963364e-04,1.060101e-04,8.534206e-05,2.766528e-04,2.560262e-04,4.472956e-04,4.267103e-04
2.953777e+04,2.329725e-05,2.775154e-06,2.880647e-05,8.325463e-06,3.431569e-05,1.387577e-05,2.184845e-04,1.979625e-04,6.143684e-04,5.938874e-04,1.010252e-03,9.898123e-04,1.053062e-04,8.478415e-05,2.748335e-04,2.543525e-04,4.443607e-04,4.239208e-04
2.995928e+04,2.313263e-05,2.755419e-06,2.860267e-05,8.266257e-06,3.407272e-05,1.377709e-05,2.170209e-04,1.966437e-04,6.102676e-04,5.899312e-04,1.003514e-03,9.832186e-04,1.046034e-04,8.422624e-05,2.730151e-04,2.526787e-04,4.414268e-04,4.211312e-04
3.038680e+04,2.296874e-05,2.735384e-06,2.839900e-05,8.206153e-06,3.382927e-05,1.367692e-05,2.155197e-04,1.952863e-04,6.060519e-04,5.858590e-04,9.965841e-04,9.764317e-04,1.039627e-04,8.372937e-05,2.713810e-04,2.511881e-04,4.387992e-04,4.186469e-04
3.082042e+04,2.280584e-05,2.715318e-06,2.819625e-05,8.145953e-06,3.358667e-05,1.357659e-05,2.140169e-04,1.939264e-04,6.018295e-04,5.817792e-04,9.896420e-04,9.696319e-04,1.033295e-04,8.323897e-05,2.697672e-04,2.497169e-04,4.362049e-04,4.161948e-04
3.126023e+04,2.264394e-05,2.695251e-06,2.799451e-05,8.085753e-06,3.334507e-05,1.347625e-05,2.125151e-04,1.925664e-04,5.976078e-04,5.776991e-04,9.827006e-04,9.628318e-04,1.026973e-04,8.274857e-05,2.681545e-04,2.482457e-04,4.336117e-04,4.137429e-04
3.170631e+04,2.248305e-05,2.675183e-06,2.779376e-05,8.025549e-06,3.310447e-05,1.337592e-05,2.110504e-04,1.912425e-04,5.934957e-04,5.737275e-04,9.759411e-04,9.562126e-04,1.020660e-04,8.225818e-05,2.665427e-04,2.467745e-04,4.310195e-04,4.112909e-04
3.215876e+04,2.232314e-05,2.655116e-06,2.759400e-05,7.965349e-06,3.286486e-05,1.327558e-05,2.096610e-04,1.899930e-04,5.896075e-04,5.699789e-04,9.695541e-04,9.499648e-04,1.014358e-04,8.176778e-05,2.649320e-04,2.453033e-04,4.284282e-04,4.088389e-04
3.261767e+04,2.216432e-05,2.635140e-06,2.739550e-05,7.905419e-06,3.262668e-05,1.317570e-05,2.082727e-04,1.887435e-04,5.857205e-04,5.662304e-04,9.631683e-04,9.437174e-04,1.008066e-04,8.127738e-05,2.633222e-04,2.438321e-04,4.258379e-04,4.063869e-04
3.308312e+04,2.200692e-05,2.615610e-06,2.719932e-05,7.846831e-06,3.239172e-05,1.307805e-05,2.068853e-04,1.874940e-04,5.818344e-04,5.624819e-04,9.567836e-04,9.374699e-04,1.001783e-04,8.078698e-05,2.617134e-04,2.423609e-04,4.232486e-04,4.039349e-04
3.355522e+04,2.185075e-05,2.596328e-06,2.700486e-05,7.788984e-06,3.215896e-05,1.298164e-05,2.054650e-04,1.862106e-04,5.778477e-04,5.586319e-04,9.502304e-04,9.310531e-04,9.955100e-05,8.029659e-05,2.601056e-04,2.408898e-04,4.206603e-04,4.014829e-04
3.403405e+04,2.169554e-05,2.577046e-06,2.681135e-05,7.731137e-06,3.192717e-05,1.288523e-05,2.040344e-04,1.849159e-04,5.738280e-04,5.547478e-04,9.436216e-04,9.245796e-04,9.892468e-05,7.980619e-05,2.584988e-04,2.394186e-04,4.180729e-04,3.990310e-04
3.451972e+04,2.154129e-05,2.557764e-06,2.661881e-05,7.673292e-06,3.169633e-05,1.278882e-05,2.026122e-04,1.836287e-04,5.698315e-04,5.508860e-04,9.370508e-04,9.181433e-04,9.829932e-05,7.931580e-05,2.568929e-04,2.379474e-04,4.154865e-04,3.965790e-04
3.501232e+04,2.138800e-05,2.538489e-06,2.642724e-05,7.615468e-06,3.146648e-05,1.269245e-05,2.012927e-04,1.824432e-04,5.661413e-04,5.473295e-04,9.309899e-04,9.122158e-04,9.767663e-05,7.882712e-05,2.552931e-04,2.364814e-04,4.129096e-04,3.941356e-04
3.551195e+04,2.123594e-05,2.519499e-06,2.623747e-05,7.558498e-06,3.123899e-05,1.259750e-05,1.999741e-04,1.812577e-04,5.624520e-04,5.437731e-04,9.249299e-04,9.062884e-04,9.712256e-05,7.840612e-05,2.538973e-04,2.352184e-04,4.106721e-04,3.920306e-04
3.601870e+04,2.108521e-05,2.500902e-06,2.604981e-05,7.502706e-06,3.101441e-05,1.250451e-05,1.986517e-04,1.800674e-04,5.587494e-04,5.402023e-04,9.188470e-04,9.003371e-04,9.656945e-05,7.798514e-05,2.525025e-04,2.339554e-04,4.084356e-04,3.899257e-04
3.653269e+04,2.093542e-05,2.482305e-06,2.586308e-05,7.446915e-06,3.079075e-05,1.241152e-05,1.972969e-04,1.788438e-04,5.549476e-04,5.365314e-04,9.125983e-04,8.942191e-04,9.601726e-05,7.756415e-05,2.511086e-04,2.326924e-04,4.062000e-04,3.878207e-04
3.705401e+04,2.078655e-05,2.463707e-06,2.567728e-05,7.391122e-06,3.056802e-05,1.231854e-05,1.959309e-04,1.776081e-04,5.511104e-04,5.328242e-04,9.062898e-04,8.880403e-04,9.546600e-05,7.714315e-05,2.497156e-04,2.314295e-04,4.039652e-04,3.857158e-04
3.758277e+04,2.063862e-05,2.445124e-06,2.549244e-05,7.335371e-06,3.034626e-05,1.222562e-05,1.945545e-04,1.763610e-04,5.472400e-04,5.290830e-04,8.999256e-04,8.818050e-04,9.491566e-05,7.672216e-05,2.483236e-04,2.301665e-04,4.017315e-04,3.836108e-04
3.811908e+04,2.049166e-05,2.426611e-06,2.530872e-05,7.279834e-06,3.012578e-05,1.213306e-05,1.932088e-04,1.751437e-04,5.434600e-04,5.254311e-04,8.937113e-04,8.757185e-04,9.436622e-05,7.630117e-05,2.469324e-04,2.289035e-04,3.994986e-04,3.815058e-04
3.866304e+04,2.034562e-05,2.408099e-06,2.512591e-05,7.224298e-06,2.990620e-05,1.204050e-05,1.919167e-04,1.739792e-04,5.398391e-04,5.219375e-04,8.877615e-04,8.698958e-04,9.381770e-05,7.588018e-05,2.455422e-04,2.276405e-04,3.972666e-04,3.794009e-04
3.921476e+04,2.020087e-05,2.389974e-06,2.494516e-05,7.169922e-06,2.968945e-05,1.194987e-05,1.906255e-04,1.728146e-04,5.362190e-04,5.184438e-04,8.818126e-04,8.640730e-04,9.327009e-05,7.545919e-05,2.441528e-04,2.263776e-04,3.950355e-04,3.772960e-04
3.977436e+04,2.005702e-05,2.371863e-06,2.476534e-05,7.115589e-06,2.947366e-05,1.185932e-05,1.893353e-04,1.716501e-04,5.326001e-04,5.149503e-04,8.758649e-04,8.582506e-04,9.272335e-05,7.503820e-05,2.427643e-04,2.251146e-04,3.928053e-04,3.751910e-04
4.034194e+04,1.991406e-05,2.353752e-06,2.458640e-05,7.061255e-06,2.925875e-05,1.176876e-05,1.880459e-04,1.704856e-04,5.289818e-04,5.114567e-04,8.699178e-04,8.524278e-04,9.217752e-05,7.461721e-05,2.413768e-04,2.238516e-04,3.905760e-04,3.730860e-04
4.091762e+04,1.977198e-05,2.335640e-06,2.440835e-05,7.006920e-06,2.904472e-05,1.167820e-05,1.867573e-04,1.693210e-04,5.253645e-04,5.079630e-04,8.639716e-04,8.466051e-04,9.163255e-05,7.419621e-05,2.399901e-04,2.225886e-04,3.883476e-04,3.709811e-04
4.150152e+04,1.963077e-05,2.317529e-06,2.423117e-05,6.952586e-06,2.883157e-05,1.158764e-05,1.854943e-04,1.681810e-04,5.218216e-04,5.045430e-04,8.581490e-04,8.409051e-04,9.108847e-05,7.377523e-05,2.386043e-04,2.213257e-04,3.861201e-04,3.688761e-04
4.209374e+04,1.949044e-05,2.299418e-06,2.405486e-05,6.898253e-06,2.861928e-05,1.149709e-05,1.842832e-04,1.670921e-04,5.184330e-04,5.012764e-04,8.525829e-04,8.354607e-04,9.054526e-05,7.335424e-05,2.372193e-04,2.200627e-04,3.838934e-04,3.667712e-04
4.269442e+04,1.935121e-05,2.281548e-06,2.388013e-05,6.844645e-06,2.840906e-05,1.140774e-05,1.830729e-04,1.660032e-04,5.150451e-04,4.980097e-04,8.470174e-04,8.300161e-04,9.000291e-05,7.293325e-05,2.358352e-04,2.187998e-04,3.816676e-04,3.646663e-04
4.330367e+04,1.921292e-05,2.263766e-06,2.370652e-05,6.791299e-06,2.820012e-05,1.131883e-05,1.818258e-04,1.648767e-04,5.115453e-04,4.946300e-04,8.412647e-04,8.243834e-04,8.946141e-05,7.251226e-05,2.344520e-04,2.175368e-04,3.794426e-04,3.625613e-04
4.392162e+04,1.907549e-05,2.245984e-06,2.353376e-05,6.737953e-06,2.799204e-05,1.122992e-05,1.805696e-04,1.637401e-04,5.080162e-04,4.912204e-04,8.354628e-04,8.187007e-04,8.892077e-05,7.209127e-05,2.330696e-04,2.162738e-04,3.772185e-04,3.604563e-04
4.454838e+04,1.893890e-05,2.228201e-06,2.336184e-05,6.684604e-06,2.778479e-05,1.114101e-05,1.793143e-04,1.626036e-04,5.044880e-04,4.878108e-04,8.296618e-04,8.130180e-04,8.838098e-05,7.167028e-05,2.316881e-04,2.150108e-04,3.749952e-04,3.583514e-04
4.518409e+04,1.880334e-05,2.210617e-06,2.319136e-05,6.631851e-06,2.757937e-05,1.105309e-05,1.780878e-04,1.614951e-04,5.010448e-04,4.844853e-04,8.240019e-04,8.074756e-04,8.786738e-05,7.127466e-05,2.303835e-04,2.138240e-04,3.728996e-04,3.563733e-04
4.582887e+04,1.866891e-05,2.193324e-06,2.302257e-05,6.579972e-06,2.737624e-05,1.096662e-05,1.769316e-04,1.604560e-04,4.978107e-04,4.813681e-04,8.186899e-04,8.022802e-04,8.741730e-05,7.094172e-05,2.292678e-04,2.128252e-04,3.711182e-04,3.547086e-04
4.648285e+04,1.853531e-05,2.176030e-06,2.285461e-05,6.528089e-06,2.717392e-05,1.088015e-05,1.757762e-04,1.594169e-04,4.945773e-04,4.782508e-04,8.133784e-04,7.970846e-04,8.696805e-05,7.060878e-05,2.281529e-04,2.118263e-04,3.693377e-04,3.530439e-04
4.714616e+04,1.840252e-05,2.158736e-06,2.268748e-05,6.476208e-06,2.697243e-05,1.079368e-05,1.746216e-04,1.583779e-04,4.913448e-04,4.751336e-04,8.080680e-04,7.918893e-04,8.651962e-05,7.027583e-05,2.270388e-04,2.108275e-04,3.675579e-04,3.513792e-04
4.781893e+04,1.827056e-05,2.141442e-06,2.252115e-05,6.424327e-06,2.677175e-05,1.070721e-05,1.734679e-04,1.573388e-04,4.881132e-04,4.720164e-04,8.027585e-04,7.866940e-04,8.607201e-05,6.994289e-05,2.259255e-04,2.098287e-04,3.657790e-04,3.497145e-04
4.850131e+04,1.813949e-05,2.124237e-06,2.235590e-05,6.372711e-06,2.657231e-05,1.062118e-05,1.723149e-04,1.562997e-04,4.848822e-04,4.688990e-04,7.974495e-04,7.814983e-04,8.562520e-05,6.960995e-05,2.248130e-04,2.088299e-04,3.640009e-04,3.480498e-04
4.919343e+04,1.800935e-05,2.107163e-06,2.219184e-05,6.321490e-06,2.637433e-05,1.053582e-05,1.711628e-04,1.552606e-04,4.816522e-04,4.657818e-04,7.921415e-04,7.763030e-04,8.517920e-05,6.927701e-05,2.237014e-04,2.078310e-04,3.622236e-04,3.463851e-04
4.989542e+04,1.788002e-05,2.090089e-06,2.202858e-05,6.270267e-06,2.617715e-05,1.045044e-05,1.700289e-04,1.542390e-04,4.784752e-04,4.627169e-04,7.869215e-04,7.711948e-04,8.473399e-05,6.894406e-05,2.225905e-04,2.068322e-04,3.604470e-04,3.447203e-04
5.060743e+04,1.775555e-05,2.077097e-06,2.187836e-05,6.231291e-06,2.600117e-05,1.038549e-05,1.689628e-04,1.532843e-04,4.755000e-04,4.598529e-04,7.820372e-04,7.664216e-04,8.428958e-05,6.861112e-05,2.214804e-04,2.058334e-04,3.586713e-04,3.430556e-04
5.132960e+04,1.763259e-05,2.064813e-06,2.173105e-05,6.194439e-06,2.582951e-05,1.032407e-05,1.678750e-04,1.523072e-04,4.724582e-04,4.569216e-04,7.770414e-04,7.615359e-04,8.384595e-05,6.827818e-05,2.203711e-04,2.048345e-04,3.568963e-04,3.413909e-04
5.206207e+04,1.751040e-05,2.052528e-06,2.158451e-05,6.157585e-06,2.565862e-05,1.026264e-05,1.667611e-04,1.513032e-04,4.693365e-04,4.539096e-04,7.719120e-04,7.565160e-04,8.340311e-05,6.794524e-05,2.192626e-04,2.038357e-04,3.551222e-04,3.397262e-04
5.280500e+04,1.738899e-05,2.040244e-06,2.143875e-05,6.120732e-06,2.548851e-05,1.020122e-05,1.656480e-04,1.502992e-04,4.662157e-04,4.508976e-04,7.667833e-04,7.514961e-04,8.296104e-05,6.761229e-05,2.181549e-04,2.028369e-04,3.533488e-04,3.380615e-04
5.355853e+04,1.726835e-05,2.027959e-06,2.129376e-05,6.083878e-06,2.531917e-05,1.013980e-05,1.645356e-04,1.492952e-04,4.630956e-04,4.478857e-04,7.616555e-04,7.464761e-04,8.251976e-05,6.727936e-05,2.170480e-04,2.018381e-04,3.515762e-04,3.363968e-04
5.432281e+04,1.714848e-05,2.015675e-06,2.114953e-05,6.047026e-06,2.515059e-05,1.007838e-05,1.634240e-04,1.482912e-04,4.599760e-04,4.448735e-04,7.565281e-04,7.414559e-04,8.207922e-05,6.694642e-05,2.159418e-04,2.008393e-04,3.498043e-04,3.347321e-04
5.509800e+04,1.702730e-05,2.001333e-06,2.099989e-05,6.003999e-06,2.497247e-05,1.000666e-05,1.623242e-04,1.472982e-04,4.568906e-04,4.418947e-04,7.514570e-04,7.364912e-04,8.164848e-05,6.662251e-05,2.148634e-04,1.998675e-04,3.480783e-04,3.331125e-04
5.588425e+04,1.690269e-05,1.982799e-06,2.083842e-05,5.948396e-06,2.477415e-05,9.913994e-06,1.613018e-04,1.463819e-04,4.540359e-04,4.391458e-04,7.467699e-04,7.319097e-04,8.128130e-05,6.636141e-05,2.139742e-04,1.990842e-04,3.466672e-04,3.318070e-04
5.668172e+04,1.677883e-05,1.964265e-06,2.067770e-05,5.892794e-06,2.457657e-05,9.821323e-06,1.602803e-04,1.454657e-04,4.511821e-04,4.363972e-04,7.420839e-04,7.273286e-04,8.091487e-05,6.610031e-05,2.130858e-04,1.983009e-04,3.452568e-04,3.305015e-04
5.749057e+04,1.665605e-05,1.946064e-06,2.051872e-05,5.838191e-06,2.438140e-05,9.730318e-06,1.592594e-04,1.445494e-04,4.483288e-04,4.336483e-04,7.373983e-04,7.227472e-04,8.054918e-05,6.583920e-05,2.121981e-04,1.975176e-04,3.438471e-04,3.291960e-04
5.831096e+04,1.653435e-05,1.928218e-06,2.036155e-05,5.784654e-06,2.418874e-05,9.641090e-06,1.582393e-04,1.436332e-04,4.454763e-04,4.308995e-04,7.327134e-04,7.181658e-04,8.018423e-05,6.557809e-05,2.113112e-04,1.967343e-04,3.424381e-04,3.278905e-04
5.914306e+04,1.641340e-05,1.910373e-06,2.020511e-05,5.731119e-06,2.399682e-05,9.551865e-06,1.572199e-04,1.427169e-04,4.426248e-04,4.281508e-04,7.280296e-04,7.135846e-04,7.982002e-05,6.531699e-05,2.104250e-04,1.959510e-04,3.410299e-04,3.265850e-04
5.998703e+04,1.629317e-05,1.892527e-06,2.004939e-05,5.677582e-06,2.380562e-05,9.462637e-06,1.562120e-04,1.418113e-04,4.398058e-04,4.254340e-04,7.233996e-04,7.090567e-04,7.945654e-05,6.505590e-05,2.095395e-04,1.951677e-04,3.396225e-04,3.252795e-04
6.084305e+04,1.616399e-05,1.865015e-06,1.986539e-05,5.595044e-06,2.356680e-05,9.325073e-06,1.552405e-04,1.409415e-04,4.370949e-04,4.228245e-04,7.189493e-04,7.047076e-04,7.909378e-05,6.479480e-05,2.086548e-04,1.943844e-04,3.382157e-04,3.239740e-04
6.171128e+04,1.603648e-05,1.838446e-06,1.968495e-05,5.515339e-06,2.333342e-05,9.192232e-06,1.542697e-04,1.400716e-04,4.343845e-04,4.202149e-04,7.144994e-04,7.003582e-04,7.873173e-05,6.453370e-05,2.077707e-04,1.936011e-04,3.368097e-04,3.226685e-04
6.259190e+04,1.591068e-05,1.812880e-06,1.950822e-05,5.438641e-06,2.310576e-05,9.064402e-06,1.532908e-04,1.391930e-04,4.316485e-04,4.175789e-04,7.100062e-04,6.959648e-04,7.837040e-05,6.427260e-05,2.068874e-04,1.928178e-04,3.354044e-04,3.213630e-04
6.348509e+04,1.578730e-05,1.789023e-06,1.933732e-05,5.367070e-06,2.288735e-05,8.945117e-06,1.522903e-04,1.382920e-04,4.288462e-04,4.148759e-04,7.054021e-04,6.914599e-04,7.800978e-05,6.401150e-05,2.060047e-04,1.920345e-04,3.339997e-04,3.200575e-04
6.439102e+04,1.566482e-05,1.765359e-06,1.916771e-05,5.296077e-06,2.267060e-05,8.826796e-06,1.512904e-04,1.373910e-04,4.260446e-04,4.121730e-04,7.007987e-04,6.869549e-04,7.764985e-05,6.375040e-05,2.051228e-04,1.912512e-04,3.325958e-04,3.187520e-04
6.530988e+04,1.554600e-05,1.744663e-06,1.900769e-05,5.233990e-06,2.246939e-05,8.723317e-06,1.503177e-04,1.365163e-04,4.233227e-04,4.095490e-04,6.963278e-04,6.825817e-04,7.731752e-05,6.351619e-05,2.043223e-04,1.905486e-04,3.313270e-04,3.175809e-04
6.624186e+04,1.542887e-05,1.724972e-06,1.885138e-05,5.174915e-06,2.227389e-05,8.624858e-06,1.493976e-04,1.356937e-04,4.207577e-04,4.070812e-04,6.921177e-04,6.784687e-04,7.703909e-05,6.333519e-05,2.036820e-04,1.900056e-04,3.303250e-04,3.166760e-04
6.718713e+04,1.531244e-05,1.705280e-06,1.869576e-05,5.115841e-06,2.207908e-05,8.526402e-06,1.484783e-04,1.348712e-04,4.181935e-04,4.046136e-04,6.879086e-04,6.743559e-04,7.676135e-05,6.315419e-05,2.030425e-04,1.894626e-04,3.293236e-04,3.157710e-04
6.814589e+04,1.519691e-05,1.685814e-06,1.854149e-05,5.057441e-06,2.188607e-05,8.429068e-06,1.475597e-04,1.340486e-04,4.156300e-04,4.021459e-04,6.837002e-04,6.702432e-04,7.648430e-05,6.297321e-05,2.024037e-04,1.889196e-04,3.283230e-04,3.148660e-04
6.911834e+04,1.508244e-05,1.666729e-06,1.838904e-05,5.000187e-06,2.169564e-05,8.333645e-06,1.466417e-04,1.332260e-04,4.130670e-04,3.996781e-04,6.794922e-04,6.661302e-04,7.620792e-05,6.279221e-05,2.017655e-04,1.883766e-04,3.273230e-04,3.139610e-04
7.010466e+04,1.496865e-05,1.647645e-06,1.823727e-05,4.942934e-06,2.150589e-05,8.238223e-06,1.457245e-04,1.324035e-04,4.105048e-04,3.972105e-04,6.752851e-04,6.620174e-04,7.593222e-05,6.261121e-05,2.011280e-04,1.878336e-04,3.263237e-04,3.130561e-04
7.110505e+04,1.485563e-05,1.628663e-06,1.808648e-05,4.885990e-06,2.131732e-05,8.143317e-06,1.448079e-04,1.315809e-04,4.079433e-04,3.947428e-04,6.710787e-04,6.579047e-04,7.565719e-05,6.243022e-05,2.004912e-04,1.872907e-04,3.253251e-04,3.121511e-04
7.211972e+04,1.474353e-05,1.609939e-06,1.793711e-05,4.829817e-06,2.113070e-05,8.049695e-06,1.438919e-04,1.307583e-04,4.053823e-04,3.922750e-04,6.668727e-04,6.537917e-04,7.538282e-05,6.224923e-05,1.998550e-04,1.867477e-04,3.243271e-04,3.112461e-04
7.314887e+04,1.463209e-05,1.591215e-06,1.778841e-05,4.773644e-06,2.094473e-05,7.956073e-06,1.430175e-04,1.299766e-04,4.029446e-04,3.899299e-04,6.628718e-04,6.498831e-04,7.510910e-05,6.206823e-05,1.992194e-04,1.862047e-04,3.233298e-04,3.103411e-04
7.419271e+04,1.452130e-05,1.572490e-06,1.764036e-05,4.717471e-06,2.075941e-05,7.862452e-06,1.421564e-04,1.292076e-04,4.005457e-04,3.876228e-04,6.589350e-04,6.460381e-04,7.483605e-05,6.188724e-05,1.985846e-04,1.856617e-04,3.223332e-04,3.094362e-04
7.525144e+04,1.441116e-05,1.553768e-06,1.749296e-05,4.661303e-06,2.057475e-05,7.768838e-06,1.412899e-04,1.284325e-04,3.981292e-04,3.852975e-04,6.549685e-04,6.421626e-04,7.458827e-05,6.173087e-05,1.980243e-04,1.851926e-04,3.214603e-04,3.086544e-04
7.632528e+04,1.430208e-05,1.535453e-06,1.734743e-05,4.606359e-06,2.039278e-05,7.677264e-06,1.404040e-04,1.276373e-04,3.956531e-04,3.829120e-04,6.509022e-04,6.381867e-04,7.442077e-05,6.165414e-05,1.977035e-04,1.849624e-04,3.209862e-04,3.082707e-04
7.741445e+04,1.419365e-05,1.517145e-06,1.720256e-05,4.551435e-06,2.021147e-05,7.585725e-06,1.395186e-04,1.268421e-04,3.931775e-04,3.805263e-04,6.468363e-04,6.342106e-04,7.425392e-05,6.157742e-05,1.973834e-04,1.847323e-04,3.205128e-04,3.078871e-04
7.851915e+04,1.408585e-05,1.498837e-06,1.705832e-05,4.496511e-06,2.003080e-05,7.494185e-06,1.386340e-04,1.260469e-04,3.907026e-04,3.781408e-04,6.427713e-04,6.302347e-04,7.408770e-05,6.150069e-05,1.970639e-04,1.845021e-04,3.200401e-04,3.075034e-04
7.963962e+04,1.397868e-05,1.480529e-06,1.691472e-05,4.441587e-06,1.985076e-05,7.402645e-06,1.377499e-04,1.252518e-04,3.882284e-04,3.757553e-04,6.387069e-04,6.262588e-04,7.392212e-05,6.142396e-05,1.967450e-04,1.842719e-04,3.195679e-04,3.071198e-04
8.077608e+04,1.387424e-05,1.464318e-06,1.677803e-05,4.392954e-06,1.968182e-05,7.321590e-06,1.368965e-04,1.244866e-04,3.858447e-04,3.734597e-04,6.347930e-04,6.224328e-04,7.375716e-05,6.134723e-05,1.964268e-04,1.840417e-04,3.190964e-04,3.067362e-04
8.192876e+04,1.377140e-05,1.449088e-06,1.664491e-05,4.347263e-06,1.951841e-05,7.245439e-06,1.360502e-04,1.237279e-04,3.834814e-04,3.711837e-04,6.309125e-04,6.186395e-04,7.359282e-05,6.127051e-05,1.961092e-04,1.838115e-04,3.186255e-04,3.063525e-04
8.309789e+04,1.366974e-05,1.434419e-06,1.651409e-05,4.303258e-06,1.935843e-05,7.172096e-06,1.352046e-04,1.229693e-04,3.811187e-04,3.689079e-04,6.270329e-04,6.148465e-04,7.342910e-05,6.119378e-05,1.957922e-04,1.835813e-04,3.181552e-04,3.059689e-04
8.428369e+04,1.356924e-05,1.420291e-06,1.638550e-05,4.260874e-06,1.920176e-05,7.101456e-06,1.343596e-04,1.222107e-04,3.787566e-04,3.666320e-04,6.231536e-04,6.110533e-04,7.326600e-05,6.111705e-05,1.954758e-04,1.833512e-04,3.176856e-04,3.055853e-04
8.548642e+04,1.346992e-05,1.406737e-06,1.625924e-05,4.220211e-06,1.904857e-05,7.033685e-06,1.335383e-04,1.214751e-04,3.764644e-04,3.644253e-04,6.193905e-04,6.073756e-04,7.314544e-05,6.108225e-05,1.952858e-04,1.832468e-04,3.174262e-04,3.054113e-04
8.670632e+04,1.337194e-05,1.393922e-06,1.613581e-05,4.181767e-06,1.889967e-05,6.969611e-06,1.327518e-04,1.207738e-04,3.742754e-04,3.623214e-04,6.157990e-04,6.038690e-04,7.308766e-05,6.110964e-05,1.952830e-04,1.833289e-04,3.174782e-04,3.055482e-04
8.794362e+04,1.327490e-05,1.381438e-06,1.601397e-05,4.144315e-06,1.875303e-05,6.907192e-06,1.319659e-04,1.200725e-04,3.720871e-04,3.602174e-04,6.122082e-04,6.003624e-04,7.303048e-05,6.113702e-05,1.952807e-04,1.834111e-04,3.175309e-04,3.056851e-04
8.919858e+04,1.317905e-05,1.369552e-06,1.589451e-05,4.108656e-06,1.860997e-05,6.847760e-06,1.311806e-04,1.193711e-04,3.698992e-04,3.581133e-04,6.086177e-04,5.968555e-04,7.297390e-05,6.116440e-05,1.952791e-04,1.834932e-04,3.175842e-04,3.058220e-04
9.047144e+04,1.308420e-05,1.358068e-06,1.577686e-05,4.074205e-06,1.846952e-05,6.790342e-06,1.303959e-04,1.186698e-04,3.677120e-04,3.560094e-04,6.050281e-04,5.933489e-04,7.291791e-05,6.119178e-05,1.952780e-04,1.835754e-04,3.176381e-04,3.059589e-04
9.176247e+04,1.299062e-05,1.347274e-06,1.566186e-05,4.041823e-06,1.833310e-05,6.736371e-06,1.296118e-04,1.179685e-04,3.655254e-04,3.539054e-04,6.014391e-04,5.898423e-04,7.286252e-05,6.121917e-05,1.952775e-04,1.836575e-04,3.176926e-04,3.060958e-04
9.307193e+04,1.289776e-05,1.336607e-06,1.554783e-05,4.009822e-06,1.819790e-05,6.683036e-06,1.288283e-04,1.172671e-04,3.633394e-04,3.518014e-04,5.978506e-04,5.863357e-04,7.280770e-05,6.124655e-05,1.952777e-04,1.837396e-04,3.177476e-04,3.062327e-04
9.440007e+04,1.280550e-05,1.325965e-06,1.543445e-05,3.977895e-06,1.806340e-05,6.629824e-06,1.280454e-04,1.165658e-04,3.611540e-04,3.496975e-04,5.942627e-04,5.828291e-04,7.275347e-05,6.127393e-05,1.952783e-04,1.838218e-04,3.178032e-04,3.063697e-04
9.574716e+04,1.271447e-05,1.315971e-06,1.532359e-05,3.947914e-06,1.793271e-05,6.579857e-06,1.272870e-04,1.158885e-04,3.590413e-04,3.476656e-04,5.907956e-04,5.794427e-04,7.274660e-05,6.134811e-05,1.954200e-04,1.840443e-04,3.180934e-04,3.067405e-04
9.711347e+04,1.262453e-05,1.306502e-06,1.521487e-05,3.919505e-06,1.780522e-05,6.532509e-06,1.265487e-04,1.152307e-04,3.569875e-04,3.456921e-04,5.874263e-04,5.761535e-04,7.277816e-05,6.146013e-05,1.956758e-04,1.843804e-04,3.185734e-04,3.073007e-04
9.849928e+04,1.253516e-05,1.297032e-06,1.510672e-05,3.891096e-06,1.767829e-05,6.485160e-06,1.258110e-04,1.145729e-04,3.549342e-04,3.437186e-04,5.840575e-04,5.728643e-04,7.281029e-05,6.157217e-05,1.959321e-04,1.847165e-04,3.190540e-04,3.078608e-04
9.990487e+04,1.244635e-05,1.287562e-06,1.499914e-05,3.862687e-06,1.755192e-05,6.437812e-06,1.250739e-04,1.139151e-04,3.528817e-04,3.417452e-04,5.806895e-04,5.695754e-04,7.284298e-05,6.168419e-05,1.961890e-04,1.850526e-04,3.195351e-04,3.084209e-04
1.013305e+05,1.233583e-05,1.255819e-06,1.482529e-05,3.767458e-06,1.731475e-05,6.279097e-06,1.243681e-04,1.132881e-04,3.509222e-04,3.398644e-04,5.774763e-04,5.664406e-04,7.301940e-05,6.193938e-05,1.968760e-04,1.858181e-04,3.207326e-04,3.096969e-04
1.027765e+05,1.224933e-05,1.247532e-06,1.472237e-05,3.742597e-06,1.719541e-05,6.237662e-06,1.236652e-04,1.126634e-04,3.489700e-04,3.379902e-04,5.742748e-04,5.633170e-04,7.320669e-05,6.220490e-05,1.975945e-04,1.866147e-04,3.219822e-04,3.110245e-04
1.042431e+05,1.216337e-05,1.239245e-06,1.461999e-05,3.717736e-06,1.707662e-05,6.196227e-06,1.229628e-04,1.120387e-04,3.470183e-04,3.361161e-04,5.710738e-04,5.601934e-04,7.339453e-05,6.247040e-05,1.983135e-04,1.874112e-04,3.232324e-04,3.123520e-04
1.057307e+05,1.207797e-05,1.230959e-06,1.451817e-05,3.692877e-06,1.695837e-05,6.154795e-06,1.222609e-04,1.114139e-04,3.450670e-04,3.342417e-04,5.678731e-04,5.570696e-04,7.358292e-05,6.273591e-05,1.990330e-04,1.882077e-04,3.244831e-04,3.136796e-04
1.072395e+05,1.198521e-05,1.214782e-06,1.439321e-05,3.644345e-06,1.680121e-05,6.073908e-06,1.215596e-04,1.107892e-04,3.431165e-04,3.323676e-04,5.646733e-04,5.539460e-04,7.377185e-05,6.300142e-05,1.997531e-04,1.890042e-04,3.257344e-04,3.150071e-04
1.087698e+05,1.189386e-05,1.199461e-06,1.427137e-05,3.598382e-06,1.664888e-05,5.997304e-06,1.208589e-04,1.101645e-04,3.411664e-04,3.304934e-04,5.614740e-04,5.508224e-04,7.396132e-05,6.326692e-05,2.004737e-04,1.898008e-04,3.269862e-04,3.163346e-04
1.103219e+05,1.180868e-05,1.189783e-06,1.416699e-05,3.569349e-06,1.652530e-05,5.948914e-06,1.201587e-04,1.095398e-04,3.392169e-04,3.286193e-04,5.582752e-04,5.476988e-04,7.418697e-05,6.356807e-05,2.013019e-04,1.907042e-04,3.284167e-04,3.178404e-04
1.118962e+05,1.172404e-05,1.180105e-06,1.406314e-05,3.540315e-06,1.640224e-05,5.900525e-06,1.194590e-04,1.089150e-04,3.372680e-04,3.267451e-04,5.550770e-04,5.445752e-04,7.455032e-05,6.400638e-05,2.025420e-04,1.920192e-04,3.305336e-04,3.200319e-04
1.134930e+05,1.164000e-05,1.170496e-06,1.396003e-05,3.511488e-06,1.628006e-05,5.852480e-06,1.187598e-04,1.082903e-04,3.353195e-04,3.248710e-04,5.518792e-04,5.414517e-04,7.491419e-05,6.444469e-05,2.037826e-04,1.933341e-04,3.326510e-04,3.222234e-04
1.151125e+05,1.155649e-05,1.160901e-06,1.385748e-05,3.482704e-06,1.615847e-05,5.804507e-06,1.180611e-04,1.076656e-04,3.333715e-04,3.229967e-04,5.486818e-04,5.383278e-04,7.527859e-05,6.488300e-05,2.050238e-04,1.946490e-04,3.347690e-04,3.244150e-04
1.167552e+05,1.147346e-05,1.151255e-06,1.375530e-05,3.453764e-06,1.603714e-05,5.756273e-06,1.173630e-04,1.070408e-04,3.314241e-04,3.211225e-04,5.454851e-04,5.352042e-04,7.564351e-05,6.532131e-05,2.062655e-04,1.959639e-04,3.368874e-04,3.266066e-04
1.184213e+05,1.139058e-05,1.141253e-06,1.365257e-05,3.423759e-06,1.591456e-05,5.706265e-06,1.166655e-04,1.064161e-04,3.294772e-04,3.192484e-04,5.422889e-04,5.320806e-04,7.600895e-05,6.575962e-05,2.075077e-04,1.972788e-04,3.390064e-04,3.287981e-04
1.201112e+05,1.130711e-05,1.130140e-06,1.354702e-05,3.390419e-06,1.578692e-05,5.650698e-06,1.159721e-04,1.057951e-04,3.275419e-04,3.173853e-04,5.391117e-04,5.289754e-04,7.639225e-05,6.621527e-05,2.088024e-04,1.986458e-04,3.412126e-04,3.310764e-04
1.218251e+05,1.122387e-05,1.118737e-06,1.344112e-05,3.356212e-06,1.565836e-05,5.593687e-06,1.153315e-04,1.052263e-04,3.257639e-04,3.156790e-04,5.361963e-04,5.261316e-04,7.702420e-05,6.691906e-05,2.108421e-04,2.007572e-04,3.446600e-04,3.345953e-04
1.235636e+05,1.114317e-05,1.109376e-06,1.334183e-05,3.328128e-06,1.554050e-05,5.546879e-06,1.146914e-04,1.046576e-04,3.239866e-04,3.139729e-04,5.332817e-04,5.232881e-04,7.765666e-05,6.762286e-05,2.128823e-04,2.028686e-04,3.481079e-04,3.381143e-04
1.253269e+05,1.106373e-05,1.100767e-06,1.324531e-05,3.302301e-06,1.542690e-05,5.503835e-06,1.140519e-04,1.040889e-04,3.222098e-04,3.122668e-04,5.303677e-04,5.204446e-04,7.828961e-05,6.832665e-05,2.149230e-04,2.049800e-04,3.515563e-04,3.416333e-04
1.271153e+05,1.098478e-05,1.092158e-06,1.314929e-05,3.276474e-06,1.531381e-05,5.460790e-06,1.134128e-04,1.035202e-04,3.204335e-04,3.105606e-04,5.274541e-04,5.176011e-04,7.892307e-05,6.903044e-05,2.169641e-04,2.070913e-04,3.550052e-04,3.451522e-04
1.289292e+05,1.090638e-05,1.083587e-06,1.305388e-05,3.250760e-06,1.520139e-05,5.417934e-06,1.127742e-04,1.029515e-04,3.186575e-04,3.088544e-04,5.245407e-04,5.147573e-04,7.955702e-05,6.973423e-05,2.190058e-04,2.092027e-04,3.584546e-04,3.486711e-04
1.307690e+05,1.082852e-05,1.075072e-06,1.295914e-05,3.225217e-06,1.508975e-05,5.375362e-06,1.121362e-04,1.023828e-04,3.168822e-04,3.071483e-04,5.216282e-04,5.119138e-04,8.037372e-05,7.062027e-05,2.215947e-04,2.118608e-04,3.628157e-04,3.531013e-04
1.326351e+05,1.075094e-05,1.066348e-06,1.286425e-05,3.199044e-06,1.497755e-05,5.331741e-06,1.114986e-04,1.018140e-04,3.151073e-04,3.054421e-04,5.187161e-04,5.090702e-04,8.144645e-05,7.176186e-05,2.249508e-04,2.152856e-04,3.684551e-04,3.588093e-04
1.345278e+05,1.067277e-05,1.056545e-06,1.276660e-05,3.169634e-06,1.486044e-05,5.282723e-06,1.108616e-04,1.012453e-04,3.133330e-04,3.037360e-04,5.158044e-04,5.062267e-04,8.251968e-05,7.290346e-05,2.283073e-04,2.187104e-04,3.740950e-04,3.645173e-04
1.364475e+05,1.059530e-05,1.046969e-06,1.267013e-05,3.140906e-06,1.474495e-05,5.234843e-06,1.102249e-04,1.006766e-04,3.115590e-04,3.020298e-04,5.128930e-04,5.033829e-04,8.359339e-05,7.404506e-05,2.316644e-04,2.221352e-04,3.797354e-04,3.702253e-04
1.383946e+05,1.051832e-05,1.037392e-06,1.257413e-05,3.112177e-06,1.462993e-05,5.186962e-06,1.095888e-04,1.001079e-04,3.097856e-04,3.003236e-04,5.099824e-04,5.005394e-04,8.466758e-05,7.518665e-05,2.350219e-04,2.255600e-04,3.853762e-04,3.759333e-04
1.403695e+05,1.044181e-05,1.027816e-06,1.247860e-05,3.083449e-06,1.451539e-05,5.139081e-06,1.089532e-04,9.953918e-05,3.080127e-04,2.986175e-04,5.070722e-04,4.976959e-04,8.582708e-05,7.641308e-05,2.386344e-04,2.292393e-04,3.914417e-04,3.820654e-04
1.423726e+05,1.036593e-05,1.018393e-06,1.238400e-05,3.055179e-06,1.440208e-05,5.091965e-06,1.083180e-04,9.897048e-05,3.062403e-04,2.969114e-04,5.041625e-04,4.948524e-04,8.735822e-05,7.801068e-05,2.433609e-04,2.340320e-04,3.993635e-04,3.900534e-04
1.444043e+05,1.029057e-05,1.009025e-06,1.229004e-05,3.027074e-06,1.428951e-05,5.045123e-06,1.076833e-04,9.840177e-05,3.044683e-04,2.952053e-04,5.012532e-04,4.920089e-04,8.888982e-05,7.960827e-05,2.480878e-04,2.388248e-04,4.072857e-04,3.980414e-04
1.464649e+05,1.021568e-05,9.996555e-07,1.219654e-05,2.998966e-06,1.417740e-05,4.998277e-06,1.070490e-04,9.783301e-05,3.026966e-04,2.934990e-04,4.983442e-04,4.891651e-04,9.042189e-05,8.120587e-05,2.528152e-04,2.436176e-04,4.152085e-04,4.060293e-04
1.485550e+05,1.014028e-05,9.893117e-07,1.210058e-05,2.967935e-06,1.406088e-05,4.946558e-06,1.064153e-04,9.726431e-05,3.009256e-04,2.917929e-04,4.954359e-04,4.863215e-04,9.195442e-05,8.280346e-05,2.575430e-04,2.484104e-04,4.231316e-04,4.140173e-04
1.506749e+05,1.006626e-05,9.798952e-07,1.200786e-05,2.939686e-06,1.394946e-05,4.899476e-06,1.057828e-04,9.669647e-05,2.991576e-04,2.900894e-04,4.925323e-04,4.834823e-04,9.371351e-05,8.462715e-05,2.629496e-04,2.538814e-04,4.321857e-04,4.231357e-04
1.528250e+05,9.995522e-06,9.733050e-07,1.192407e-05,2.919915e-06,1.385262e-05,4.866525e-06,1.051526e-04,9.613041e-05,2.973954e-04,2.883912e-04,4.896381e-04,4.806520e-04,9.596061e-05,8.693839e-05,2.698193e-04,2.608152e-04,4.436780e-04,4.346919e-04
1.550058e+05,9.925240e-06,9.667154e-07,1.184074e-05,2.900146e-06,1.375623e-05,4.833577e-06,1.045229e-04,9.556441e-05,2.956338e-04,2.866932e-04,4.867447e-04,4.778220e-04,9.820815e-05,8.924962e-05,2.766895e-04,2.677489e-04,4.551708e-04,4.462481e-04
1.572178e+05,9.855405e-06,9.601252e-07,1.175785e-05,2.880376e-06,1.366029e-05,4.800626e-06,1.038936e-04,9.499835e-05,2.938725e-04,2.849951e-04,4.838514e-04,4.749918e-04,1.004561e-04,9.156086e-05,2.835601e-04,2.746826e-04,4.666640e-04,4.578043e-04
1.594613e+05,9.786019e-06,9.535356e-07,1.167541e-05,2.860607e-06,1.356480e-05,4.767678e-06,1.032648e-04,9.443229e-05,2.921117e-04,2.832969e-04,4.809586e-04,4.721615e-04,1.027046e-04,9.387210e-05,2.904311e-04,2.816163e-04,4.781576e-04,4.693605e-04
1.617368e+05,9.717076e-06,9.469454e-07,1.159341e-05,2.840836e-06,1.346974e-05,4.734727e-06,1.026364e-04,9.386629e-05,2.903515e-04,2.815989e-04,4.780665e-04,4.693315e-04,1.057753e-04,9.700521e-05,2.997682e-04,2.910156e-04,4.937611e-04,4.850261e-04
1.640448e+05,9.648573e-06,9.403558e-07,1.151185e-05,2.821067e-06,1.337513e-05,4.701779e-06,1.020085e-04,9.330023e-05,2.885915e-04,2.799007e-04,4.751745e-04,4.665012e-04,1.091034e-04,1.003952e-04,3.098763e-04,3.011855e-04,5.106492e-04,5.019759e-04
1.663857e+05,9.580610e-06,9.338685e-07,1.143104e-05,2.801605e-06,1.328146e-05,4.669342e-06,1.013810e-04,9.273423e-05,2.868321e-04,2.782027e-04,4.722833e-04,4.636712e-04,1.124318e-04,1.037850e-04,3.199845e-04,3.113551e-04,5.275373e-04,5.189252e-04
1.687600e+05,9.513252e-06,9.275516e-07,1.135117e-05,2.782655e-06,1.318908e-05,4.637758e-06,1.007539e-04,9.216818e-05,2.850730e-04,2.765045e-04,4.693922e-04,4.608409e-04,1.157606e-04,1.071749e-04,3.300932e-04,3.215247e-04,5.444258e-04,5.358745e-04
1.711682e+05,9.446324e-06,9.212353e-07,1.127173e-05,2.763706e-06,1.309713e-05,4.606177e-06,1.001026e-04,9.157750e-05,2.832405e-04,2.747325e-04,4.663785e-04,4.578875e-04,1.197550e-04,1.112300e-04,3.421979e-04,3.336899e-04,5.646407e-04,5.561498e-04
1.736108e+05,9.379824e-06,9.149185e-07,1.119271e-05,2.744755e-06,1.300560e-05,4.574592e-06,9.942546e-05,9.096055e-05,2.813296e-04,2.728817e-04,4.632338e-04,4.548028e-04,1.244608e-04,1.159959e-04,3.564356e-04,3.479876e-04,5.884104e-04,5.799794e-04
1.760882e+05,9.313750e-06,9.086022e-07,1.111413e-05,2.725807e-06,1.291450e-05,4.543011e-06,9.874869e-05,9.034354e-05,2.794189e-04,2.710306e-04,4.600892e-04,4.517177e-04,1.291670e-04,1.207619e-04,3.706740e-04,3.622857e-04,6.121809e-04,6.038094e-04
1.786010e+05,9.248191e-06,9.023800e-07,1.103624e-05,2.707140e-06,1.282429e-05,4.511900e-06,9.807234e-05,8.972653e-05,2.775087e-04,2.691796e-04,4.569450e-04,4.486327e-04,1.338737e-04,1.255279e-04,3.849128e-04,3.765837e-04,6.359519e-04,6.276395e-04
1.811497e+05,9.183119e-06,8.962275e-07,1.095898e-05,2.688682e-06,1.273485e-05,4.481137e-06,9.738060e-05,8.909371e-05,2.755514e-04,2.672811e-04,4.537222e-04,4.454685e-04,1.394190e-04,1.311321e-04,4.016666e-04,3.933963e-04,6.639142e-04,6.556605e-04
1.837347e+05,9.118642e-06,8.902516e-07,1.088267e-05,2.670755e-06,1.264670e-05,4.451258e-06,9.666983e-05,8.844144e-05,2.735362e-04,2.653243e-04,4.504027e-04,4.422072e-04,1.459921e-04,1.377637e-04,4.215031e-04,4.132912e-04,6.970141e-04,6.888187e-04
1.863566e+05,9.054692e-06,8.843907e-07,1.080712e-05,2.653172e-06,1.255954e-05,4.421953e-06,9.595948e-05,8.778918e-05,2.715215e-04,2.633675e-04,4.470835e-04,4.389459e-04,1.525656e-04,1.443953e-04,4.413398e-04,4.331858e-04,7.301139e-04,7.219764e-04
1.890159e+05,8.991153e-06,8.785298e-07,1.073197e-05,2.635589e-06,1.247279e-05,4.392649e-06,9.524960e-05,8.713697e-05,2.695073e-04,2.614109e-04,4.437650e-04,4.356849e-04,1.591395e-04,1.510269e-04,4.611771e-04,4.530807e-04,7.632146e-04,7.551345e-04
1.917131e+05,8.928022e-06,8.726689e-07,1.065723e-05,2.618007e-06,1.238644e-05,4.363345e-06,9.451769e-05,8.646234e-05,2.674262e-04,2.593870e-04,4.403348e-04,4.323117e-04,1.671844e-04,1.591290e-04,4.854263e-04,4.773870e-04,8.036681e-04,7.956450e-04
1.944489e+05,8.865405e-06,8.669208e-07,1.058323e-05,2.600762e-06,1.230106e-05,4.334604e-06,9.377331e-05,8.577482e-05,2.653069e-04,2.573245e-04,4.368406e-04,4.288741e-04,1.760803e-04,1.680819e-04,5.122280e-04,5.042456e-04,8.483758e-04,8.404093e-04
1.972237e+05,8.803209e-06,8.611897e-07,1.050969e-05,2.583569e-06,1.221617e-05,4.305948e-06,9.302932e-05,8.508731e-05,2.631880e-04,2.552619e-04,4.333467e-04,4.254365e-04,1.849767e-04,1.770347e-04,5.390302e-04,5.311041e-04,8.930838e-04,8.851735e-04
2.000381e+05,8.741423e-06,8.554711e-07,1.043658e-05,2.566413e-06,1.213173e-05,4.277356e-06,9.228517e-05,8.439921e-05,2.610678e-04,2.531976e-04,4.298504e-04,4.219961e-04,1.939036e-04,1.860177e-04,5.659231e-04,5.580530e-04,9.379426e-04,9.300883e-04
2.028926e+05,8.680953e-06,8.506719e-07,1.036662e-05,2.552016e-06,1.205229e-05,4.253360e-06,9.150000e-05,8.366972e-05,2.588238e-04,2.510092e-04,4.261475e-04,4.183486e-04,2.050344e-04,1.972041e-04,5.994269e-04,5.916123e-04,9.938194e-04,9.860205e-04
2.057879e+05,8.620875e-06,8.458727e-07,1.029706e-05,2.537618e-06,1.197323e-05,4.229363e-06,9.071528e-05,8.294028e-05,2.565803e-04,2.488208e-04,4.224453e-04,4.147014e-04,2.161655e-04,2.083905e-04,6.329310e-04,6.251716e-04,1.049697e-03,1.041953e-03
2.087245e+05,8.561188e-06,8.410734e-07,1.022788e-05,2.523220e-06,1.189457e-05,4.205367e-06,8.993095e-05,8.221084e-05,2.543372e-04,2.466325e-04,4.187434e-04,4.110542e-04,2.272972e-04,2.195771e-04,6.664359e-04,6.587312e-04,1.105575e-03,1.097885e-03
2.117030e+05,8.501888e-06,8.362741e-07,1.015909e-05,2.508822e-06,1.181629e-05,4.181371e-06,8.912671e-05,8.146110e-05,2.520336e-04,2.443833e-04,4.149404e-04,4.073055e-04,2.389590e-04,2.312934e-04,7.015303e-04,6.938801e-04,1.164102e-03,1.156467e-03
2.147240e+05,8.442973e-06,8.314749e-07,1.009068e-05,2.494425e-06,1.173840e-05,4.157374e-06,8.830750e-05,8.069600e-05,2.496843e-04,2.420880e-04,4.110610e-04,4.034800e-04,2.510208e-04,2.434093e-04,7.378242e-04,7.302279e-04,1.224628e-03,1.217047e-03
2.177881e+05,8.384681e-06,8.269160e-07,1.002338e-05,2.480748e-06,1.166208e-05,4.134580e-06,8.748873e-05,7.993096e-05,2.473355e-04,2.397929e-04,4.071823e-04,3.996548e-04,2.630831e-04,2.555253e-04,7.741187e-04,7.665760e-04,1.285154e-03,1.277627e-03
2.208960e+05,8.326879e-06,8.224695e-07,9.956794e-06,2.467408e-06,1.158671e-05,4.112347e-06,8.665797e-05,7.915356e-05,2.449501e-04,2.374607e-04,4.032422e-04,3.957678e-04,2.745086e-04,2.670042e-04,8.085020e-04,8.010126e-04,1.342495e-03,1.335021e-03
2.240482e+05,8.269455e-06,8.180229e-07,9.890583e-06,2.454069e-06,1.151171e-05,4.090115e-06,8.579677e-05,7.834533e-05,2.424725e-04,2.350360e-04,3.991483e-04,3.917267e-04,2.843507e-04,2.768993e-04,8.381344e-04,8.306979e-04,1.391918e-03,1.384497e-03
2.272453e+05,8.212406e-06,8.135764e-07,9.824746e-06,2.440729e-06,1.143709e-05,4.067882e-06,8.493594e-05,7.753711e-05,2.399953e-04,2.326113e-04,3.950547e-04,3.876855e-04,2.941931e-04,2.867943e-04,8.677669e-04,8.603829e-04,1.441341e-03,1.433972e-03
2.304881e+05,8.155197e-06,8.086000e-07,9.757689e-06,2.425800e-06,1.136018e-05,4.043000e-06,8.407024e-05,7.672365e-05,2.375028e-04,2.301709e-04,3.909354e-04,3.836182e-04,3.033927e-04,2.960461e-04,8.954701e-04,8.881382e-04,1.487548e-03,1.480230e-03
2.337772e+05,8.097826e-06,8.030934e-07,9.689409e-06,2.409280e-06,1.128099e-05,4.015467e-06,8.317559e-05,7.588086e-05,2.349227e-04,2.276426e-04,3.866698e-04,3.794043e-04,3.089367e-04,3.016420e-04,9.122061e-04,9.049260e-04,1.515475e-03,1.508210e-03
2.371132e+05,8.040546e-06,7.973110e-07,9.620668e-06,2.391933e-06,1.120079e-05,3.986555e-06,8.226411e-05,7.502087e-05,2.322914e-04,2.250626e-04,3.823186e-04,3.751044e-04,3.124184e-04,3.051751e-04,9.227541e-04,9.155254e-04,1.533090e-03,1.525876e-03
2.404968e+05,7.981485e-06,7.893834e-07,9.545853e-06,2.368150e-06,1.111022e-05,3.946917e-06,8.134304e-05,7.415094e-05,2.296305e-04,2.224528e-04,3.779180e-04,3.707547e-04,3.127176e-04,3.055255e-04,9.237541e-04,9.165764e-04,1.534791e-03,1.527627e-03
2.439287e+05,7.922784e-06,7.814558e-07,9.471399e-06,2.344367e-06,1.102001e-05,3.907279e-06,8.042239e-05,7.328106e-05,2.269702e-04,2.198432e-04,3.735180e-04,3.664053e-04,3.102137e-04,3.030724e-04,9.163442e-04,9.092172e-04,1.522475e-03,1.515362e-03
2.474096e+05,7.864442e-06,7.735282e-07,9.397302e-06,2.320585e-06,1.093016e-05,3.867641e-06,7.950417e-05,7.241326e-05,2.243165e-04,2.172398e-04,3.691288e-04,3.620663e-04,3.044816e-04,2.973907e-04,8.992489e-04,8.921722e-04,1.494016e-03,1.486954e-03
2.509401e+05,7.807199e-06,7.663430e-07,9.325789e-06,2.299029e-06,1.084438e-05,3.831715e-06,7.857866e-05,7.153780e-05,2.216402e-04,2.146134e-04,3.647017e-04,3.576890e-04,2.966507e-04,2.896098e-04,8.758562e-04,8.688295e-04,1.455062e-03,1.448049e-03
2.545211e+05,7.752367e-06,7.612182e-07,9.260807e-06,2.283654e-06,1.076925e-05,3.806091e-06,7.762969e-05,7.063854e-05,2.188928e-04,2.119156e-04,3.601558e-04,3.531927e-04,2.856745e-04,2.786834e-04,8.430272e-04,8.360501e-04,1.400380e-03,1.393417e-03
2.581531e+05,7.697888e-06,7.560934e-07,9.196178e-06,2.268280e-06,1.069447e-05,3.780467e-06,7.668107e-05,6.973928e-05,2.161457e-04,2.092178e-04,3.556104e-04,3.486964e-04,2.746986e-04,2.677568e-04,8.101983e-04,8.032704e-04,1.345698e-03,1.338784e-03
2.618369e+05,7.643758e-06,7.509686e-07,9.131896e-06,2.252906e-06,1.062003e-05,3.754843e-06,7.574488e-05,6.885209e-05,2.134353e-04,2.065563e-04,3.511256e-04,3.442604e-04,2.624440e-04,2.555512e-04,7.735327e-04,7.666537e-04,1.284621e-03,1.277756e-03
2.655734e+05,7.589973e-06,7.458438e-07,9.067958e-06,2.237531e-06,1.054594e-05,3.729219e-06,7.482128e-05,6.797715e-05,2.107619e-04,2.039315e-04,3.467025e-04,3.398858e-04,2.488945e-04,2.420504e-04,7.329815e-04,7.261511e-04,1.217068e-03,1.210252e-03
2.693631e+05,7.535154e-06,7.393406e-07,9.000229e-06,2.218022e-06,1.046531e-05,3.696703e-06,7.389803e-05,6.710222e-05,2.080889e-04,2.013066e-04,3.422797e-04,3.355111e-04,2.353453e-04,2.285495e-04,6.924306e-04,6.856484e-04,1.149516e-03,1.142747e-03
2.732069e+05,7.479040e-06,7.312027e-07,8.927937e-06,2.193608e-06,1.037683e-05,3.656014e-06,7.294757e-05,6.619973e-05,2.053335e-04,1.985992e-04,3.377195e-04,3.309987e-04,2.219465e-04,2.151987e-04,6.523304e-04,6.455960e-04,1.082714e-03,1.075993e-03
2.771056e+05,7.424187e-06,7.239861e-07,8.858745e-06,2.171958e-06,1.029330e-05,3.619931e-06,7.199193e-05,6.529173e-05,2.025620e-04,1.958752e-04,3.331320e-04,3.264586e-04,2.085781e-04,2.018779e-04,6.123204e-04,6.056336e-04,1.016063e-03,1.009389e-03
2.810599e+05,7.369670e-06,7.167695e-07,8.789890e-06,2.150308e-06,1.021011e-05,3.583847e-06,7.104962e-05,6.439672e-05,1.998297e-04,1.931902e-04,3.286099e-04,3.219836e-04,1.958839e-04,1.892310e-04,5.743324e-04,5.676929e-04,9.527810e-04,9.461548e-04
2.850706e+05,7.315487e-06,7.095528e-07,8.721368e-06,2.128658e-06,1.012725e-05,3.547764e-06,7.014330e-05,6.353737e-05,1.972048e-04,1.906121e-04,3.242663e-04,3.176868e-04,1.850435e-04,1.784376e-04,5.419054e-04,5.353127e-04,8.987673e-04,8.921879e-04
2.891386e+05,7.261476e-06,7.021771e-07,8.652699e-06,2.106531e-06,1.004392e-05,3.510885e-06,6.923731e-05,6.267802e-05,1.945802e-04,1.880340e-04,3.199231e-04,3.133901e-04,1.742034e-04,1.676441e-04,5.094785e-04,5.029323e-04,8.447535e-04,8.382205e-04
2.932646e+05,7.205987e-06,6.929932e-07,8.578934e-06,2.078980e-06,9.951881e-06,3.464966e-06,6.833171e-05,6.181872e-05,1.919561e-04,1.854562e-04,3.155805e-04,3.090936e-04,1.633636e-04,1.568506e-04,4.770518e-04,4.705519e-04,7.907400e-04,7.842531e-04
2.974495e+05,7.150824e-06,6.838093e-07,8.505496e-06,2.051428e-06,9.860167e-06,3.419047e-06,6.742638e-05,6.095937e-05,1.893322e-04,1.828781e-04,3.112380e-04,3.047968e-04,1.525242e-04,1.460571e-04,4.446255e-04,4.381714e-04,7.367269e-04,7.302857e-04
3.016941e+05,7.097595e-06,6.762346e-07,8.437209e-06,2.028704e-06,9.776822e-06,3.381173e-06,6.655651e-05,6.013515e-05,1.868140e-04,1.804055e-04,3.070714e-04,3.006758e-04,1.427512e-04,1.363299e-04,4.153981e-04,4.089896e-04,6.880450e-04,6.816493e-04
3.059993e+05,7.047128e-06,6.710997e-07,8.376563e-06,2.013299e-06,9.705997e-06,3.355499e-06,6.574011e-05,5.936408e-05,1.844555e-04,1.780922e-04,3.031709e-04,2.968204e-04,1.345950e-04,1.282190e-04,3.910202e-04,3.846569e-04,6.474454e-04,6.410949e-04
3.103659e+05,6.996982e-06,6.659649e-07,8.316237e-06,1.997895e-06,9.635492e-06,3.329825e-06,6.492402e-05,5.859300e-05,1.820973e-04,1.757790e-04,2.992707e-04,2.929650e-04,1.265842e-04,1.202532e-04,3.670779e-04,3.607595e-04,6.075715e-04,6.012659e-04
3.147948e+05,6.947153e-06,6.608301e-07,8.256228e-06,1.982490e-06,9.565303e-06,3.304151e-06,6.410825e-05,5.782193e-05,1.797395e-04,1.734658e-04,2.953708e-04,2.891096e-04,1.201722e-04,1.138858e-04,3.479313e-04,3.416575e-04,5.756904e-04,5.694292e-04
3.192870e+05,6.897639e-06,6.556953e-07,8.196533e-06,1.967086e-06,9.495427e-06,3.278476e-06,6.329283e-05,5.705089e-05,1.773821e-04,1.711527e-04,2.914714e-04,2.852544e-04,1.137605e-04,1.075185e-04,3.287850e-04,3.225556e-04,5.438096e-04,5.375926e-04
3.238432e+05,6.848251e-06,6.503723e-07,8.136588e-06,1.951117e-06,9.424924e-06,3.251862e-06,6.252105e-05,5.632317e-05,1.751550e-04,1.689695e-04,2.877889e-04,2.816158e-04,1.073491e-04,1.011512e-04,3.096391e-04,3.034536e-04,5.119290e-04,5.057560e-04
3.284645e+05,6.796152e-06,6.420278e-07,8.067887e-06,1.926083e-06,9.339622e-06,3.210139e-06,6.182146e-05,5.566733e-05,1.731438e-04,1.670020e-04,2.844662e-04,2.783367e-04,1.019315e-04,9.577742e-05,2.934741e-04,2.873323e-04,4.850166e-04,4.788871e-04
3.331516e+05,6.747385e-06,6.367057e-07,8.008563e-06,1.910117e-06,9.269741e-06,3.183529e-06,6.114363e-05,5.503295e-05,1.711973e-04,1.650988e-04,2.812510e-04,2.751647e-04,9.684845e-05,9.073777e-05,2.783118e-04,2.722133e-04,4.597751e-04,4.536889e-04
3.379057e+05,6.698924e-06,6.313836e-07,7.949544e-06,1.894151e-06,9.200164e-06,3.156918e-06,6.046611e-05,5.439857e-05,1.692511e-04,1.631957e-04,2.780361e-04,2.719928e-04,9.242194e-05,8.635440e-05,2.651186e-04,2.590632e-04,4.378152e-04,4.317720e-04
3.427277e+05,6.650768e-06,6.260615e-07,7.890829e-06,1.878185e-06,9.130891e-06,3.130308e-06,5.984107e-05,5.381637e-05,1.674617e-04,1.614491e-04,2.750824e-04,2.690818e-04,8.841618e-05,8.239147e-05,2.531871e-04,2.471744e-04,4.179580e-04,4.119574e-04
3.476184e+05,6.602914e-06,6.207394e-07,7.832416e-06,1.862218e-06,9.061919e-06,3.103697e-06,5.925669e-05,5.327452e-05,1.657938e-04,1.598236e-04,2.723308e-04,2.663726e-04,8.441072e-05,7.842855e-05,2.412558e-04,2.352856e-04,3.981010e-04,3.921427e-04
3.525789e+05,6.555604e-06,6.156606e-07,7.775033e-06,1.846982e-06,8.994463e-06,3.078303e-06,5.871363e-05,5.277369e-05,1.642491e-04,1.583211e-04,2.697846e-04,2.638684e-04,8.080154e-05,7.486159e-05,2.305128e-04,2.245848e-04,3.802241e-04,3.743080e-04
3.576102e+05,6.508638e-06,6.106279e-07,7.718086e-06,1.831884e-06,8.927534e-06,3.053139e-06,5.820901e-05,5.231100e-05,1.628192e-04,1.569330e-04,2.674294e-04,2.615550e-04,7.756092e-05,7.166291e-05,2.208749e-04,2.149887e-04,3.641890e-04,3.583146e-04
3.627133e+05,6.461979e-06,6.056057e-07,7.661465e-06,1.816817e-06,8.860952e-06,3.028028e-06,5.777150e-05,5.191512e-05,1.615900e-04,1.557454e-04,2.654085e-04,2.595756e-04,7.461170e-05,6.875533e-05,2.121106e-04,2.062660e-04,3.496096e-04,3.437766e-04
3.678893e+05,6.415737e-06,6.007081e-07,7.605512e-06,1.802124e-06,8.795286e-06,3.003541e-06,5.739353e-05,5.157850e-05,1.605389e-04,1.547355e-04,2.636843e-04,2.578925e-04,7.192098e-05,6.610595e-05,2.041212e-04,1.983178e-04,3.363215e-04,3.305297e-04
3.731391e+05,6.370254e-06,5.962764e-07,7.551247e-06,1.788829e-06,8.732240e-06,2.981382e-06,5.701585e-05,5.124187e-05,1.594880e-04,1.537256e-04,2.619602e-04,2.562094e-04,6.923054e-05,6.345656e-05,1.961321e-04,1.903697e-04,3.230337e-04,3.172828e-04
3.784638e+05,6.325400e-06,5.921843e-07,7.498291e-06,1.776553e-06,8.671182e-06,2.960922e-06,5.669293e-05,5.095971e-05,1.586009e-04,1.528791e-04,2.605088e-04,2.547986e-04,6.681360e-05,6.108038e-05,1.889629e-04,1.832411e-04,3.111122e-04,3.054019e-04
3.838644e+05,6.280835e-06,5.880923e-07,7.445623e-06,1.764277e-06,8.610410e-06,2.940461e-06,5.648474e-05,5.079200e-05,1.580574e-04,1.523760e-04,2.596300e-04,2.539600e-04,6.454477e-05,5.885202e-05,1.822374e-04,1.765561e-04,2.999301e-04,2.942601e-04
3.893422e+05,6.236554e-06,5.840002e-07,7.393238e-06,1.752001e-06,8.549922e-06,2.920001e-06,5.631087e-05,5.065831e-05,1.576162e-04,1.519749e-04,2.589215e-04,2.532916e-04,6.254095e-05,5.688840e-05,1.763064e-04,1.706652e-04,2.900719e-04,2.844420e-04
3.948981e+05,6.192592e-06,5.799425e-07,7.341241e-06,1.739827e-06,8.489889e-06,2.899712e-06,5.613727e-05,5.052462e-05,1.571753e-04,1.515739e-04,2.582133e-04,2.526231e-04,6.060715e-05,5.499450e-05,1.705849e-04,1.649835e-04,2.805627e-04,2.749725e-04
4.005333e+05,6.149103e-06,5.760757e-07,7.290097e-06,1.728227e-06,8.431091e-06,2.880379e-06,5.597860e-05,5.040557e-05,1.567786e-04,1.512167e-04,2.575786e-04,2.520279e-04,5.870178e-05,5.312875e-05,1.649481e-04,1.593862e-04,2.711945e-04,2.656437e-04
4.062490e+05,6.105892e-06,5.722089e-07,7.239232e-06,1.716627e-06,8.372571e-06,2.861044e-06,5.596130e-05,5.042762e-05,1.568055e-04,1.512829e-04,2.576496e-04,2.521381e-04,5.706787e-05,5.153419e-05,1.601252e-04,1.546026e-04,2.631825e-04,2.576710e-04
4.120461e+05,6.062961e-06,5.683421e-07,7.188645e-06,1.705026e-06,8.314329e-06,2.841711e-06,5.594429e-05,5.044968e-05,1.568326e-04,1.513490e-04,2.577210e-04,2.522484e-04,5.550610e-05,5.001148e-05,1.555181e-04,1.500344e-04,2.555300e-04,2.500574e-04
4.179260e+05,6.020304e-06,5.644753e-07,7.138332e-06,1.693426e-06,8.256360e-06,2.822376e-06,5.592755e-05,5.047172e-05,1.568601e-04,1.514152e-04,2.577926e-04,2.523586e-04,5.407728e-05,4.862145e-05,1.513092e-04,1.458643e-04,2.485412e-04,2.431072e-04
4.238899e+05,5.977922e-06,5.606085e-07,7.088293e-06,1.681825e-06,8.198665e-06,2.803042e-06,5.591179e-05,5.049447e-05,1.568899e-04,1.514834e-04,2.578680e-04,2.524724e-04,5.264872e-05,4.723140e-05,1.471007e-04,1.416942e-04,2.415526e-04,2.361570e-04
4.299388e+05,5.934984e-06,5.559148e-07,7.036045e-06,1.667745e-06,8.137106e-06,2.779574e-06,5.589667e-05,5.051760e-05,1.569211e-04,1.515528e-04,2.579456e-04,2.525880e-04,5.134795e-05,4.596888e-05,1.432749e-04,1.379066e-04,2.352019e-04,2.298444e-04
4.360740e+05,5.893234e-06,5.521384e-07,6.986818e-06,1.656415e-06,8.080402e-06,2.760692e-06,5.588183e-05,5.054073e-05,1.569526e-04,1.516222e-04,2.580234e-04,2.527037e-04,5.010261e-05,4.476152e-05,1.396150e-04,1.342846e-04,2.291273e-04,2.238076e-04
4.422968e+05,5.850951e-06,5.475612e-07,6.935456e-06,1.642684e-06,8.019961e-06,2.737806e-06,5.586356e-05,5.056017e-05,1.569733e-04,1.516805e-04,2.580830e-04,2.528008e-04,4.898236e-05,4.367897e-05,1.363297e-04,1.310369e-04,2.236770e-04,2.183949e-04
4.486084e+05,5.807996e-06,5.420456e-07,6.881545e-06,1.626137e-06,7.955094e-06,2.710228e-06,5.583918e-05,5.057323e-05,1.569751e-04,1.517197e-04,2.581110e-04,2.528661e-04,4.786238e-05,4.259643e-05,1.330447e-04,1.277893e-04,2.182270e-04,2.129821e-04
4.550100e+05,5.765331e-06,5.365555e-07,6.827974e-06,1.609667e-06,7.890617e-06,2.682778e-06,5.572457e-05,5.049580e-05,1.567057e-04,1.514874e-04,2.576868e-04,2.524790e-04,4.686091e-05,4.163213e-05,1.301147e-04,1.248964e-04,2.133685e-04,2.081607e-04
4.615031e+05,5.723114e-06,5.312522e-07,6.775225e-06,1.593757e-06,7.827335e-06,2.656261e-06,5.553292e-05,5.034106e-05,1.562046e-04,1.510232e-04,2.568764e-04,2.517053e-04,4.590845e-05,4.071658e-05,1.273312e-04,1.221498e-04,2.087540e-04,2.035829e-04
4.680887e+05,5.681159e-06,5.259489e-07,6.722736e-06,1.577847e-06,7.764313e-06,2.629744e-06,5.516768e-05,5.001247e-05,1.551823e-04,1.500374e-04,2.551969e-04,2.500623e-04,4.500869e-05,3.985348e-05,1.247053e-04,1.195604e-04,2.044020e-04,1.992674e-04
4.747684e+05,5.639462e-06,5.206456e-07,6.670505e-06,1.561937e-06,7.701549e-06,2.603228e-06,5.480269e-05,4.968387e-05,1.541602e-04,1.490516e-04,2.535177e-04,2.484194e-04,4.410920e-05,3.899038e-05,1.220797e-04,1.169711e-04,2.000502e-04,1.949519e-04
4.815433e+05,5.598023e-06,5.153423e-07,6.618532e-06,1.546027e-06,7.639041e-06,2.576712e-06,5.424024e-05,4.915756e-05,1.525452e-04,1.474727e-04,2.508501e-04,2.457878e-04,4.324101e-05,3.815833e-05,1.195475e-04,1.144750e-04,1.958540e-04,1.907917e-04
4.884149e+05,5.556838e-06,5.100390e-07,6.566812e-06,1.530117e-06,7.576787e-06,2.550195e-06,5.346884e-05,4.842205e-05,1.503028e-04,1.452661e-04,2.471368e-04,2.421102e-04,4.241800e-05,3.737120e-05,1.171503e-04,1.121136e-04,1.918826e-04,1.868560e-04
4.953846e+05,5.514496e-06,5.033248e-07,6.511113e-06,1.509974e-06,7.507730e-06,2.516624e-06,5.269770e-05,4.768653e-05,1.480607e-04,1.430596e-04,2.434238e-04,2.384327e-04,4.163991e-05,3.662874e-05,1.148874e-04,1.098862e-04,1.881348e-04,1.831437e-04
5.024538e+05,5.473776e-06,4.979818e-07,6.459778e-06,1.493945e-06,7.445780e-06,2.489909e-06,5.181943e-05,4.684364e-05,1.454968e-04,1.405309e-04,2.391741e-04,2.342182e-04,4.091550e-05,3.593970e-05,1.127849e-04,1.078191e-04,1.846544e-04,1.796985e-04
5.096238e+05,5.435418e-06,4.947509e-07,6.415029e-06,1.484253e-06,7.394639e-06,2.473754e-06,5.073800e-05,4.579733e-05,1.423228e-04,1.373920e-04,2.339075e-04,2.289867e-04,4.029255e-05,3.535189e-05,1.109864e-04,1.060557e-04,1.816803e-04,1.767594e-04
5.168962e+05,5.397308e-06,4.915200e-07,6.370527e-06,1.474560e-06,7.343745e-06,2.457600e-06,4.965681e-05,4.475102e-05,1.391490e-04,1.342531e-04,2.286412e-04,2.237551e-04,3.966987e-05,3.476408e-05,1.091882e-04,1.042922e-04,1.787066e-04,1.738204e-04
5.242723e+05,5.357770e-06,4.866146e-07,6.321248e-06,1.459844e-06,7.284725e-06,2.433073e-06,4.847447e-05,4.360331e-05,1.356713e-04,1.308099e-04,2.228682e-04,2.180166e-04,3.907119e-05,3.420004e-05,1.074615e-04,1.026001e-04,1.758518e-04,1.710002e-04
5.317537e+05,5.317542e-06,4.807743e-07,6.269407e-06,1.442323e-06,7.221272e-06,2.403871e-06,4.721818e-05,4.238141e-05,1.319713e-04,1.271442e-04,2.167244e-04,2.119070e-04,3.849016e-05,3.365339e-05,1.057872e-04,1.009602e-04,1.730843e-04,1.682669e-04
5.393418e+05,5.280190e-06,4.775679e-07,6.225711e-06,1.432704e-06,7.171232e-06,2.387839e-06,4.596213e-05,4.115951e-05,1.282715e-04,1.234785e-04,2.105809e-04,2.057975e-04,3.790935e-05,3.310673e-05,1.041132e-04,9.932019e-05,1.703170e-04,1.655336e-04
5.470382e+05,5.243498e-06,4.747801e-07,6.183511e-06,1.424340e-06,7.123525e-06,2.373901e-06,4.464153e-05,3.987281e-05,1.243776e-04,1.196184e-04,2.041137e-04,1.993641e-04,3.740092e-05,3.263221e-05,1.026558e-04,9.789662e-05,1.679107e-04,1.631610e-04
5.548445e+05,5.207045e-06,4.719924e-07,6.141550e-06,1.415977e-06,7.076056e-06,2.359962e-06,4.331506e-05,3.858001e-05,1.204656e-04,1.157400e-04,1.976161e-04,1.929001e-04,3.692589e-05,3.219084e-05,1.012981e-04,9.657252e-05,1.656703e-04,1.609542e-04
5.627621e+05,5.169991e-06,4.683657e-07,6.097310e-06,1.405097e-06,7.024629e-06,2.341828e-06,4.200287e-05,3.730125e-05,1.165960e-04,1.119037e-04,1.911890e-04,1.865062e-04,3.643372e-05,3.173210e-05,9.988850e-05,9.519629e-05,1.633433e-04,1.586605e-04
5.707928e+05,5.133381e-06,4.649473e-07,6.053930e-06,1.394842e-06,6.974478e-06,2.324736e-06,4.071634e-05,3.604790e-05,1.128028e-04,1.081437e-04,1.848893e-04,1.802395e-04,3.594862e-05,3.128018e-05,9.849964e-05,9.384055e-05,1.610507e-04,1.564009e-04
5.789380e+05,5.097168e-06,4.616912e-07,6.011271e-06,1.385074e-06,6.925373e-06,2.308456e-06,3.942101e-05,3.478554e-05,1.089828e-04,1.043566e-04,1.785446e-04,1.739277e-04,3.552650e-05,3.089103e-05,9.729927e-05,9.267308e-05,1.590720e-04,1.544551e-04
5.871994e+05,5.061188e-06,4.584351e-07,5.968844e-06,1.375305e-06,6.876499e-06,2.292176e-06,3.820922e-05,3.360647e-05,1.054129e-04,1.008194e-04,1.726167e-04,1.680323e-04,3.510461e-05,3.050186e-05,9.609911e-05,9.150557e-05,1.570936e-04,1.525093e-04
5.955788e+05,5.025438e-06,4.551790e-07,5.926647e-06,1.365537e-06,6.827855e-06,2.275895e-06,3.701003e-05,3.243977e-05,1.018804e-04,9.731931e-05,1.667508e-04,1.621988e-04,3.468296e-05,3.011270e-05,9.489921e-05,9.033810e-05,1.551155e-04,1.505635e-04
6.040777e+05,4.989950e-06,4.519546e-07,5.884774e-06,1.355864e-06,6.779598e-06,2.259773e-06,3.589320e-05,3.135521e-05,9.859453e-05,9.406562e-05,1.612959e-04,1.567760e-04,3.429235e-05,2.975436e-05,9.379198e-05,8.926307e-05,1.532916e-04,1.487718e-04
6.126979e+05,4.954696e-06,4.487365e-07,5.843148e-06,1.346209e-06,6.731600e-06,2.243682e-06,3.486629e-05,3.036033e-05,9.557793e-05,9.108099e-05,1.562896e-04,1.518017e-04,3.393564e-05,2.942968e-05,9.278597e-05,8.828903e-05,1.516363e-04,1.471484e-04
6.214411e+05,4.919648e-06,4.454988e-07,5.801688e-06,1.336496e-06,6.683729e-06,2.227494e-06,3.383960e-05,2.936545e-05,9.256155e-05,8.809636e-05,1.512835e-04,1.468273e-04,3.357914e-05,2.910499e-05,9.178015e-05,8.731496e-05,1.499812e-04,1.455249e-04
6.303091e+05,4.884526e-06,4.419619e-07,5.759555e-06,1.325886e-06,6.634585e-06,2.209809e-06,3.281314e-05,2.837058e-05,8.954540e-05,8.511173e-05,1.462777e-04,1.418529e-04,3.322287e-05,2.878031e-05,9.077459e-05,8.634092e-05,1.483263e-04,1.439015e-04
6.393037e+05,4.849626e-06,4.384249e-07,5.717644e-06,1.315275e-06,6.585663e-06,2.192124e-06,3.178690e-05,2.737570e-05,8.652947e-05,8.212710e-05,1.412720e-04,1.368785e-04,3.286682e-05,2.845562e-05,8.976922e-05,8.536685e-05,1.466716e-04,1.422781e-04
6.484265e+05,4.815438e-06,4.353780e-07,5.677425e-06,1.306134e-06,6.539412e-06,2.176890e-06,3.076088e-05,2.638082e-05,8.351376e-05,7.914247e-05,1.362666e-04,1.319041e-04,3.251100e-05,2.813094e-05,8.876410e-05,8.439281e-05,1.450172e-04,1.406547e-04
6.576796e+05,4.782123e-06,4.329840e-07,5.639384e-06,1.298952e-06,6.496645e-06,2.164920e-06,2.992448e-05,2.557534e-05,8.106647e-05,7.672603e-05,1.322084e-04,1.278767e-04,3.221287e-05,2.786373e-05,8.793164e-05,8.359120e-05,1.436504e-04,1.393187e-04
6.670647e+05,4.749236e-06,4.307999e-07,5.602190e-06,1.292400e-06,6.455144e-06,2.153999e-06,2.912739e-05,2.480896e-05,7.873666e-05,7.442687e-05,1.283459e-04,1.240448e-04,3.192682e-05,2.760839e-05,8.713496e-05,8.282517e-05,1.423431e-04,1.380419e-04
6.765837e+05,4.716566e-06,4.286158e-07,5.565213e-06,1.285848e-06,6.413860e-06,2.143079e-06,2.833052e-05,2.404257e-05,7.640706e-05,7.212770e-05,1.244836e-04,1.202128e-04,3.164099e-05,2.735304e-05,8.633850e-05,8.205913e-05,1.410360e-04,1.367652e-04
6.862386e+05,4.684110e-06,4.264317e-07,5.528450e-06,1.279295e-06,6.372790e-06,2.132158e-06,2.753386e-05,2.327618e-05,7.407768e-05,6.982853e-05,1.206215e-04,1.163809e-04,3.135539e-05,2.709771e-05,8.554228e-05,8.129312e-05,1.397292e-04,1.354885e-04
6.960313e+05,4.649689e-06,4.220680e-07,5.485362e-06,1.266204e-06,6.321034e-06,2.110340e-06,2.673740e-05,2.250978e-05,7.174850e-05,6.752934e-05,1.167596e-04,1.125489e-04,3.106998e-05,2.684236e-05,8.474624e-05,8.052709e-05,1.384225e-04,1.342118e-04
7.059636e+05,4.615651e-06,4.178743e-07,5.442995e-06,1.253623e-06,6.270340e-06,2.089372e-06,2.604987e-05,2.185209e-05,6.974564e-05,6.555627e-05,1.134414e-04,1.092604e-04,3.081451e-05,2.661674e-05,8.403958e-05,7.985021e-05,1.372646e-04,1.330837e-04
7.160378e+05,4.580170e-06,4.120283e-07,5.395882e-06,1.236085e-06,6.211594e-06,2.060142e-06,2.543539e-05,2.126725e-05,6.796154e-05,6.380175e-05,1.104877e-04,1.063362e-04,3.057916e-05,2.641102e-05,8.339284e-05,7.923305e-05,1.362065e-04,1.320551e-04
7.262556e+05,4.546048e-06,4.073312e-07,5.352425e-06,1.221994e-06,6.158801e-06,2.036656e-06,2.482113e-05,2.068241e-05,6.617766e-05,6.204723e-05,1.075342e-04,1.034120e-04,3.034402e-05,2.620530e-05,8.274634e-05,7.861591e-05,1.351487e-04,1.310265e-04
7.366193e+05,4.513961e-06,4.044617e-07,5.314657e-06,1.213385e-06,6.115354e-06,2.022309e-06,2.420707e-05,2.009757e-05,6.439399e-05,6.029272e-05,1.045809e-04,1.004879e-04,3.010909e-05,2.599959e-05,8.210005e-05,7.799878e-05,1.340910e-04,1.299980e-04
7.471309e+05,4.482080e-06,4.015922e-07,5.277096e-06,1.204777e-06,6.072111e-06,2.007961e-06,2.359322e-05,1.951273e-05,6.261052e-05,5.853820e-05,1.016278e-04,9.756367e-05,2.987437e-05,2.579388e-05,8.145396e-05,7.738164e-05,1.330336e-04,1.289694e-04
7.577925e+05,4.448242e-06,3.965606e-07,5.233252e-06,1.189682e-06,6.018262e-06,1.982803e-06,2.309271e-05,1.904103e-05,6.116666e-05,5.712309e-05,9.924061e-05,9.520515e-05,2.966781e-05,2.561613e-05,8.089195e-05,7.684838e-05,1.321161e-04,1.280806e-04
7.686062e+05,4.414545e-06,3.914660e-07,5.189422e-06,1.174398e-06,5.964300e-06,1.957330e-06,2.263436e-05,1.861129e-05,5.984888e-05,5.583386e-05,9.706340e-05,9.305643e-05,2.947182e-05,2.544874e-05,8.036124e-05,7.634622e-05,1.312507e-04,1.272437e-04
7.795742e+05,4.381988e-06,3.873106e-07,5.148612e-06,1.161932e-06,5.915236e-06,1.936553e-06,2.217621e-05,1.818153e-05,5.853128e-05,5.454460e-05,9.488636e-05,9.090767e-05,2.927603e-05,2.528135e-05,7.983074e-05,7.584406e-05,1.303855e-04,1.264068e-04
7.906988e+05,4.349761e-06,3.832837e-07,5.108387e-06,1.149851e-06,5.867014e-06,1.916419e-06,2.171827e-05,1.775179e-05,5.721390e-05,5.325537e-05,9.270954e-05,8.875895e-05,2.908044e-05,2.511397e-05,7.930044e-05,7.534190e-05,1.295204e-04,1.255698e-04
8.019821e+05,4.317052e-06,3.785767e-07,5.066321e-06,1.135730e-06,5.815589e-06,1.892883e-06,2.128385e-05,1.734537e-05,5.596670e-05,5.203611e-05,9.064956e-05,8.672685e-05,2.889057e-05,2.495210e-05,7.878689e-05,7.485630e-05,1.286832e-04,1.247605e-04
8.134264e+05,4.285865e-06,3.751936e-07,5.028423e-06,1.125581e-06,5.770981e-06,1.875968e-06,2.085940e-05,1.694873e-05,5.474902e-05,5.084618e-05,8.863865e-05,8.474363e-05,2.872696e-05,2.481629e-05,7.835171e-05,7.444887e-05,1.279765e-04,1.240815e-04
8.250340e+05,4.253629e-06,3.705652e-07,4.986986e-06,1.111696e-06,5.720342e-06,1.852826e-06,2.045031e-05,1.656725e-05,5.357704e-05,4.970175e-05,8.670376e-05,8.283624e-05,2.856356e-05,2.468049e-05,7.791677e-05,7.404148e-05,1.272700e-04,1.234025e-04
8.368072e+05,4.222106e-06,3.664543e-07,4.947295e-06,1.099363e-06,5.672485e-06,1.832271e-06,2.006137e-05,1.620572e-05,5.246509e-05,4.861716e-05,8.486882e-05,8.102860e-05,2.840034e-05,2.454468e-05,7.748198e-05,7.363405e-05,1.265636e-04,1.227234e-04
8.487485e+05,4.190776e-06,3.623437e-07,4.907799e-06,1.087031e-06,5.624822e-06,1.811718e-06,1.968754e-05,1.585910e-05,5.139808e-05,4.757731e-05,8.310862e-05,7.929552e-05,2.823731e-05,2.440888e-05,7.704740e-05,7.322663e-05,1.258575e-04,1.220444e-04
8.608602e+05,4.160233e-06,3.588278e-07,4.870278e-06,1.076483e-06,5.580323e-06,1.794139e-06,1.934365e-05,1.554225e-05,5.042054e-05,4.662675e-05,8.149743e-05,7.771124e-05,2.809696e-05,2.429555e-05,7.668045e-05,7.288666e-05,1.252640e-04,1.214778e-04
8.731447e+05,4.130611e-06,3.560417e-07,4.835137e-06,1.068125e-06,5.539664e-06,1.780209e-06,1.900278e-05,1.522821e-05,4.945165e-05,4.568463e-05,7.990051e-05,7.614105e-05,2.795940e-05,2.418483e-05,7.632150e-05,7.255449e-05,1.246836e-04,1.209242e-04
8.856045e+05,4.101178e-06,3.532557e-07,4.800186e-06,1.059767e-06,5.499194e-06,1.766278e-06,1.867492e-05,1.492700e-05,4.852141e-05,4.478099e-05,7.836790e-05,7.463499e-05,2.782202e-05,2.407410e-05,7.596271e-05,7.222229e-05,1.241034e-04,1.203705e-04
8.982421e+05,4.071933e-06,3.504696e-07,4.765422e-06,1.051409e-06,5.458911e-06,1.752348e-06,1.836305e-05,1.464158e-05,4.763876e-05,4.392475e-05,7.691447e-05,7.320791e-05,2.768484e-05,2.396338e-05,7.560414e-05,7.189013e-05,1.235234e-04,1.198169e-04
9.110600e+05,4.043243e-06,3.480511e-07,4.731947e-06,1.044153e-06,5.420652e-06,1.740255e-06,1.807870e-05,1.438351e-05,4.683833e-05,4.315054e-05,7.559796e-05,7.191756e-05,2.757055e-05,2.387535e-05,7.531386e-05,7.162606e-05,1.230572e-04,1.193768e-04
9.240609e+05,4.014797e-06,3.456914e-07,4.698834e-06,1.037074e-06,5.382871e-06,1.728457e-06,1.779894e-05,1.412983e-05,4.605125e-05,4.238949e-05,7.430356e-05,7.064915e-05,2.746007e-05,2.379097e-05,7.503467e-05,7.137291e-05,1.226093e-04,1.189548e-04
9.372472e+05,3.986535e-06,3.433317e-07,4.665904e-06,1.029995e-06,5.345274e-06,1.716658e-06,1.751934e-05,1.387614e-05,4.526433e-05,4.162843e-05,7.300932e-05,6.938071e-05,2.734979e-05,2.370658e-05,7.475566e-05,7.111975e-05,1.221615e-04,1.185329e-04
9.506218e+05,3.958453e-06,3.409695e-07,4.633150e-06,1.022908e-06,5.307847e-06,1.704847e-06,1.725656e-05,1.363907e-05,4.452746e-05,4.091722e-05,7.179837e-05,6.819537e-05,2.726048e-05,2.364300e-05,7.453923e-05,7.092899e-05,1.218180e-04,1.182150e-04
9.641872e+05,3.930538e-06,3.385919e-07,4.600530e-06,1.015776e-06,5.270523e-06,1.692959e-06,1.701134e-05,1.341939e-05,4.384293e-05,4.025817e-05,7.067452e-05,6.709695e-05,2.717391e-05,2.358196e-05,7.433064e-05,7.074588e-05,1.214874e-04,1.179098e-04
9.779462e+05,3.902803e-06,3.362143e-07,4.568091e-06,1.008643e-06,5.233379e-06,1.681072e-06,1.677511e-05,1.320852e-05,4.318502e-05,3.962557e-05,6.959493e-05,6.604262e-05,2.708751e-05,2.352093e-05,7.412222e-05,7.056278e-05,1.211569e-04,1.176046e-04
9.919015e+05,3.875247e-06,3.338369e-07,4.535831e-06,1.001511e-06,5.196414e-06,1.669184e-06,1.654779e-05,1.300638e-05,4.255346e-05,3.901914e-05,6.855913e-05,6.503190e-05,2.700130e-05,2.345989e-05,7.391399e-05,7.037967e-05,1.208267e-04,1.172994e-04
1.006056e+06,3.847943e-06,3.315335e-07,4.503970e-06,9.946006e-07,5.159997e-06,1.657668e-06,1.634544e-05,1.282904e-05,4.199648e-05,3.848711e-05,6.764751e-05,6.414518e-05,2.692384e-05,2.340744e-05,7.373168e-05,7.022231e-05,1.205395e-04,1.170372e-04
1.020412e+06,3.820916e-06,3.293302e-07,4.472586e-06,9.879907e-07,5.124256e-06,1.646651e-06,1.617463e-05,1.268304e-05,4.153373e-05,3.804913e-05,6.689282e-05,6.341522e-05,2.685812e-05,2.336654e-05,7.358421e-05,7.009962e-05,1.203103e-04,1.168327e-04
1.034974e+06,3.794062e-06,3.271270e-07,4.441376e-06,9.813810e-07,5.088689e-06,1.635635e-06,1.600399e-05,1.253705e-05,4.107115e-05,3.761116e-05,6.613832e-05,6.268526e-05,2.679257e-05,2.332563e-05,7.343689e-05,6.997689e-05,1.200812e-04,1.166282e-04
1.049743e+06,3.767384e-06,3.249236e-07,4.410340e-06,9.747709e-07,5.053295e-06,1.624618e-06,1.583352e-05,1.239106e-05,4.060875e-05,3.717318e-05,6.538398e-05,6.195530e-05,2.672719e-05,2.328473e-05,7.328977e-05,6.985420e-05,1.198523e-04,1.164237e-04
1.064723e+06,3.740892e-06,3.227340e-07,4.379517e-06,9.682021e-07,5.018142e-06,1.613670e-06,1.575648e-05,1.233832e-05,4.042627e-05,3.701496e-05,6.509607e-05,6.169160e-05,2.665608e-05,2.323792e-05,7.312508e-05,6.971377e-05,1.195941e-04,1.161896e-04
1.079916e+06,3.714587e-06,3.205587e-07,4.348910e-06,9.616762e-07,4.983232e-06,1.602794e-06,1.568125e-05,1.228722e-05,4.024890e-05,3.686167e-05,6.481655e-05,6.143612e-05,2.658504e-05,2.319102e-05,7.296028e-05,6.957305e-05,1.193355e-04,1.159551e-04
1.095327e+06,3.688451e-06,3.183834e-07,4.318471e-06,9.551503e-07,4.948491e-06,1.591917e-06,1.560619e-05,1.223613e-05,4.007170e-05,3.670838e-05,6.453721e-05,6.118063e-05,2.651417e-05,2.314410e-05,7.279562e-05,6.943230e-05,1.190771e-04,1.157205e-04
1.110957e+06,3.662485e-06,3.162081e-07,4.288202e-06,9.486242e-07,4.913919e-06,1.581040e-06,1.558433e-05,1.223805e-05,4.005374e-05,3.671416e-05,6.452314e-05,6.119027e-05,2.645452e-05,2.310824e-05,7.266431e-05,6.932473e-05,1.188741e-04,1.155412e-04
1.126810e+06,3.636699e-06,3.140452e-07,4.258138e-06,9.421356e-07,4.879576e-06,1.570226e-06,1.558541e-05,1.226276e-05,4.010428e-05,3.678828e-05,6.462314e-05,6.131379e-05,2.639978e-05,2.307713e-05,7.254739e-05,6.923139e-05,1.186950e-04,1.153856e-04
1.142890e+06,3.611089e-06,3.118922e-07,4.228269e-06,9.356767e-07,4.845448e-06,1.559461e-06,1.558667e-05,1.228747e-05,4.015500e-05,3.686241e-05,6.472334e-05,6.143735e-05,2.634521e-05,2.304601e-05,7.243063e-05,6.913804e-05,1.185161e-04,1.152301e-04
1.159199e+06,3.585653e-06,3.097463e-07,4.198587e-06,9.292388e-07,4.811521e-06,1.548731e-06,1.561776e-05,1.234186e-05,4.029492e-05,3.702557e-05,6.497207e-05,6.170928e-05,2.628736e-05,2.301146e-05,7.230372e-05,6.903437e-05,1.183201e-04,1.150573e-04
1.175741e+06,3.560385e-06,3.076052e-07,4.169083e-06,9.228157e-07,4.777782e-06,1.538026e-06,1.567212e-05,1.241934e-05,4.050430e-05,3.725803e-05,6.533647e-05,6.209672e-05,2.622700e-05,2.297422e-05,7.216893e-05,6.892266e-05,1.181109e-04,1.148711e-04
1.192519e+06,3.535280e-06,3.054642e-07,4.139743e-06,9.163925e-07,4.744205e-06,1.527321e-06,1.572665e-05,1.249684e-05,4.071386e-05,3.749051e-05,6.570107e-05,6.248418e-05,2.616680e-05,2.293698e-05,7.203430e-05,6.881095e-05,1.179018e-04,1.146849e-04
1.209536e+06,3.510339e-06,3.033231e-07,4.110564e-06,9.099692e-07,4.710790e-06,1.516615e-06,1.582284e-05,1.261582e-05,4.104806e-05,3.784747e-05,6.627328e-05,6.307911e-05,2.611662e-05,2.290961e-05,7.192942e-05,6.872883e-05,1.177422e-04,1.145480e-04
1.226796e+06,3.485558e-06,3.011820e-07,4.081547e-06,9.035461e-07,4.677536e-06,1.505910e-06,1.595198e-05,1.276760e-05,4.148081e-05,3.830281e-05,6.700965e-05,6.383802e-05,2.607440e-05,2.289002e-05,7.184806e-05,6.867006e-05,1.176217e-04,1.144501e-04
1.244303e+06,3.460936e-06,2.990410e-07,4.052687e-06,8.971230e-07,4.644439e-06,1.495205e-06,1.608128e-05,1.291938e-05,4.191371e-05,3.875814e-05,6.774614e-05,6.459691e-05,2.603234e-05,2.287044e-05,7.176689e-05,6.861132e-05,1.175014e-04,1.143522e-04
1.262059e+06,3.436613e-06,2.970400e-07,4.024408e-06,8.911199e-07,4.612202e-06,1.485200e-06,1.625420e-05,1.311462e-05,4.247716e-05,3.934387e-05,6.870012e-05,6.557312e-05,2.599043e-05,2.285085e-05,7.168584e-05,6.855256e-05,1.173813e-04,1.142543e-04
1.280068e+06,3.412516e-06,2.951055e-07,3.996486e-06,8.853165e-07,4.580456e-06,1.475528e-06,1.644796e-05,1.333055e-05,4.310282e-05,3.999165e-05,6.975768e-05,6.665276e-05,2.594868e-05,2.283127e-05,7.160499e-05,6.849382e-05,1.172613e-04,1.141564e-04
1.298335e+06,3.388573e-06,2.931711e-07,3.968718e-06,8.795132e-07,4.548863e-06,1.465855e-06,1.664188e-05,1.354648e-05,4.372864e-05,4.063944e-05,7.081540e-05,6.773240e-05,2.590709e-05,2.281168e-05,7.152426e-05,6.843505e-05,1.171414e-04,1.140584e-04
1.316862e+06,3.364787e-06,2.912366e-07,3.941107e-06,8.737098e-07,4.517427e-06,1.456183e-06,1.696023e-05,1.388668e-05,4.472745e-05,4.166005e-05,7.249466e-05,6.943342e-05,2.587806e-05,2.280451e-05,7.148092e-05,6.841352e-05,1.170838e-04,1.140225e-04
1.335654e+06,3.341154e-06,2.893022e-07,3.913649e-06,8.679067e-07,4.486144e-06,1.446511e-06,1.729110e-05,1.423925e-05,4.576348e-05,4.271774e-05,7.423586e-05,7.119623e-05,2.585043e-05,2.279858e-05,7.144147e-05,6.839573e-05,1.170325e-04,1.139929e-04
1.354714e+06,3.317676e-06,2.873683e-07,3.886346e-06,8.621050e-07,4.455016e-06,1.436842e-06,1.764471e-05,1.461440e-05,4.686743e-05,4.384319e-05,7.609016e-05,7.307199e-05,2.582295e-05,2.279264e-05,7.140215e-05,6.837791e-05,1.169814e-04,1.139632e-04
1.374046e+06,3.294360e-06,2.854455e-07,3.859227e-06,8.563365e-07,4.424094e-06,1.427228e-06,1.806772e-05,1.505881e-05,4.817931e-05,4.517642e-05,7.829091e-05,7.529404e-05,2.579561e-05,2.278670e-05,7.136298e-05,6.836009e-05,1.169304e-04,1.139335e-04
1.393653e+06,3.271196e-06,2.835227e-07,3.832260e-06,8.505680e-07,4.393324e-06,1.417613e-06,1.849089e-05,1.550321e-05,4.949133e-05,4.650964e-05,8.049177e-05,7.751606e-05,2.576843e-05,2.278076e-05,7.132397e-05,6.834228e-05,1.168795e-04,1.139038e-04
1.413541e+06,3.248181e-06,2.815999e-07,3.805442e-06,8.447996e-07,4.362702e-06,1.407999e-06,1.894836e-05,1.598178e-05,5.090599e-05,4.794535e-05,8.286361e-05,7.990891e-05,2.574211e-05,2.277553e-05,7.128724e-05,6.832660e-05,1.168324e-04,1.138777e-04
1.433712e+06,3.225316e-06,2.796770e-07,3.778773e-06,8.390311e-07,4.332230e-06,1.398385e-06,1.942211e-05,1.647647e-05,5.236916e-05,4.942941e-05,8.531620e-05,8.238236e-05,2.571628e-05,2.277064e-05,7.125167e-05,6.831192e-05,1.167871e-04,1.138532e-04
1.454171e+06,3.202609e-06,2.777654e-07,3.752285e-06,8.332961e-07,4.301960e-06,1.388827e-06,1.991312e-05,1.698828e-05,5.388382e-05,5.096483e-05,8.785451e-05,8.494138e-05,2.569060e-05,2.276576e-05,7.121627e-05,6.829728e-05,1.167419e-04,1.138288e-04
1.474922e+06,3.180089e-06,2.758926e-07,3.726060e-06,8.276777e-07,4.272031e-06,1.379463e-06,2.047155e-05,1.756735e-05,5.560044e-05,5.270206e-05,9.072933e-05,8.783677e-05,2.566507e-05,2.276087e-05,7.118099e-05,6.828261e-05,1.166969e-04,1.138044e-04
1.495969e+06,3.157714e-06,2.740197e-07,3.699980e-06,8.220591e-07,4.242246e-06,1.370098e-06,2.103013e-05,1.814643e-05,5.731721e-05,5.443929e-05,9.360430e-05,9.073216e-05,2.563967e-05,2.275598e-05,7.114586e-05,6.826794e-05,1.166520e-04,1.137799e-04
1.517317e+06,3.135434e-06,2.720985e-07,3.673899e-06,8.162956e-07,4.212364e-06,1.360493e-06,2.186978e-05,1.900644e-05,5.987694e-05,5.701933e-05,9.788409e-05,9.503222e-05,2.561443e-05,2.275109e-05,7.111087e-05,6.825327e-05,1.166073e-04,1.137554e-04
1.538969e+06,3.113288e-06,2.701661e-07,3.647929e-06,8.104983e-07,4.182569e-06,1.350831e-06,2.277544e-05,1.993232e-05,6.263438e-05,5.979695e-05,1.024933e-04,9.966159e-05,2.558932e-05,2.274620e-05,7.107603e-05,6.823860e-05,1.165627e-04,1.137310e-04
1.560930e+06,3.091285e-06,2.682336e-07,3.622100e-06,8.047008e-07,4.152916e-06,1.341168e-06,2.389560e-05,2.107255e-05,6.603504e-05,6.321764e-05,1.081745e-04,1.053627e-04,2.556436e-05,2.274131e-05,7.104133e-05,6.822393e-05,1.165183e-04,1.137065e-04
1.583205e+06,3.069422e-06,2.663011e-07,3.596413e-06,7.989034e-07,4.123403e-06,1.331506e-06,2.523377e-05,2.243065e-05,7.008946e-05,6.729195e-05,1.149451e-04,1.121532e-04,2.553955e-05,2.273643e-05,7.100679e-05,6.820928e-05,1.164740e-04,1.136821e-04
1.605797e+06,3.047702e-06,2.643687e-07,3.570867e-06,7.931061e-07,4.094032e-06,1.321843e-06,2.663572e-05,2.385239e-05,7.433493e-05,7.155717e-05,1.220341e-04,1.192620e-04,2.551650e-05,2.273317e-05,7.097727e-05,6.819951e-05,1.164380e-04,1.136658e-04
1.628712e+06,3.026155e-06,2.624719e-07,3.545566e-06,7.874157e-07,4.064977e-06,1.312360e-06,2.826123e-05,2.549755e-05,7.925079e-05,7.649264e-05,1.302404e-04,1.274877e-04,2.549836e-05,2.273467e-05,7.096217e-05,6.820402e-05,1.164260e-04,1.136734e-04
1.651954e+06,3.004809e-06,2.606358e-07,3.520586e-06,7.819073e-07,4.036364e-06,1.303179e-06,2.994829e-05,2.720412e-05,8.435103e-05,8.161235e-05,1.387538e-04,1.360206e-04,2.548034e-05,2.273617e-05,7.094719e-05,6.820851e-05,1.164140e-04,1.136809e-04
1.675527e+06,2.983600e-06,2.587996e-07,3.495744e-06,7.763987e-07,4.007888e-06,1.293998e-06,3.162954e-05,2.890474e-05,8.943357e-05,8.671422e-05,1.472376e-04,1.445237e-04,2.546248e-05,2.273767e-05,7.093237e-05,6.821302e-05,1.164023e-04,1.136884e-04
1.699437e+06,2.962528e-06,2.569635e-07,3.471039e-06,7.708905e-07,3.979549e-06,1.284817e-06,3.325113e-05,3.054556e-05,9.433683e-05,9.163668e-05,1.554225e-04,1.527278e-04,2.544474e-05,2.273918e-05,7.091769e-05,6.821754e-05,1.163906e-04,1.136959e-04
1.723688e+06,2.941592e-06,2.551274e-07,3.446468e-06,7.653821e-07,3.951345e-06,1.275637e-06,3.462803e-05,3.194157e-05,9.850579e-05,9.582470e-05,1.623835e-04,1.597078e-04,2.542715e-05,2.274069e-05,7.090314e-05,6.822206e-05,1.163791e-04,1.137034e-04
1.748285e+06,2.920791e-06,2.532912e-07,3.422033e-06,7.598735e-07,3.923275e-06,1.266456e-06,3.599953e-05,3.333203e-05,1.026583e-04,9.999610e-05,1.693170e-04,1.666602e-04,2.540968e-05,2.274218e-05,7.088870e-05,6.822654e-05,1.163677e-04,1.137109e-04
1.773233e+06,2.899869e-06,2.512004e-07,3.396967e-06,7.536012e-07,3.894065e-06,1.256002e-06,3.683774e-05,3.418907e-05,1.052106e-04,1.025672e-04,1.735834e-04,1.709453e-04,2.560500e-05,2.295633e-05,7.151235e-05,6.886899e-05,1.174197e-04,1.147816e-04
1.798537e+06,2.879061e-06,2.490907e-07,3.371977e-06,7.472720e-07,3.864893e-06,1.245453e-06,3.763641e-05,3.500644e-05,1.076440e-04,1.050193e-04,1.776516e-04,1.750322e-04,2.583212e-05,2.320215e-05,7.223116e-05,6.960646e-05,1.186302e-04,1.160108e-04
1.824202e+06,2.858385e-06,2.469810e-07,3.347119e-06,7.409430e-07,3.835853e-06,1.234905e-06,3.817529e-05,3.556389e-05,1.092978e-04,1.066917e-04,1.804204e-04,1.778194e-04,2.595420e-05,2.334280e-05,7.263457e-05,7.002839e-05,1.193149e-04,1.167140e-04
1.850234e+06,2.837839e-06,2.448713e-07,3.322391e-06,7.346138e-07,3.806942e-06,1.224356e-06,3.869639e-05,3.610342e-05,1.108980e-04,1.083103e-04,1.830997e-04,1.805171e-04,2.607001e-05,2.347704e-05,7.301891e-05,7.043113e-05,1.199678e-04,1.173852e-04
1.876637e+06,2.817448e-06,2.427850e-07,3.297863e-06,7.283550e-07,3.778279e-06,1.213925e-06,3.898461e-05,3.640994e-05,1.117993e-04,1.092298e-04,1.846141e-04,1.820497e-04,2.618595e-05,2.361128e-05,7.340336e-05,7.083385e-05,1.206208e-04,1.180564e-04
1.903416e+06,2.797269e-06,2.407823e-07,3.273716e-06,7.223470e-07,3.750163e-06,1.203912e-06,3.925770e-05,3.670121e-05,1.126550e-04,1.101036e-04,1.860523e-04,1.835060e-04,2.629872e-05,2.374223e-05,7.377807e-05,7.122670e-05,1.212574e-04,1.187112e-04
1.930578e+06,2.777219e-06,2.387797e-07,3.249697e-06,7.163392e-07,3.722174e-06,1.193899e-06,3.937137e-05,3.683293e-05,1.130322e-04,1.104988e-04,1.866929e-04,1.841647e-04,2.638892e-05,2.385048e-05,7.408481e-05,7.155145e-05,1.217807e-04,1.192524e-04
1.958127e+06,2.757296e-06,2.367771e-07,3.225805e-06,7.103314e-07,3.694313e-06,1.183886e-06,3.910214e-05,3.658163e-05,1.122603e-04,1.097449e-04,1.854186e-04,1.829081e-04,2.647925e-05,2.395873e-05,7.439165e-05,7.187618e-05,1.223041e-04,1.197936e-04
1.986070e+06,2.737500e-06,2.347745e-07,3.202038e-06,7.043234e-07,3.666577e-06,1.173872e-06,3.808413e-05,3.558141e-05,1.092419e-04,1.067442e-04,1.803997e-04,1.779070e-04,2.656970e-05,2.406698e-05,7.469864e-05,7.220093e-05,1.228276e-04,1.203349e-04
2.014411e+06,2.716971e-06,2.319138e-07,3.175824e-06,6.957413e-07,3.634676e-06,1.159569e-06,3.675320e-05,3.426814e-05,1.052845e-04,1.028044e-04,1.738158e-04,1.713407e-04,2.663363e-05,2.414857e-05,7.492579e-05,7.244571e-05,1.232180e-04,1.207428e-04
2.043157e+06,2.695732e-06,2.282178e-07,3.147227e-06,6.846534e-07,3.598723e-06,1.141089e-06,3.537043e-05,3.290292e-05,1.011713e-04,9.870875e-05,1.669722e-04,1.645146e-04,2.667173e-05,2.420421e-05,7.507522e-05,7.261264e-05,1.234787e-04,1.210211e-04
2.072313e+06,2.674708e-06,2.246140e-07,3.119031e-06,6.738420e-07,3.563354e-06,1.123070e-06,3.396941e-05,3.151931e-05,9.700313e-05,9.455794e-05,1.600369e-04,1.575966e-04,2.668592e-05,2.423582e-05,7.515266e-05,7.270747e-05,1.236194e-04,1.211791e-04
2.101885e+06,2.653844e-06,2.210464e-07,3.091066e-06,6.631392e-07,3.528289e-06,1.105232e-06,3.254990e-05,3.011710e-05,9.277922e-05,9.035129e-05,1.530085e-04,1.505855e-04,2.669576e-05,2.426297e-05,7.521683e-05,7.278890e-05,1.237379e-04,1.213148e-04
2.131879e+06,2.633102e-06,2.174787e-07,3.063223e-06,6.524362e-07,3.493345e-06,1.087394e-06,3.093909e-05,2.852346e-05,8.798118e-05,8.557039e-05,1.450233e-04,1.426173e-04,2.664404e-05,2.422842e-05,7.509604e-05,7.268525e-05,1.235480e-04,1.211421e-04
2.162301e+06,2.612556e-06,2.139863e-07,3.035727e-06,6.419589e-07,3.458898e-06,1.069932e-06,2.944941e-05,2.705084e-05,8.354628e-05,8.115252e-05,1.376432e-04,1.352542e-04,2.659244e-05,2.419387e-05,7.497537e-05,7.258161e-05,1.233583e-04,1.209693e-04
2.193157e+06,2.592262e-06,2.106247e-07,3.008743e-06,6.318742e-07,3.425225e-06,1.053124e-06,2.813938e-05,2.575774e-05,7.965010e-05,7.727323e-05,1.311608e-04,1.287887e-04,2.654096e-05,2.415932e-05,7.485483e-05,7.247796e-05,1.231687e-04,1.207966e-04
2.224453e+06,2.572087e-06,2.072632e-07,2.981879e-06,6.217895e-07,3.391671e-06,1.036316e-06,2.711636e-05,2.475153e-05,7.661469e-05,7.425460e-05,1.261130e-04,1.237577e-04,2.673522e-05,2.437040e-05,7.547128e-05,7.311120e-05,1.242073e-04,1.218520e-04
2.256196e+06,2.552084e-06,2.039545e-07,2.955292e-06,6.118636e-07,3.358500e-06,1.019773e-06,2.621385e-05,2.386572e-05,7.394059e-05,7.159716e-05,1.216673e-04,1.193286e-04,2.699884e-05,2.465071e-05,7.629556e-05,7.395214e-05,1.255923e-04,1.232536e-04
2.288392e+06,2.532272e-06,2.007190e-07,2.929042e-06,6.021570e-07,3.325812e-06,1.003595e-06,2.547563e-05,2.314407e-05,7.175910e-05,6.943222e-05,1.180426e-04,1.157204e-04,2.726258e-05,2.493103e-05,7.711996e-05,7.479308e-05,1.269773e-04,1.246551e-04
2.321048e+06,2.512625e-06,1.975325e-07,2.903055e-06,5.925974e-07,3.293485e-06,9.876623e-07,2.486931e-05,2.255422e-05,6.997311e-05,6.766265e-05,1.150769e-04,1.127711e-04,2.745639e-05,2.514130e-05,7.773436e-05,7.542390e-05,1.280123e-04,1.257065e-04
2.354169e+06,2.493201e-06,1.944514e-07,2.877502e-06,5.833543e-07,3.261803e-06,9.722572e-07,2.435750e-05,2.205875e-05,6.847039e-05,6.617624e-05,1.125833e-04,1.102937e-04,2.760670e-05,2.530795e-05,7.821799e-05,7.592385e-05,1.288293e-04,1.265397e-04
2.387763e+06,2.473909e-06,1.913871e-07,2.852113e-06,5.741614e-07,3.230318e-06,9.569357e-07,2.400895e-05,2.172643e-05,6.745723e-05,6.517928e-05,1.109055e-04,1.086321e-04,2.775348e-05,2.547096e-05,7.869082e-05,7.641287e-05,1.296282e-04,1.273548e-04
2.421836e+06,2.454731e-06,1.883229e-07,2.826839e-06,5.649686e-07,3.198948e-06,9.416143e-07,2.381338e-05,2.154697e-05,6.690278e-05,6.464091e-05,1.099922e-04,1.077349e-04,2.799695e-05,2.573054e-05,7.945350e-05,7.719163e-05,1.309100e-04,1.286527e-04
2.456396e+06,2.435756e-06,1.853478e-07,2.801946e-06,5.560433e-07,3.168136e-06,9.267388e-07,2.377513e-05,2.152472e-05,6.682007e-05,6.457416e-05,1.098650e-04,1.076236e-04,2.829505e-05,2.604464e-05,8.037983e-05,7.813392e-05,1.324646e-04,1.302232e-04
2.491449e+06,2.416976e-06,1.824547e-07,2.777412e-06,5.473640e-07,3.137847e-06,9.122733e-07,2.409081e-05,2.185629e-05,6.779891e-05,6.556886e-05,1.115070e-04,1.092814e-04,2.859326e-05,2.635874e-05,8.130627e-05,7.907622e-05,1.340193e-04,1.317937e-04
2.527002e+06,2.398308e-06,1.795616e-07,2.752989e-06,5.386848e-07,3.107670e-06,8.978079e-07,2.469923e-05,2.248049e-05,6.965576e-05,6.744146e-05,1.146123e-04,1.124024e-04,2.915271e-05,2.693397e-05,8.301620e-05,8.080190e-05,1.368797e-04,1.346698e-04
2.563062e+06,2.379852e-06,1.767684e-07,2.728978e-06,5.303053e-07,3.078104e-06,8.838421e-07,2.542226e-05,2.321917e-05,7.185619e-05,6.965752e-05,1.182901e-04,1.160959e-04,2.985648e-05,2.765340e-05,8.515887e-05,8.296020e-05,1.404613e-04,1.382670e-04
2.599637e+06,2.361513e-06,1.739827e-07,2.705099e-06,5.219482e-07,3.048685e-06,8.699137e-07,2.618288e-05,2.399535e-05,7.416920e-05,7.198605e-05,1.221555e-04,1.199768e-04,3.068874e-05,2.850121e-05,8.768677e-05,8.550362e-05,1.446848e-04,1.425060e-04
2.636734e+06,2.343302e-06,1.712144e-07,2.681382e-06,5.136432e-07,3.019462e-06,8.560720e-07,2.696755e-05,2.479546e-05,7.655411e-05,7.438637e-05,1.261407e-04,1.239773e-04,3.176243e-05,2.959034e-05,9.093876e-05,8.877102e-05,1.501151e-04,1.479517e-04
2.674361e+06,2.325337e-06,1.685835e-07,2.658186e-06,5.057505e-07,2.991035e-06,8.429175e-07,2.775256e-05,2.559581e-05,7.893985e-05,7.678742e-05,1.301271e-04,1.279790e-04,3.299355e-05,3.083680e-05,9.466282e-05,9.251039e-05,1.563321e-04,1.541840e-04
2.712524e+06,2.307489e-06,1.659614e-07,2.635124e-06,4.978842e-07,2.962760e-06,8.298070e-07,2.874581e-05,2.660428e-05,8.195007e-05,7.981283e-05,1.351543e-04,1.330214e-04,3.429160e-05,3.215007e-05,9.858745e-05,9.645021e-05,1.628833e-04,1.607504e-04
2.751232e+06,2.289749e-06,1.633393e-07,2.612170e-06,4.900180e-07,2.934592e-06,8.166967e-07,3.015324e-05,2.802683e-05,8.620264e-05,8.408049e-05,1.422520e-04,1.401341e-04,3.572754e-05,3.360113e-05,1.029255e-04,1.008034e-04,1.701236e-04,1.680057e-04
2.790492e+06,2.272186e-06,1.607884e-07,2.589536e-06,4.823653e-07,2.906886e-06,8.039421e-07,3.110030e-05,2.898890e-05,8.907387e-05,8.696670e-05,1.470474e-04,1.449445e-04,3.716359e-05,3.505219e-05,1.072637e-04,1.051566e-04,1.773639e-04,1.752610e-04
2.830312e+06,2.254761e-06,1.582686e-07,2.567101e-06,4.748057e-07,2.879441e-06,7.913428e-07,3.091345e-05,2.881695e-05,8.854315e-05,8.645086e-05,1.461729e-04,1.440848e-04,3.883820e-05,3.674170e-05,1.123174e-04,1.102251e-04,1.857966e-04,1.837085e-04
2.870701e+06,2.237484e-06,1.557916e-07,2.544899e-06,4.673748e-07,2.852315e-06,7.789581e-07,3.025593e-05,2.817424e-05,8.660023e-05,8.452271e-05,1.429445e-04,1.408712e-04,4.058824e-05,3.850654e-05,1.175972e-04,1.155196e-04,1.946061e-04,1.925327e-04
2.911666e+06,2.220386e-06,1.533900e-07,2.523028e-06,4.601701e-07,2.825670e-06,7.669502e-07,2.951030e-05,2.744331e-05,8.439278e-05,8.232992e-05,1.392753e-04,1.372165e-04,4.231538e-05,4.024839e-05,1.228080e-04,1.207452e-04,2.033007e-04,2.012419e-04
2.953215e+06,2.203412e-06,1.510073e-07,2.501317e-06,4.530220e-07,2.799223e-06,7.550367e-07,2.881864e-05,2.676623e-05,8.234700e-05,8.029870e-05,1.358754e-04,1.338312e-04,4.405107e-05,4.199866e-05,1.280443e-04,1.259960e-04,2.120375e-04,2.099933e-04
2.995358e+06,2.186540e-06,1.486247e-07,2.479709e-06,4.458741e-07,2.772879e-06,7.431235e-07,2.817929e-05,2.614137e-05,8.045796e-05,7.842412e-05,1.327366e-04,1.307069e-04,4.580171e-05,4.376379e-05,1.333252e-04,1.312914e-04,2.208487e-04,2.188190e-04
3.038102e+06,2.167564e-06,1.440361e-07,2.451586e-06,4.321083e-07,2.735607e-06,7.201805e-07,2.770671e-05,2.568318e-05,7.906903e-05,7.704955e-05,1.304313e-04,1.284159e-04,4.768737e-05,4.566385e-05,1.390110e-04,1.369915e-04,2.303347e-04,2.283192e-04
3.081455e+06,2.148428e-06,1.391845e-07,2.422774e-06,4.175535e-07,2.697121e-06,6.959224e-07,2.732437e-05,2.531512e-05,7.795059e-05,7.594537e-05,1.285768e-04,1.265756e-04,4.958971e-05,4.758046e-05,1.447466e-04,1.427414e-04,2.399035e-04,2.379023e-04
3.125428e+06,2.129670e-06,1.346109e-07,2.394897e-06,4.038327e-07,2.660125e-06,6.730545e-07,2.697332e-05,2.497826e-05,7.692585e-05,7.493478e-05,1.268784e-04,1.248913e-04,5.165136e-05,4.965630e-05,1.509600e-04,1.489689e-04,2.502686e-04,2.482815e-04
3.170028e+06,2.111102e-06,1.301275e-07,2.367391e-06,3.903825e-07,2.623680e-06,6.506375e-07,2.668971e-05,2.470873e-05,7.610321e-05,7.412620e-05,1.255167e-04,1.235437e-04,5.383242e-05,5.185144e-05,1.575313e-04,1.555543e-04,2.612303e-04,2.592572e-04
3.215264e+06,2.092829e-06,1.258389e-07,2.340569e-06,3.775167e-07,2.588309e-06,6.291945e-07,2.664051e-05,2.467352e-05,7.598360e-05,7.402055e-05,1.253267e-04,1.233676e-04,5.603457e-05,5.406758e-05,1.641658e-04,1.622027e-04,2.722970e-04,2.703379e-04
3.261146e+06,2.074716e-06,1.216124e-07,2.314031e-06,3.648371e-07,2.553345e-06,6.080618e-07,2.689859e-05,2.494549e-05,7.678565e-05,7.483646e-05,1.266727e-04,1.247274e-04,5.815909e-05,5.620598e-05,1.705671e-04,1.686179e-04,2.829752e-04,2.810299e-04
3.307683e+06,2.056915e-06,1.175994e-07,2.288231e-06,3.527982e-07,2.519548e-06,5.879970e-07,2.719987e-05,2.526056e-05,7.771711e-05,7.578168e-05,1.282343e-04,1.263028e-04,6.026982e-05,5.833050e-05,1.769269e-04,1.749915e-04,2.935841e-04,2.916525e-04
3.354883e+06,2.039310e-06,1.136845e-07,2.262824e-06,3.410534e-07,2.486337e-06,5.684223e-07,2.772079e-05,2.579516e-05,7.930725e-05,7.738548e-05,1.308937e-04,1.289758e-04,6.230991e-05,6.038428e-05,1.830746e-04,1.811529e-04,3.038393e-04,3.019214e-04
3.402758e+06,2.021950e-06,1.099190e-07,2.237960e-06,3.297570e-07,2.453970e-06,5.495951e-07,2.824355e-05,2.633152e-05,8.090276e-05,7.899456e-05,1.335620e-04,1.316576e-04,6.434452e-05,6.243248e-05,1.892057e-04,1.872975e-04,3.140668e-04,3.121624e-04
3.451315e+06,2.004791e-06,1.062576e-07,2.213505e-06,3.187727e-07,2.422219e-06,5.312879e-07,2.879539e-05,2.689685e-05,8.258529e-05,8.069056e-05,1.363752e-04,1.344843e-04,6.628724e-05,6.438870e-05,1.950608e-04,1.931661e-04,3.238345e-04,3.219435e-04
3.500565e+06,1.987847e-06,1.027170e-07,2.189507e-06,3.081509e-07,2.391167e-06,5.135848e-07,2.936619e-05,2.748106e-05,8.432454e-05,8.244318e-05,1.392829e-04,1.374053e-04,6.822905e-05,6.634392e-05,2.009131e-04,1.990318e-04,3.335972e-04,3.317196e-04
3.550519e+06,1.971160e-06,9.933837e-08,2.166090e-06,2.980151e-07,2.361019e-06,4.966918e-07,2.994022e-05,2.806840e-05,8.607328e-05,8.420521e-05,1.422063e-04,1.403420e-04,6.989782e-05,6.802600e-05,2.059461e-04,2.040780e-04,3.419943e-04,3.401300e-04
3.601185e+06,1.954628e-06,9.602036e-08,2.142948e-06,2.880611e-07,2.331268e-06,4.801018e-07,3.051896e-05,2.866036e-05,8.783596e-05,8.598107e-05,1.451530e-04,1.433018e-04,7.155110e-05,6.969249e-05,2.109324e-04,2.090775e-04,3.503136e-04,3.484625e-04
3.652574e+06,1.938338e-06,9.285080e-08,2.120345e-06,2.785524e-07,2.302352e-06,4.642540e-07,3.129197e-05,2.944648e-05,9.018124e-05,8.833945e-05,1.490705e-04,1.472324e-04,7.296910e-05,7.112361e-05,2.152126e-04,2.133708e-04,3.574562e-04,3.556181e-04
3.704696e+06,1.922222e-06,8.976314e-08,2.098079e-06,2.692894e-07,2.273937e-06,4.488157e-07,3.208406e-05,3.025160e-05,9.258359e-05,9.075480e-05,1.530831e-04,1.512580e-04,7.436153e-05,7.252907e-05,2.194160e-04,2.175872e-04,3.644705e-04,3.626453e-04
3.757562e+06,1.906280e-06,8.675724e-08,2.076151e-06,2.602717e-07,2.246023e-06,4.337862e-07,3.306936e-05,3.124983e-05,9.556538e-05,9.374950e-05,1.580614e-04,1.562492e-04,7.547470e-05,7.365517e-05,2.227814e-04,2.209655e-04,3.700881e-04,3.682759e-04
3.811183e+06,1.890586e-06,8.390913e-08,2.054788e-06,2.517274e-07,2.218989e-06,4.195456e-07,3.391101e-05,3.210433e-05,9.811606e-05,9.631300e-05,1.623211e-04,1.605217e-04,7.653884e-05,7.473216e-05,2.259995e-04,2.241965e-04,3.754602e-04,3.736608e-04
3.865568e+06,1.875038e-06,8.111511e-08,2.033677e-06,2.433453e-07,2.192316e-06,4.055756e-07,3.420341e-05,3.240949e-05,9.901881e-05,9.722847e-05,1.638342e-04,1.620475e-04,7.737156e-05,7.557764e-05,2.285232e-04,2.267329e-04,3.796749e-04,3.778882e-04
3.920730e+06,1.859693e-06,7.843397e-08,2.012995e-06,2.353019e-07,2.166296e-06,3.921699e-07,3.450367e-05,3.272241e-05,9.994493e-05,9.816724e-05,1.653862e-04,1.636121e-04,7.815990e-05,7.637864e-05,2.309136e-04,2.291359e-04,3.836673e-04,3.818932e-04
3.976679e+06,1.844501e-06,7.581704e-08,1.992594e-06,2.274511e-07,2.140687e-06,3.790852e-07,3.488905e-05,3.312036e-05,1.011262e-04,9.936109e-05,1.673634e-04,1.656018e-04,7.887391e-05,7.710523e-05,2.330808e-04,2.313157e-04,3.872878e-04,3.855261e-04
4.033426e+06,1.828692e-06,7.249385e-08,1.970163e-06,2.174816e-07,2.111635e-06,3.624693e-07,3.473374e-05,3.297754e-05,1.006853e-04,9.893262e-05,1.666369e-04,1.648877e-04,7.954784e-05,7.779164e-05,2.351276e-04,2.333749e-04,3.907074e-04,3.889582e-04
4.090983e+06,1.812495e-06,6.869483e-08,1.946393e-06,2.060845e-07,2.080292e-06,3.434741e-07,3.414848e-05,3.240468e-05,9.895436e-05,9.721405e-05,1.637602e-04,1.620234e-04,8.005320e-05,7.830940e-05,2.366685e-04,2.349282e-04,3.932838e-04,3.915470e-04
4.149362e+06,1.796620e-06,6.513076e-08,1.923415e-06,1.953923e-07,2.050210e-06,3.256538e-07,3.358083e-05,3.184935e-05,9.727606e-05,9.554804e-05,1.609713e-04,1.592467e-04,8.053439e-05,7.880290e-05,2.381367e-04,2.364087e-04,3.957390e-04,3.940145e-04
4.208573e+06,1.781021e-06,6.175555e-08,1.901091e-06,1.852666e-07,2.021160e-06,3.087777e-07,3.313567e-05,3.141640e-05,9.596503e-05,9.424921e-05,1.587944e-04,1.570820e-04,8.084517e-05,7.912591e-05,2.390935e-04,2.373777e-04,3.973419e-04,3.956295e-04
4.268630e+06,1.765675e-06,5.854607e-08,1.879349e-06,1.756382e-07,1.993023e-06,2.927304e-07,3.339944e-05,3.169231e-05,9.678065e-05,9.507694e-05,1.601619e-04,1.584616e-04,8.116889e-05,7.946176e-05,2.400890e-04,2.383853e-04,3.990091e-04,3.973088e-04
4.329543e+06,1.750592e-06,5.551507e-08,1.858229e-06,1.665452e-07,1.965865e-06,2.775753e-07,3.363073e-05,3.193565e-05,9.749863e-05,9.580695e-05,1.613665e-04,1.596782e-04,8.149200e-05,7.979692e-05,2.410824e-04,2.393908e-04,4.006729e-04,3.989846e-04
4.391326e+06,1.735724e-06,5.261324e-08,1.837581e-06,1.578397e-07,1.939438e-06,2.630662e-07,3.382726e-05,3.214415e-05,9.811220e-05,9.643246e-05,1.623971e-04,1.607208e-04,8.175714e-05,8.007403e-05,2.419018e-04,2.402221e-04,4.020465e-04,4.003701e-04
4.453990e+06,1.721098e-06,4.986932e-08,1.817491e-06,1.496080e-07,1.913884e-06,2.493466e-07,3.374562e-05,3.207439e-05,9.789105e-05,9.622316e-05,1.620365e-04,1.603719e-04,8.197217e-05,8.030094e-05,2.425707e-04,2.409028e-04,4.031693e-04,4.015047e-04
4.517549e+06,1.706740e-06,4.730938e-08,1.798036e-06,1.419281e-07,1.889333e-06,2.365469e-07,3.361904e-05,3.195961e-05,9.753493e-05,9.587882e-05,1.614508e-04,1.597980e-04,8.224739e-05,8.058796e-05,2.434200e-04,2.417639e-04,4.045926e-04,4.029398e-04
4.582014e+06,1.692546e-06,4.483075e-08,1.778909e-06,1.344923e-07,1.865272e-06,2.241538e-07,3.349254e-05,3.184482e-05,9.717888e-05,9.553446e-05,1.608652e-04,1.592241e-04,8.250862e-05,8.086090e-05,2.442271e-04,2.425827e-04,4.059456e-04,4.043045e-04
4.647400e+06,1.678608e-06,4.252413e-08,1.760380e-06,1.275724e-07,1.842153e-06,2.126207e-07,3.328036e-05,3.164428e-05,9.656563e-05,9.493283e-05,1.598509e-04,1.582214e-04,8.275979e-05,8.112370e-05,2.450039e-04,2.433711e-04,4.072480e-04,4.056185e-04
4.713718e+06,1.664834e-06,4.030088e-08,1.742184e-06,1.209026e-07,1.819533e-06,2.015044e-07,3.303549e-05,3.141096e-05,9.585415e-05,9.423287e-05,1.586728e-04,1.570548e-04,8.304077e-05,8.141623e-05,2.458700e-04,2.442487e-04,4.086992e-04,4.070812e-04
4.780983e+06,1.651276e-06,3.821097e-08,1.724469e-06,1.146329e-07,1.797661e-06,1.910549e-07,3.279071e-05,3.117764e-05,9.514277e-05,9.353293e-05,1.574948e-04,1.558882e-04,8.325580e-05,8.164273e-05,2.465380e-04,2.449282e-04,4.098203e-04,4.082137e-04
4.849208e+06,1.637897e-06,3.621941e-08,1.707129e-06,1.086582e-07,1.776361e-06,1.810971e-07,3.254200e-05,3.094032e-05,9.441944e-05,9.282097e-05,1.562969e-04,1.547016e-04,8.356076e-05,8.195908e-05,2.474757e-04,2.458772e-04,4.113907e-04,4.097954e-04
4.918406e+06,1.624716e-06,3.434531e-08,1.690222e-06,1.030359e-07,1.755729e-06,1.717266e-07,3.229183e-05,3.070145e-05,9.369155e-05,9.210436e-05,1.550913e-04,1.535073e-04,8.380301e-05,8.221264e-05,2.482251e-04,2.466379e-04,4.126472e-04,4.110632e-04
4.988592e+06,1.611690e-06,3.254714e-08,1.673623e-06,9.764143e-08,1.735556e-06,1.627357e-07,3.204172e-05,3.046258e-05,9.296373e-05,9.138774e-05,1.538857e-04,1.523129e-04,8.398274e-05,8.240359e-05,2.487868e-04,2.472108e-04,4.135908e-04,4.120180e-04
5.059780e+06,1.598340e-06,3.034462e-08,1.655890e-06,9.103386e-08,1.713440e-06,1.517231e-07,3.183305e-05,3.026505e-05,9.236001e-05,9.079515e-05,1.528870e-04,1.513253e-04,8.414886e-05,8.258086e-05,2.493074e-04,2.477426e-04,4.144660e-04,4.129043e-04
5.131983e+06,1.585116e-06,2.819051e-08,1.638380e-06,8.457153e-08,1.691644e-06,1.409526e-07,3.163977e-05,3.008285e-05,9.180235e-05,9.024854e-05,1.519649e-04,1.504142e-04,8.429300e-05,8.273608e-05,2.497620e-04,2.482082e-04,4.152311e-04,4.136804e-04
5.205216e+06,1.572121e-06,2.618663e-08,1.621399e-06,7.855989e-08,1.670678e-06,1.309331e-07,3.145165e-05,2.990571e-05,9.125998e-05,8.971714e-05,1.510683e-04,1.495286e-04,8.446635e-05,8.292041e-05,2.503041e-04,2.487612e-04,4.161418e-04,4.146021e-04
5.279495e+06,1.559343e-06,2.432217e-08,1.604914e-06,7.296650e-08,1.650485e-06,1.216108e-07,3.120293e-05,2.966791e-05,9.053567e-05,8.900373e-05,1.498684e-04,1.483395e-04,8.461711e-05,8.308209e-05,2.507782e-04,2.492463e-04,4.169393e-04,4.154105e-04
5.354833e+06,1.546786e-06,2.260185e-08,1.588938e-06,6.780556e-08,1.631091e-06,1.130093e-07,3.096792e-05,2.944373e-05,8.985234e-05,8.833120e-05,1.487368e-04,1.472187e-04,8.479547e-05,8.327128e-05,2.513350e-04,2.498138e-04,4.178745e-04,4.163564e-04
5.431247e+06,1.534418e-06,2.099383e-08,1.573376e-06,6.298150e-08,1.612334e-06,1.049692e-07,3.078593e-05,2.927250e-05,8.932790e-05,8.781751e-05,1.478699e-04,1.463625e-04,8.490624e-05,8.339282e-05,2.516888e-04,2.501784e-04,4.184714e-04,4.169641e-04
5.508751e+06,1.522241e-06,1.950112e-08,1.558235e-06,5.850335e-08,1.594229e-06,9.750558e-08,3.069421e-05,2.919147e-05,8.907413e-05,8.757440e-05,1.474541e-04,1.459573e-04,8.503835e-05,8.353561e-05,2.521066e-04,2.506068e-04,4.191748e-04,4.176780e-04
5.587361e+06,1.510252e-06,1.812090e-08,1.543507e-06,5.436270e-08,1.576762e-06,9.060451e-08,3.080358e-05,2.931145e-05,8.942349e-05,8.793434e-05,1.480434e-04,1.465572e-04,8.521441e-05,8.372228e-05,2.526560e-04,2.511668e-04,4.200975e-04,4.186114e-04
5.667093e+06,1.498430e-06,1.683205e-08,1.529128e-06,5.049614e-08,1.559826e-06,8.416023e-08,3.122370e-05,2.974211e-05,9.070495e-05,8.922632e-05,1.501862e-04,1.487105e-04,8.527360e-05,8.379200e-05,2.528546e-04,2.513760e-04,4.204357e-04,4.189600e-04
5.747962e+06,1.486773e-06,1.563475e-08,1.515097e-06,4.690426e-08,1.543422e-06,7.817377e-08,3.175531e-05,3.028417e-05,9.232071e-05,9.085252e-05,1.528861e-04,1.514209e-04,8.526973e-05,8.379860e-05,2.528640e-04,2.513958e-04,4.204582e-04,4.189930e-04
5.829986e+06,1.475279e-06,1.452584e-08,1.501406e-06,4.357752e-08,1.527533e-06,7.262920e-08,3.221707e-05,3.075631e-05,9.372677e-05,9.226894e-05,1.552365e-04,1.537816e-04,8.518505e-05,8.372429e-05,2.526307e-04,2.511729e-04,4.200764e-04,4.186215e-04
5.913180e+06,1.463932e-06,1.349190e-08,1.488012e-06,4.047569e-08,1.512092e-06,6.745948e-08,3.261146e-05,3.116102e-05,9.493061e-05,9.348307e-05,1.572498e-04,1.558051e-04,8.505469e-05,8.360425e-05,2.522603e-04,2.508127e-04,4.194659e-04,4.180212e-04
5.997561e+06,1.452732e-06,1.253127e-08,1.474912e-06,3.759382e-08,1.497091e-06,6.265637e-08,3.298197e-05,3.154177e-05,9.606262e-05,9.462530e-05,1.591433e-04,1.577088e-04,8.491881e-05,8.347861e-05,2.518731e-04,2.504358e-04,4.188275e-04,4.173930e-04
6.083147e+06,1.441484e-06,1.144990e-08,1.461521e-06,3.434970e-08,1.481557e-06,5.724950e-08,3.332413e-05,3.189409e-05,9.710945e-05,9.568228e-05,1.608948e-04,1.594705e-04,8.475525e-05,8.332522e-05,2.514028e-04,2.499757e-04,4.180504e-04,4.166261e-04
6.169953e+06,1.430395e-06,1.045622e-08,1.448464e-06,3.136866e-08,1.466534e-06,5.228111e-08,3.366551e-05,3.224557e-05,9.815382e-05,9.673672e-05,1.626421e-04,1.612279e-04,8.459103e-05,8.317109e-05,2.509304e-04,2.495133e-04,4.172697e-04,4.158554e-04
6.257999e+06,1.419461e-06,9.546584e-09,1.435731e-06,2.863975e-08,1.452002e-06,4.773292e-08,3.379451e-05,3.238460e-05,9.856088e-05,9.715379e-05,1.633272e-04,1.619230e-04,8.437065e-05,8.296073e-05,2.502893e-04,2.488822e-04,4.162079e-04,4.148037e-04
6.347301e+06,1.408682e-06,8.720624e-09,1.423320e-06,2.616187e-08,1.437959e-06,4.360312e-08,3.381301e-05,3.241305e-05,9.863631e-05,9.723915e-05,1.634596e-04,1.620653e-04,8.412436e-05,8.272440e-05,2.495703e-04,2.481732e-04,4.150163e-04,4.136220e-04
6.437877e+06,1.398041e-06,7.963061e-09,1.411184e-06,2.388918e-08,1.424327e-06,3.981531e-08,3.367101e-05,3.228094e-05,9.823010e-05,9.684281e-05,1.627892e-04,1.614047e-04,8.385257e-05,8.246249e-05,2.487748e-04,2.473875e-04,4.136970e-04,4.123125e-04
6.529745e+06,1.387536e-06,7.271594e-09,1.399316e-06,2.181478e-08,1.411096e-06,3.635797e-08,3.338753e-05,3.200727e-05,9.739931e-05,9.602181e-05,1.614111e-04,1.600363e-04,8.353822e-05,8.215796e-05,2.478514e-04,2.464739e-04,4.121645e-04,4.107898e-04
6.622925e+06,1.377161e-06,6.640009e-09,1.387697e-06,1.992003e-08,1.398233e-06,3.320005e-08,3.341188e-05,3.204136e-05,9.749186e-05,9.612408e-05,1.615718e-04,1.602068e-04,8.317116e-05,8.180064e-05,2.467697e-04,2.454019e-04,4.103682e-04,4.090032e-04
6.717434e+06,1.366910e-06,6.064904e-09,1.376316e-06,1.819471e-08,1.385721e-06,3.032452e-08,3.517799e-05,3.381715e-05,1.028096e-04,1.014514e-04,1.704411e-04,1.690857e-04,8.278228e-05,8.142143e-05,2.456224e-04,2.442643e-04,4.084625e-04,4.071071e-04
6.813292e+06,1.356777e-06,5.538841e-09,1.365150e-06,1.661652e-08,1.373522e-06,2.769421e-08,3.628553e-05,3.493429e-05,1.061514e-04,1.048029e-04,1.760173e-04,1.746715e-04,8.238113e-05,8.102989e-05,2.444382e-04,2.430897e-04,4.064953e-04,4.051494e-04
6.910518e+06,1.346758e-06,5.059110e-09,1.354190e-06,1.517733e-08,1.361623e-06,2.529555e-08,3.653957e-05,3.519787e-05,1.069326e-04,1.055936e-04,1.773257e-04,1.759893e-04,8.190254e-05,8.056084e-05,2.430215e-04,2.416825e-04,4.041405e-04,4.028042e-04
7.009131e+06,1.336844e-06,4.616173e-09,1.343409e-06,1.384852e-08,1.349974e-06,2.308086e-08,3.621735e-05,3.488512e-05,1.059849e-04,1.046554e-04,1.757525e-04,1.744256e-04,8.142716e-05,8.009494e-05,2.416144e-04,2.402848e-04,4.018016e-04,4.004747e-04
7.109152e+06,1.327007e-06,4.184725e-09,1.332728e-06,1.255417e-08,1.338450e-06,2.092362e-08,3.615513e-05,3.483231e-05,1.058171e-04,1.044969e-04,1.754791e-04,1.741615e-04,8.094499e-05,7.962216e-05,2.401867e-04,2.388665e-04,3.994284e-04,3.981108e-04
7.210600e+06,1.317274e-06,3.789838e-09,1.322224e-06,1.136951e-08,1.327174e-06,1.894919e-08,3.619322e-05,3.487974e-05,1.059501e-04,1.046392e-04,1.757069e-04,1.743987e-04,8.046215e-05,7.914867e-05,2.387569e-04,2.374460e-04,3.970516e-04,3.957433e-04
7.313495e+06,1.307646e-06,3.434889e-09,1.311905e-06,1.030467e-08,1.316164e-06,1.717444e-08,3.625237e-05,3.494816e-05,1.061461e-04,1.048445e-04,1.760398e-04,1.747408e-04,7.997292e-05,7.866871e-05,2.373077e-04,2.360061e-04,3.946425e-04,3.933435e-04
7.417859e+06,1.298117e-06,3.113239e-09,1.301751e-06,9.339716e-09,1.305385e-06,1.556619e-08,3.632438e-05,3.502938e-05,1.063806e-04,1.050881e-04,1.764367e-04,1.751469e-04,7.946915e-05,7.817414e-05,2.358148e-04,2.345224e-04,3.921605e-04,3.908707e-04
7.523712e+06,1.288684e-06,2.822306e-09,1.291755e-06,8.466917e-09,1.294825e-06,1.411153e-08,3.627557e-05,3.498970e-05,1.062524e-04,1.049691e-04,1.762292e-04,1.749485e-04,7.890045e-05,7.761458e-05,2.341270e-04,2.328438e-04,3.893536e-04,3.880729e-04
7.631076e+06,1.279341e-06,2.556958e-09,1.281899e-06,7.670874e-09,1.284457e-06,1.278479e-08,3.621410e-05,3.493732e-05,1.060862e-04,1.048120e-04,1.759583e-04,1.746866e-04,7.831506e-05,7.703827e-05,2.323890e-04,2.311148e-04,3.864630e-04,3.851914e-04
7.739971e+06,1.270089e-06,2.318535e-09,1.272188e-06,6.955605e-09,1.274287e-06,1.159268e-08,3.609819e-05,3.483042e-05,1.057565e-04,1.044913e-04,1.754148e-04,1.741521e-04,7.767738e-05,7.640961e-05,2.304941e-04,2.292288e-04,3.833107e-04,3.820481e-04
7.850421e+06,1.260923e-06,2.101853e-09,1.262606e-06,6.305558e-09,1.264290e-06,1.050926e-08,3.597719e-05,3.471837e-05,1.054114e-04,1.041551e-04,1.748456e-04,1.735918e-04,7.704239e-05,7.578357e-05,2.286070e-04,2.273507e-04,3.801716e-04,3.789178e-04
7.962447e+06,1.251840e-06,1.905667e-09,1.253149e-06,5.717000e-09,1.254458e-06,9.528334e-09,3.586381e-05,3.461388e-05,1.050891e-04,1.038416e-04,1.743143e-04,1.730694e-04,7.641443e-05,7.516450e-05,2.267409e-04,2.254935e-04,3.770674e-04,3.758225e-04
8.076071e+06,1.242837e-06,1.726859e-09,1.243806e-06,5.180577e-09,1.244775e-06,8.634295e-09,3.584478e-05,3.460367e-05,1.050496e-04,1.038110e-04,1.742545e-04,1.730183e-04,7.576504e-05,7.452393e-05,2.248104e-04,2.235718e-04,3.738558e-04,3.726197e-04
8.191317e+06,1.233914e-06,1.565405e-09,1.234578e-06,4.696215e-09,1.235241e-06,7.827025e-09,3.587267e-05,3.464032e-05,1.051508e-04,1.039210e-04,1.744290e-04,1.732016e-04,7.510539e-05,7.387304e-05,2.228490e-04,2.216191e-04,3.705926e-04,3.693652e-04
8.308207e+06,1.225067e-06,1.418613e-09,1.225455e-06,4.255838e-09,1.225842e-06,7.093063e-09,3.597864e-05,3.475499e-05,1.054862e-04,1.042650e-04,1.749937e-04,1.737750e-04,7.444714e-05,7.322349e-05,2.208917e-04,2.196705e-04,3.673362e-04,3.661174e-04
8.426765e+06,1.216296e-06,1.285904e-09,1.216436e-06,3.857712e-09,1.216575e-06,6.429519e-09,3.612558e-05,3.491057e-05,1.059443e-04,1.047317e-04,1.757630e-04,1.745528e-04,7.378108e-05,7.256607e-05,2.189108e-04,2.176982e-04,3.640405e-04,3.628303e-04
8.547015e+06,1.207599e-06,1.165844e-09,1.207515e-06,3.497533e-09,1.207432e-06,5.829222e-09,3.629001e-05,3.508358e-05,1.064547e-04,1.052507e-04,1.766195e-04,1.754179e-04,7.311781e-05,7.191138e-05,2.169381e-04,2.157341e-04,3.607585e-04,3.595569e-04
8.668982e+06,1.198973e-06,1.057077e-09,1.198689e-06,3.171232e-09,1.198405e-06,5.285386e-09,3.643486e-05,3.523694e-05,1.069063e-04,1.057108e-04,1.773778e-04,1.761847e-04,7.251372e-05,7.131580e-05,2.151429e-04,2.139474e-04,3.577721e-04,3.565790e-04
8.792688e+06,1.190418e-06,9.585384e-10,1.189954e-06,2.875615e-09,1.189490e-06,4.792692e-09,3.655388e-05,3.536442e-05,1.072803e-04,1.060933e-04,1.780068e-04,1.768221e-04,7.191873e-05,7.072927e-05,2.133749e-04,2.121878e-04,3.548310e-04,3.536463e-04
8.918160e+06,1.181932e-06,8.691301e-10,1.181305e-06,2.607390e-09,1.180679e-06,4.345650e-09,3.657820e-05,3.539714e-05,1.073701e-04,1.061914e-04,1.781620e-04,1.769857e-04,7.129586e-05,7.011479e-05,2.115231e-04,2.103444e-04,3.517503e-04,3.505740e-04
9.045422e+06,1.173514e-06,7.895073e-10,1.172745e-06,2.368522e-09,1.171977e-06,3.947536e-09,3.648634e-05,3.531361e-05,1.071112e-04,1.059408e-04,1.777361e-04,1.765681e-04,7.066375e-05,6.949103e-05,2.096435e-04,2.084731e-04,3.486232e-04,3.474551e-04
9.174501e+06,1.165164e-06,7.188065e-10,1.164271e-06,2.156420e-09,1.163377e-06,3.594033e-09,3.631547e-05,3.515103e-05,1.066152e-04,1.054531e-04,1.769149e-04,1.757551e-04,7.001750e-05,6.885305e-05,2.077213e-04,2.065592e-04,3.454250e-04,3.442653e-04
9.305421e+06,1.156880e-06,6.548630e-10,1.155875e-06,1.964589e-09,1.154870e-06,3.274315e-09,3.602967e-05,3.487344e-05,1.057742e-04,1.046203e-04,1.755188e-04,1.743672e-04,6.937269e-05,6.821646e-05,2.058033e-04,2.046494e-04,3.422339e-04,3.410823e-04
9.438210e+06,1.148659e-06,5.962206e-10,1.147553e-06,1.788662e-09,1.146447e-06,2.981103e-09,3.566166e-05,3.451360e-05,1.046866e-04,1.035408e-04,1.737115e-04,1.725680e-04,6.872688e-05,6.757882e-05,2.038822e-04,2.027364e-04,3.390375e-04,3.378941e-04
9.572893e+06,1.140501e-06,5.432154e-10,1.139305e-06,1.629646e-09,1.138110e-06,2.716077e-09,3.528325e-05,3.414329e-05,1.035676e-04,1.024299e-04,1.718519e-04,1.707165e-04,6.809305e-05,6.695309e-05,2.019970e-04,2.008593e-04,3.359009e-04,3.347655e-04
9.709499e+06,1.132405e-06,4.948143e-10,1.131129e-06,1.484443e-09,1.129852e-06,2.474072e-09,3.494881e-05,3.381690e-05,1.025803e-04,1.014507e-04,1.702119e-04,1.690845e-04,6.746325e-05,6.633134e-05,2.001237e-04,1.989940e-04,3.327841e-04,3.316567e-04
9.848054e+06,1.124371e-06,4.508942e-10,1.123022e-06,1.352683e-09,1.121674e-06,2.254471e-09,3.466035e-05,3.353643e-05,1.017309e-04,1.006093e-04,1.688015e-04,1.676821e-04,6.683353e-05,6.570961e-05,1.982505e-04,1.971288e-04,3.296675e-04,3.285480e-04
9.988586e+06,1.116396e-06,4.107627e-10,1.114983e-06,1.232288e-09,1.113571e-06,2.053814e-09,3.449569e-05,3.337971e-05,1.012529e-04,1.001391e-04,1.680101e-04,1.668985e-04,6.619706e-05,6.508108e-05,1.963570e-04,1.952432e-04,3.265169e-04,3.254054e-04
1.013112e+07,1.108484e-06,3.772932e-10,1.107021e-06,1.131880e-09,1.105557e-06,1.886466e-09,3.446048e-05,3.335237e-05,1.011630e-04,1.000571e-04,1.678655e-04,1.667619e-04,6.557775e-05,6.446964e-05,1.945148e-04,1.934089e-04,3.234519e-04,3.223482e-04
1.027569e+07,1.100631e-06,3.468574e-10,1.099122e-06,1.040572e-09,1.097613e-06,1.734287e-09,3.445260e-05,3.335231e-05,1.011550e-04,1.000569e-04,1.678574e-04,1.667616e-04,6.496037e-05,6.386008e-05,1.926783e-04,1.915802e-04,3.203963e-04,3.193004e-04
1.042233e+07,1.092835e-06,3.187707e-10,1.091286e-06,9.563121e-10,1.089736e-06,1.593853e-09,3.445110e-05,3.335859e-05,1.011661e-04,1.000758e-04,1.678811e-04,1.667929e-04,6.434938e-05,6.325686e-05,1.908609e-04,1.897706e-04,3.173725e-04,3.162843e-04
1.057106e+07,1.085097e-06,2.931287e-10,1.083511e-06,8.793862e-10,1.081926e-06,1.465644e-09,3.448020e-05,3.339539e-05,1.012688e-04,1.001862e-04,1.680574e-04,1.669770e-04,6.384788e-05,6.276307e-05,1.893719e-04,1.882892e-04,3.148958e-04,3.138154e-04
1.072191e+07,1.077415e-06,2.695607e-10,1.075798e-06,8.086820e-10,1.074180e-06,1.347803e-09,3.447198e-05,3.339483e-05,1.012595e-04,1.001845e-04,1.680470e-04,1.669742e-04,6.345007e-05,6.237292e-05,1.881938e-04,1.871188e-04,3.129374e-04,3.118646e-04
1.087491e+07,1.069789e-06,2.479505e-10,1.068144e-06,7.438516e-10,1.066499e-06,1.239753e-09,3.445480e-05,3.338526e-05,1.012232e-04,1.001558e-04,1.679916e-04,1.669263e-04,6.311373e-05,6.204419e-05,1.872000e-04,1.861326e-04,3.112862e-04,3.102209e-04
1.103009e+07,1.062219e-06,2.281687e-10,1.060550e-06,6.845061e-10,1.058880e-06,1.140843e-09,3.441368e-05,3.335169e-05,1.011149e-04,1.000551e-04,1.678162e-04,1.667585e-04,6.286456e-05,6.180257e-05,1.864676e-04,1.854077e-04,3.100706e-04,3.090128e-04
1.118749e+07,1.054704e-06,2.099204e-10,1.053013e-06,6.297613e-10,1.051321e-06,1.049602e-09,3.422974e-05,3.317525e-05,1.005781e-04,9.952574e-05,1.669265e-04,1.658762e-04,6.272744e-05,6.167294e-05,1.860712e-04,1.850188e-04,3.094150e-04,3.083647e-04
1.134714e+07,1.047243e-06,1.931656e-10,1.045533e-06,5.794967e-10,1.043823e-06,9.658278e-10,3.405770e-05,3.301065e-05,1.000769e-04,9.903196e-05,1.660961e-04,1.650533e-04,6.260349e-05,6.155644e-05,1.857143e-04,1.846693e-04,3.088251e-04,3.077822e-04
1.150906e+07,1.039836e-06,1.777501e-10,1.038110e-06,5.332502e-10,1.036384e-06,8.887503e-10,3.388357e-05,3.284391e-05,9.956931e-05,9.853174e-05,1.652551e-04,1.642196e-04,6.247991e-05,6.144025e-05,1.853583e-04,1.843207e-04,3.082367e-04,3.072012e-04
1.167330e+07,1.032482e-06,1.636615e-10,1.030743e-06,4.909845e-10,1.029003e-06,8.183075e-10,3.364248e-05,3.261016e-05,9.886074e-05,9.783049e-05,1.640790e-04,1.630508e-04,6.236115e-05,6.132883e-05,1.850167e-04,1.839865e-04,3.076723e-04,3.066441e-04
1.183987e+07,1.025182e-06,1.506485e-10,1.023431e-06,4.519456e-10,1.021680e-06,7.532427e-10,3.349285e-05,3.246782e-05,9.842645e-05,9.740347e-05,1.633600e-04,1.623391e-04,6.217049e-05,6.114546e-05,1.844593e-04,1.834364e-04,3.067482e-04,3.057273e-04
1.200883e+07,1.017933e-06,1.387678e-10,1.016173e-06,4.163033e-10,1.014413e-06,6.938389e-10,3.336742e-05,3.234962e-05,9.806463e-05,9.704887e-05,1.627618e-04,1.617481e-04,6.197546e-05,6.095766e-05,1.838887e-04,1.828730e-04,3.058020e-04,3.047883e-04
1.218020e+07,1.010737e-06,1.277941e-10,1.008969e-06,3.833824e-10,1.007202e-06,6.389706e-10,3.335724e-05,3.234663e-05,9.804849e-05,9.703990e-05,1.627397e-04,1.617332e-04,6.172535e-05,6.071474e-05,1.831528e-04,1.821442e-04,3.045803e-04,3.035737e-04
1.235401e+07,1.003593e-06,1.177406e-10,1.001819e-06,3.532219e-10,1.000046e-06,5.887032e-10,3.348801e-05,3.248453e-05,9.845507e-05,9.745360e-05,1.634221e-04,1.624227e-04,6.145122e-05,6.044775e-05,1.823447e-04,1.813432e-04,3.032382e-04,3.022387e-04
1.253030e+07,9.964993e-07,1.084840e-10,9.947215e-07,3.254521e-10,9.929437e-07,5.424201e-10,3.365136e-05,3.265497e-05,9.895930e-05,9.796490e-05,1.642672e-04,1.632748e-04,6.114746e-05,6.015107e-05,1.814476e-04,1.804532e-04,3.017477e-04,3.007553e-04
1.270911e+07,9.894567e-07,9.999079e-11,9.876760e-07,2.999724e-10,9.858953e-07,4.999539e-10,3.383856e-05,3.284920e-05,9.953498e-05,9.854761e-05,1.652314e-04,1.642460e-04,6.080188e-05,5.981252e-05,1.804250e-04,1.794376e-04,3.000480e-04,2.990626e-04
1.289047e+07,9.824644e-07,9.216436e-11,9.806820e-07,2.764931e-10,9.788997e-07,4.608218e-10,3.394979e-05,3.296742e-05,9.988266e-05,9.890225e-05,1.658155e-04,1.648371e-04,6.045142e-05,5.946904e-05,1.793875e-04,1.784071e-04,2.983237e-04,2.973452e-04
1.307441e+07,9.755224e-07,8.492663e-11,9.737394e-07,2.547799e-10,9.719564e-07,4.246332e-10,3.393937e-05,3.296393e-05,9.986528e-05,9.889180e-05,1.657912e-04,1.648197e-04,6.010078e-05,5.912534e-05,1.783495e-04,1.773760e-04,2.965982e-04,2.956267e-04
1.326099e+07,9.686292e-07,7.825096e-11,9.668467e-07,2.347529e-10,9.650642e-07,3.912548e-10,3.383441e-05,3.286586e-05,9.956420e-05,9.859759e-05,1.652940e-04,1.643293e-04,5.977191e-05,5.880336e-05,1.773767e-04,1.764101e-04,2.949815e-04,2.940168e-04
1.345022e+07,9.617858e-07,7.212389e-11,9.600046e-07,2.163717e-10,9.582235e-07,3.606195e-10,3.369479e-05,3.273308e-05,9.915903e-05,9.819924e-05,1.646233e-04,1.636654e-04,5.944062e-05,5.847891e-05,1.763965e-04,1.754367e-04,2.933524e-04,2.923945e-04
1.364216e+07,9.549906e-07,6.646047e-11,9.532118e-07,1.993814e-10,9.514330e-07,3.323023e-10,3.350408e-05,3.254916e-05,9.860048e-05,9.764747e-05,1.636969e-04,1.627458e-04,5.909708e-05,5.814215e-05,1.753795e-04,1.744265e-04,2.916619e-04,2.907108e-04
1.383683e+07,9.482442e-07,6.123392e-11,9.464684e-07,1.837018e-10,9.446926e-07,3.061696e-10,3.330054e-05,3.235236e-05,9.800335e-05,9.705707e-05,1.627062e-04,1.617618e-04,5.875597e-05,5.780779e-05,1.743696e-04,1.734234e-04,2.899833e-04,2.890389e-04
1.403428e+07,9.415458e-07,5.644799e-11,9.397738e-07,1.693440e-10,9.380018e-07,2.822400e-10,3.312564e-05,3.218416e-05,9.749207e-05,9.655247e-05,1.618585e-04,1.609208e-04,5.840443e-05,5.746294e-05,1.733284e-04,1.723888e-04,2.882524e-04,2.873147e-04
1.423455e+07,9.348948e-07,5.202014e-11,9.331273e-07,1.560604e-10,9.313598e-07,2.601007e-10,3.295723e-05,3.202238e-05,9.700012e-05,9.606715e-05,1.610430e-04,1.601119e-04,5.802699e-05,5.709215e-05,1.722094e-04,1.712765e-04,2.863919e-04,2.854608e-04
1.443768e+07,9.282911e-07,4.794983e-11,9.265287e-07,1.438495e-10,9.247662e-07,2.397492e-10,3.278538e-05,3.185713e-05,9.649778e-05,9.557140e-05,1.602102e-04,1.592857e-04,5.764961e-05,5.672137e-05,1.710905e-04,1.701641e-04,2.845314e-04,2.836068e-04
1.464371e+07,9.217343e-07,4.422910e-11,9.199775e-07,1.326873e-10,9.182208e-07,2.211455e-10,3.260991e-05,3.168822e-05,9.598450e-05,9.506465e-05,1.593591e-04,1.584411e-04,5.724482e-05,5.632313e-05,1.698892e-04,1.689694e-04,2.825336e-04,2.816156e-04
1.485267e+07,9.152243e-07,4.077000e-11,9.134736e-07,1.223100e-10,9.117230e-07,2.038500e-10,3.243010e-05,3.151492e-05,9.545810e-05,9.454475e-05,1.584861e-04,1.575746e-04,5.686212e-05,5.594694e-05,1.687542e-04,1.678408e-04,2.806462e-04,2.797347e-04
1.506462e+07,9.087592e-07,3.655202e-11,9.070131e-07,1.096560e-10,9.052669e-07,1.827601e-10,3.224803e-05,3.133931e-05,9.492482e-05,9.401792e-05,1.576016e-04,1.566965e-04,5.648713e-05,5.557841e-05,1.676421e-04,1.667352e-04,2.787971e-04,2.778920e-04
1.527959e+07,9.023384e-07,3.083213e-11,9.005937e-07,9.249639e-11,8.988489e-07,1.541606e-10,3.206203e-05,3.115972e-05,9.437967e-05,9.347917e-05,1.566973e-04,1.557986e-04,5.612097e-05,5.521867e-05,1.665565e-04,1.656560e-04,2.769920e-04,2.760933e-04
1.549763e+07,8.959638e-07,2.606778e-11,8.942223e-07,7.820334e-11,8.924807e-07,1.303389e-10,3.187893e-05,3.098299e-05,9.384311e-05,9.294897e-05,1.558073e-04,1.549149e-04,5.574512e-05,5.484919e-05,1.654417e-04,1.645476e-04,2.751383e-04,2.742459e-04
1.571878e+07,8.896349e-07,2.208000e-11,8.878981e-07,6.624000e-11,8.861612e-07,1.104000e-10,3.170498e-05,3.081536e-05,9.333392e-05,9.244609e-05,1.549629e-04,1.540768e-04,5.539413e-05,5.450452e-05,1.644014e-04,1.635136e-04,2.734086e-04,2.725226e-04
1.594309e+07,8.833513e-07,1.876340e-11,8.816204e-07,5.629021e-11,8.798895e-07,9.381702e-11,3.151292e-05,3.062959e-05,9.277034e-05,9.188878e-05,1.540278e-04,1.531480e-04,5.502698e-05,5.414365e-05,1.633125e-04,1.624310e-04,2.715980e-04,2.707183e-04
1.617060e+07,8.771125e-07,1.598097e-11,8.753885e-07,4.794292e-11,8.736645e-07,7.990487e-11,3.130720e-05,3.043010e-05,9.216564e-05,9.129030e-05,1.530241e-04,1.521505e-04,5.465614e-05,5.377905e-05,1.622125e-04,1.613371e-04,2.697688e-04,2.688952e-04
1.640135e+07,8.709184e-07,1.365852e-11,8.692022e-07,4.097556e-11,8.674859e-07,6.829260e-11,3.109064e-05,3.021974e-05,9.152838e-05,9.065922e-05,1.519661e-04,1.510987e-04,5.428284e-05,5.341194e-05,1.611050e-04,1.602358e-04,2.679271e-04,2.670597e-04
1.663540e+07,8.647682e-07,1.170461e-11,8.630604e-07,3.511384e-11,8.613525e-07,5.852307e-11,3.087970e-05,3.001495e-05,9.090786e-05,9.004484e-05,1.509360e-04,1.500747e-04,5.390864e-05,5.304389e-05,1.599947e-04,1.591317e-04,2.660807e-04,2.652194e-04
1.687279e+07,8.586617e-07,1.006189e-11,8.569628e-07,3.018566e-11,8.552639e-07,5.030944e-11,3.065667e-05,2.979802e-05,9.025100e-05,8.939407e-05,1.498453e-04,1.489901e-04,5.354130e-05,5.268265e-05,1.589049e-04,1.580479e-04,2.642685e-04,2.634132e-04
1.711356e+07,8.525988e-07,8.677441e-12,8.509092e-07,2.603232e-11,8.492197e-07,4.338721e-11,3.042436e-05,2.957177e-05,8.956620e-05,8.871532e-05,1.487080e-04,1.478589e-04,5.317815e-05,5.232556e-05,1.578276e-04,1.569767e-04,2.624770e-04,2.616278e-04
1.735778e+07,8.465785e-07,7.509669e-12,8.448987e-07,2.252901e-11,8.432188e-07,3.754834e-11,3.019466e-05,2.934809e-05,8.888915e-05,8.804428e-05,1.475836e-04,1.467405e-04,5.284309e-05,5.199652e-05,1.568344e-04,1.559895e-04,2.608258e-04,2.599826e-04
1.760547e+07,8.406012e-07,6.522867e-12,8.389314e-07,1.956860e-11,8.372616e-07,3.261434e-11,2.996148e-05,2.912089e-05,8.820157e-05,8.736266e-05,1.464417e-04,1.456044e-04,5.249738e-05,5.165678e-05,1.558093e-04,1.549703e-04,2.591211e-04,2.582839e-04
1.785670e+07,8.346662e-07,5.685783e-12,8.330066e-07,1.705735e-11,8.313469e-07,2.842892e-11,2.974088e-05,2.890622e-05,8.755164e-05,8.671865e-05,1.453624e-04,1.445311e-04,5.214272e-05,5.130806e-05,1.547572e-04,1.539242e-04,2.573716e-04,2.565403e-04
1.811152e+07,8.287730e-07,4.971094e-12,8.271238e-07,1.491328e-11,8.254745e-07,2.485547e-11,2.951441e-05,2.868564e-05,8.688402e-05,8.605691e-05,1.442536e-04,1.434282e-04,5.178577e-05,5.095700e-05,1.536981e-04,1.528710e-04,2.556105e-04,2.547850e-04
1.836997e+07,8.229218e-07,4.361031e-12,8.212830e-07,1.308309e-11,8.196442e-07,2.180515e-11,2.928523e-05,2.846231e-05,8.620820e-05,8.538693e-05,1.431312e-04,1.423115e-04,5.144295e-05,5.062004e-05,1.526814e-04,1.518601e-04,2.539198e-04,2.531002e-04
1.863211e+07,8.171118e-07,3.840619e-12,8.154836e-07,1.152186e-11,8.138555e-07,1.920309e-11,2.906418e-05,2.824708e-05,8.555670e-05,8.474123e-05,1.420492e-04,1.412354e-04,5.110008e-05,5.028297e-05,1.516644e-04,1.508489e-04,2.522287e-04,2.514149e-04
1.889799e+07,8.113430e-07,3.392248e-12,8.097254e-07,1.017674e-11,8.081079e-07,1.696124e-11,2.884526e-05,2.803392e-05,8.491148e-05,8.410176e-05,1.409777e-04,1.401696e-04,5.075706e-05,4.994572e-05,1.506469e-04,1.498371e-04,2.505367e-04,2.497286e-04
1.916767e+07,8.056148e-07,3.006213e-12,8.040080e-07,9.018638e-12,8.024011e-07,1.503106e-11,2.863500e-05,2.782939e-05,8.429217e-05,8.348817e-05,1.399493e-04,1.391470e-04,5.044220e-05,4.963659e-05,1.497138e-04,1.489098e-04,2.489853e-04,2.481829e-04
1.944119e+07,7.999273e-07,2.673245e-12,7.983311e-07,8.019735e-12,7.967350e-07,1.336623e-11,2.844038e-05,2.764046e-05,8.371970e-05,8.292137e-05,1.389990e-04,1.382023e-04,5.014481e-05,4.934489e-05,1.488330e-04,1.480347e-04,2.475212e-04,2.467244e-04
1.971861e+07,7.942800e-07,2.383713e-12,7.926946e-07,7.151140e-12,7.911092e-07,1.191857e-11,2.827303e-05,2.747875e-05,8.322894e-05,8.243625e-05,1.381848e-04,1.373937e-04,4.980748e-05,4.901320e-05,1.478323e-04,1.470396e-04,2.458571e-04,2.450660e-04
2.000000e+07,7.886703e-07,0.000000e+00,7.870913e-07,0.000000e+00,7.855124e-07,0.000000e+00,7.886703e-07,0.000000e+00,7.870913e-07,0.000000e+00,7.855124e-07,0.000000e+00,7.886703e-07,0.000000e+00,7.870913e-07,0.000000e+00,7.855124e-07,0.000000e+00
