Energy_eV,Li6_barn,Li7_barn,B10_barn,Gd155_barn,Gd157_barn,H1_barn,O16_barn
1.000000e-05,4.720599e+04,2.284000e+00,1.933028e+05,2.464763e+06,9.696225e+06,1.669994e+01,9.556830e-03
1.014270e-05,4.687869e+04,2.268164e+00,1.919625e+05,2.447626e+06,9.628802e+06,1.658415e+01,9.490570e-03
1.028744e-05,4.655140e+04,2.252327e+00,1.906223e+05,2.430490e+06,9.561380e+06,1.646837e+01,9.424309e-03
1.043424e-05,4.622411e+04,2.236491e+00,1.892821e+05,2.413353e+06,9.493957e+06,1.635258e+01,9.358049e-03
1.058314e-05,4.589681e+04,2.220654e+00,1.879419e+05,2.396217e+06,9.426534e+06,1.623680e+01,9.291788e-03
1.073416e-05,4.556952e+04,2.204818e+00,1.866016e+05,2.379080e+06,9.359112e+06,1.612101e+01,9.225528e-03
1.088733e-05,4.524222e+04,2.188981e+00,1.852614e+05,2.362398e+06,9.293478e+06,1.600523e+01,9.159267e-03
1.104270e-05,4.492874e+04,2.173813e+00,1.839777e+05,2.345866e+06,9.228432e+06,1.589433e+01,9.095802e-03
1.120028e-05,4.461705e+04,2.158732e+00,1.827014e+05,2.329333e+06,9.163387e+06,1.578406e+01,9.032702e-03
1.136010e-05,4.430537e+04,2.143651e+00,1.814251e+05,2.312801e+06,9.098342e+06,1.567380e+01,8.969601e-03
1.152221e-05,4.399368e+04,2.128570e+00,1.801488e+05,2.296269e+06,9.033297e+06,1.556353e+01,8.906501e-03
1.168664e-05,4.368200e+04,2.113489e+00,1.788724e+05,2.280210e+06,8.970113e+06,1.545327e+01,8.843401e-03
1.185340e-05,4.337032e+04,2.098408e+00,1.775961e+05,2.264222e+06,8.907211e+06,1.534300e+01,8.780300e-03
1.202255e-05,4.305863e+04,2.083326e+00,1.763198e+05,2.248235e+06,8.844310e+06,1.523274e+01,8.717200e-03
1.219411e-05,4.274987e+04,2.068387e+00,1.750555e+05,2.232248e+06,8.781408e+06,1.512351e+01,8.654692e-03
1.236813e-05,4.245342e+04,2.054043e+00,1.738415e+05,2.216409e+06,8.719091e+06,1.501863e+01,8.594674e-03
1.254462e-05,4.215696e+04,2.039698e+00,1.726276e+05,2.200916e+06,8.658133e+06,1.491376e+01,8.534657e-03
1.272363e-05,4.186050e+04,2.025354e+00,1.714136e+05,2.185422e+06,8.597175e+06,1.480888e+01,8.474639e-03
1.290520e-05,4.156404e+04,2.011010e+00,1.701996e+05,2.169929e+06,8.536218e+06,1.470400e+01,8.414621e-03
1.308935e-05,4.126759e+04,1.996665e+00,1.689857e+05,2.154441e+06,8.475280e+06,1.459913e+01,8.354604e-03
1.327614e-05,4.097113e+04,1.982321e+00,1.677717e+05,2.139398e+06,8.416096e+06,1.449425e+01,8.294586e-03
1.346559e-05,4.068519e+04,1.968486e+00,1.666009e+05,2.124355e+06,8.356912e+06,1.439310e+01,8.236699e-03
1.365775e-05,4.040268e+04,1.954816e+00,1.654440e+05,2.109313e+06,8.297729e+06,1.429315e+01,8.179504e-03
1.385264e-05,4.012017e+04,1.941147e+00,1.642872e+05,2.094270e+06,8.238545e+06,1.419321e+01,8.122309e-03
1.405032e-05,3.983766e+04,1.927477e+00,1.631303e+05,2.079628e+06,8.180935e+06,1.409327e+01,8.065115e-03
1.425082e-05,3.955514e+04,1.913808e+00,1.619735e+05,2.064999e+06,8.123379e+06,1.399332e+01,8.007920e-03
1.445418e-05,3.927263e+04,1.900138e+00,1.608166e+05,2.050370e+06,8.065823e+06,1.389338e+01,7.950725e-03
1.466044e-05,3.899012e+04,1.886469e+00,1.596598e+05,2.035819e+06,8.008576e+06,1.379344e+01,7.893530e-03
1.486964e-05,3.871592e+04,1.873202e+00,1.585370e+05,2.021744e+06,7.953198e+06,1.369644e+01,7.838020e-03
1.508183e-05,3.844761e+04,1.860219e+00,1.574383e+05,2.007669e+06,7.897819e+06,1.360152e+01,7.783701e-03
1.529705e-05,3.817930e+04,1.847237e+00,1.563396e+05,1.993594e+06,7.842441e+06,1.350660e+01,7.729381e-03
1.551534e-05,3.791099e+04,1.834255e+00,1.552409e+05,1.979518e+06,7.787063e+06,1.341168e+01,7.675062e-03
1.573675e-05,3.764268e+04,1.821272e+00,1.541422e+05,1.965443e+06,7.731684e+06,1.331676e+01,7.620743e-03
1.596131e-05,3.737437e+04,1.808290e+00,1.530435e+05,1.951368e+06,7.676306e+06,1.322184e+01,7.566423e-03
1.618908e-05,3.710606e+04,1.795307e+00,1.519448e+05,1.937334e+06,7.621093e+06,1.312692e+01,7.512104e-03
1.642010e-05,3.683998e+04,1.782433e+00,1.508552e+05,1.923917e+06,7.568305e+06,1.303279e+01,7.458236e-03
1.665441e-05,3.658324e+04,1.770011e+00,1.498039e+05,1.910500e+06,7.515517e+06,1.294196e+01,7.406260e-03
1.689207e-05,3.632650e+04,1.757589e+00,1.487526e+05,1.897083e+06,7.462729e+06,1.285113e+01,7.354284e-03
1.713312e-05,3.606977e+04,1.745166e+00,1.477013e+05,1.883666e+06,7.409941e+06,1.276031e+01,7.302307e-03
1.737761e-05,3.581303e+04,1.732744e+00,1.466500e+05,1.870249e+06,7.357153e+06,1.266948e+01,7.250331e-03
1.762559e-05,3.555780e+04,1.720395e+00,1.456049e+05,1.856832e+06,7.304365e+06,1.257919e+01,7.198660e-03
1.787711e-05,3.531095e+04,1.708451e+00,1.445941e+05,1.843777e+06,7.253001e+06,1.249186e+01,7.148685e-03
1.813221e-05,3.506410e+04,1.696507e+00,1.435832e+05,1.830933e+06,7.202471e+06,1.240453e+01,7.098710e-03
1.839096e-05,3.481725e+04,1.684563e+00,1.425724e+05,1.818090e+06,7.151941e+06,1.231720e+01,7.048735e-03
1.865340e-05,3.457039e+04,1.672619e+00,1.415616e+05,1.805247e+06,7.101411e+06,1.222988e+01,6.998760e-03
1.891959e-05,3.432354e+04,1.660675e+00,1.405507e+05,1.792404e+06,7.050881e+06,1.214255e+01,6.948785e-03
1.918957e-05,3.407778e+04,1.648783e+00,1.395443e+05,1.779560e+06,7.000351e+06,1.205560e+01,6.899029e-03
1.946340e-05,3.384131e+04,1.637341e+00,1.385760e+05,1.767089e+06,6.951284e+06,1.197195e+01,6.851156e-03
1.974115e-05,3.360483e+04,1.625900e+00,1.376077e+05,1.754752e+06,6.902744e+06,1.188829e+01,6.803282e-03
2.002285e-05,3.336836e+04,1.614458e+00,1.366394e+05,1.742415e+06,6.854205e+06,1.180464e+01,6.755409e-03
2.030858e-05,3.313189e+04,1.603016e+00,1.356710e+05,1.730077e+06,6.805665e+06,1.172098e+01,6.707536e-03
2.059839e-05,3.289542e+04,1.591575e+00,1.347027e+05,1.717740e+06,6.757125e+06,1.163733e+01,6.659663e-03
2.089233e-05,3.265917e+04,1.580144e+00,1.337353e+05,1.705535e+06,6.709108e+06,1.155375e+01,6.611834e-03
2.119046e-05,3.243240e+04,1.569171e+00,1.328067e+05,1.693649e+06,6.662340e+06,1.147352e+01,6.565923e-03
2.149285e-05,3.220562e+04,1.558199e+00,1.318781e+05,1.681762e+06,6.615573e+06,1.139330e+01,6.520012e-03
2.179955e-05,3.197884e+04,1.547226e+00,1.309495e+05,1.669875e+06,6.568806e+06,1.131307e+01,6.474101e-03
2.211063e-05,3.175206e+04,1.536253e+00,1.300209e+05,1.657988e+06,6.522038e+06,1.123285e+01,6.428190e-03
2.242615e-05,3.152528e+04,1.525281e+00,1.290922e+05,1.646200e+06,6.475659e+06,1.115262e+01,6.382279e-03
2.274617e-05,3.130148e+04,1.514452e+00,1.281758e+05,1.634717e+06,6.430483e+06,1.107345e+01,6.336970e-03
2.307076e-05,3.108497e+04,1.503976e+00,1.272892e+05,1.623235e+06,6.385308e+06,1.099685e+01,6.293138e-03
2.339998e-05,3.086846e+04,1.493500e+00,1.264026e+05,1.611753e+06,6.340132e+06,1.092026e+01,6.249305e-03
2.373390e-05,3.065195e+04,1.483024e+00,1.255160e+05,1.600270e+06,6.294957e+06,1.084366e+01,6.205472e-03
2.407258e-05,3.043544e+04,1.472549e+00,1.246294e+05,1.588982e+06,6.250544e+06,1.076707e+01,6.161640e-03
2.441610e-05,3.021893e+04,1.462073e+00,1.237428e+05,1.577865e+06,6.206807e+06,1.069047e+01,6.117807e-03
2.476452e-05,3.000242e+04,1.451597e+00,1.228562e+05,1.566749e+06,6.163071e+06,1.061388e+01,6.073974e-03
2.511791e-05,2.978591e+04,1.441121e+00,1.219696e+05,1.555633e+06,6.119334e+06,1.053728e+01,6.030142e-03
2.547634e-05,2.957744e+04,1.431034e+00,1.211160e+05,1.544553e+06,6.075744e+06,1.046353e+01,5.987938e-03
2.583989e-05,2.936955e+04,1.420976e+00,1.202647e+05,1.533770e+06,6.033317e+06,1.038999e+01,5.945851e-03
2.620863e-05,2.916166e+04,1.410917e+00,1.194134e+05,1.522986e+06,5.990891e+06,1.031645e+01,5.903765e-03
2.658262e-05,2.895378e+04,1.400859e+00,1.185622e+05,1.512202e+06,5.948465e+06,1.024291e+01,5.861678e-03
2.696196e-05,2.875268e+04,1.391129e+00,1.177387e+05,1.501419e+06,5.906038e+06,1.017176e+01,5.820966e-03
2.734671e-05,2.855291e+04,1.381463e+00,1.169206e+05,1.490926e+06,5.864755e+06,1.010109e+01,5.780523e-03
2.773694e-05,2.835314e+04,1.371797e+00,1.161026e+05,1.480447e+06,5.823527e+06,1.003042e+01,5.740080e-03
2.813275e-05,2.815338e+04,1.362131e+00,1.152846e+05,1.469968e+06,5.782300e+06,9.959748e+00,5.699637e-03
2.853421e-05,2.795361e+04,1.352466e+00,1.144666e+05,1.459499e+06,5.741116e+06,9.889076e+00,5.659194e-03
2.894139e-05,2.775384e+04,1.342800e+00,1.136485e+05,1.449427e+06,5.701488e+06,9.818404e+00,5.618751e-03
2.935438e-05,2.755407e+04,1.333134e+00,1.128305e+05,1.439355e+06,5.661859e+06,9.747732e+00,5.578308e-03
2.977327e-05,2.736101e+04,1.323792e+00,1.120399e+05,1.429282e+06,5.622231e+06,9.679431e+00,5.539222e-03
3.019814e-05,2.717128e+04,1.314612e+00,1.112630e+05,1.419210e+06,5.582603e+06,9.612312e+00,5.500812e-03
3.062907e-05,2.698155e+04,1.305433e+00,1.104861e+05,1.409137e+06,5.542975e+06,9.545193e+00,5.462402e-03
3.106614e-05,2.679183e+04,1.296253e+00,1.097092e+05,1.399065e+06,5.503347e+06,9.478074e+00,5.423992e-03
3.150946e-05,2.660210e+04,1.287073e+00,1.089323e+05,1.388992e+06,5.463718e+06,9.410956e+00,5.385582e-03
3.195910e-05,2.641238e+04,1.277893e+00,1.081554e+05,1.379293e+06,5.425559e+06,9.343837e+00,5.347172e-03
3.241516e-05,2.622265e+04,1.268713e+00,1.073785e+05,1.369703e+06,5.387828e+06,9.276718e+00,5.308762e-03
3.287772e-05,2.603517e+04,1.259642e+00,1.066108e+05,1.360112e+06,5.350097e+06,9.210393e+00,5.270807e-03
3.334689e-05,2.585363e+04,1.250858e+00,1.058674e+05,1.350522e+06,5.312366e+06,9.146170e+00,5.234054e-03
3.382275e-05,2.567208e+04,1.242074e+00,1.051240e+05,1.340931e+06,5.274634e+06,9.081947e+00,5.197301e-03
3.430540e-05,2.549054e+04,1.233291e+00,1.043806e+05,1.331341e+06,5.236903e+06,9.017724e+00,5.160549e-03
3.479494e-05,2.530900e+04,1.224507e+00,1.036373e+05,1.321834e+06,5.199498e+06,8.953501e+00,5.123796e-03
3.529146e-05,2.512909e+04,1.215802e+00,1.029006e+05,1.312662e+06,5.163416e+06,8.889855e+00,5.087374e-03
3.579507e-05,2.495454e+04,1.207357e+00,1.021858e+05,1.303491e+06,5.127333e+06,8.828105e+00,5.052036e-03
3.630587e-05,2.477999e+04,1.198911e+00,1.014710e+05,1.294319e+06,5.091250e+06,8.766354e+00,5.016698e-03
3.682396e-05,2.460544e+04,1.190466e+00,1.007563e+05,1.285148e+06,5.055167e+06,8.704603e+00,4.981360e-03
3.734944e-05,2.443089e+04,1.182020e+00,1.000415e+05,1.275976e+06,5.019085e+06,8.642853e+00,4.946022e-03
3.788241e-05,2.425634e+04,1.173575e+00,9.932674e+04,1.266872e+06,4.983266e+06,8.581102e+00,4.910685e-03
3.842300e-05,2.408315e+04,1.165195e+00,9.861754e+04,1.258069e+06,4.948633e+06,8.519866e+00,4.875622e-03
3.897129e-05,2.391594e+04,1.157105e+00,9.793283e+04,1.249266e+06,4.914000e+06,8.460895e+00,4.841770e-03
3.952741e-05,2.374873e+04,1.149014e+00,9.724813e+04,1.240464e+06,4.879367e+06,8.401924e+00,4.807918e-03
4.009147e-05,2.358152e+04,1.140924e+00,9.656343e+04,1.231661e+06,4.844733e+06,8.342953e+00,4.774067e-03
4.066358e-05,2.341431e+04,1.132834e+00,9.587872e+04,1.222858e+06,4.810100e+06,8.283982e+00,4.740215e-03
4.124385e-05,2.324710e+04,1.124743e+00,9.519402e+04,1.214264e+06,4.776291e+06,8.225011e+00,4.706363e-03
4.183240e-05,2.308060e+04,1.116687e+00,9.451222e+04,1.205788e+06,4.742946e+06,8.166040e+00,4.672655e-03
4.242935e-05,2.292024e+04,1.108928e+00,9.385558e+04,1.197312e+06,4.709601e+06,8.107658e+00,4.640191e-03
4.303482e-05,2.275988e+04,1.101170e+00,9.319895e+04,1.188837e+06,4.676256e+06,8.051316e+00,4.607727e-03
4.364892e-05,2.259953e+04,1.093411e+00,9.254231e+04,1.180361e+06,4.642911e+06,7.994974e+00,4.575263e-03
4.427180e-05,2.243917e+04,1.085652e+00,9.188567e+04,1.172032e+06,4.610143e+06,7.938632e+00,4.542799e-03
4.490356e-05,2.227882e+04,1.077893e+00,9.122903e+04,1.163850e+06,4.577952e+06,7.882290e+00,4.510335e-03
4.554433e-05,2.212115e+04,1.070265e+00,9.058341e+04,1.155667e+06,4.545761e+06,7.825949e+00,4.478416e-03
4.619425e-05,2.196805e+04,1.062857e+00,8.995650e+04,1.147485e+06,4.513571e+06,7.770342e+00,4.447422e-03
4.685344e-05,2.181496e+04,1.055450e+00,8.932959e+04,1.139303e+06,4.481380e+06,7.716308e+00,4.416427e-03
4.752204e-05,2.166186e+04,1.048043e+00,8.870267e+04,1.131309e+06,4.449929e+06,7.662275e+00,4.385433e-03
4.820018e-05,2.150876e+04,1.040635e+00,8.807576e+04,1.123391e+06,4.418781e+06,7.608242e+00,4.354439e-03
4.888800e-05,2.135567e+04,1.033228e+00,8.744885e+04,1.115474e+06,4.387632e+06,7.554209e+00,4.323444e-03
4.958563e-05,2.120257e+04,1.025820e+00,8.682194e+04,1.107556e+06,4.356484e+06,7.500176e+00,4.292450e-03
5.029322e-05,2.104956e+04,1.018417e+00,8.619536e+04,1.099693e+06,4.325548e+06,7.447072e+00,4.261473e-03
5.101091e-05,2.090256e+04,1.011304e+00,8.559342e+04,1.092017e+06,4.295347e+06,7.395291e+00,4.231713e-03
5.173884e-05,2.075556e+04,1.004192e+00,8.499148e+04,1.084340e+06,4.265146e+06,7.343510e+00,4.201953e-03
5.247715e-05,2.060856e+04,9.970796e-01,8.438954e+04,1.076663e+06,4.234945e+06,7.291729e+00,4.172194e-03
5.322600e-05,2.046156e+04,9.899671e-01,8.378760e+04,1.068988e+06,4.204750e+06,7.239948e+00,4.142434e-03
5.398554e-05,2.031983e+04,9.831095e-01,8.320722e+04,1.061532e+06,4.175415e+06,7.188167e+00,4.113740e-03
5.475591e-05,2.017857e+04,9.762749e-01,8.262879e+04,1.054075e+06,4.146079e+06,7.137120e+00,4.085143e-03
5.553728e-05,2.003731e+04,9.694402e-01,8.205036e+04,1.046619e+06,4.116744e+06,7.087809e+00,4.056545e-03
5.632980e-05,1.989605e+04,9.626056e-01,8.147192e+04,1.039168e+06,4.087431e+06,7.038497e+00,4.027947e-03
5.713363e-05,1.975480e+04,9.557710e-01,8.089349e+04,1.031913e+06,4.058891e+06,6.989185e+00,3.999350e-03
5.794892e-05,1.961354e+04,9.489364e-01,8.031506e+04,1.024658e+06,4.030351e+06,6.939873e+00,3.970752e-03
5.877586e-05,1.947228e+04,9.421018e-01,7.973662e+04,1.017404e+06,4.001811e+06,6.890562e+00,3.942155e-03
5.961459e-05,1.933634e+04,9.355242e-01,7.917995e+04,1.010220e+06,3.973549e+06,6.841250e+00,3.914633e-03
6.046529e-05,1.920218e+04,9.290332e-01,7.863059e+04,1.003236e+06,3.946076e+06,6.791938e+00,3.887473e-03
6.132813e-05,1.906802e+04,9.225421e-01,7.808123e+04,9.962531e+05,3.918602e+06,6.744086e+00,3.860313e-03
6.220329e-05,1.893386e+04,9.160511e-01,7.753188e+04,9.892697e+05,3.891129e+06,6.697183e+00,3.833152e-03
6.309093e-05,1.879971e+04,9.095601e-01,7.698252e+04,9.822862e+05,3.863655e+06,6.650281e+00,3.805992e-03
6.399124e-05,1.866555e+04,9.030690e-01,7.643316e+04,9.753028e+05,3.836182e+06,6.603378e+00,3.778832e-03
6.490440e-05,1.853139e+04,8.965780e-01,7.588381e+04,9.683194e+05,3.808708e+06,6.556475e+00,3.751672e-03
6.583058e-05,1.839929e+04,8.901864e-01,7.534287e+04,9.614265e+05,3.781591e+06,6.509572e+00,3.724928e-03
6.676999e-05,1.827092e+04,8.839755e-01,7.481722e+04,9.547659e+05,3.755388e+06,6.463042e+00,3.698940e-03
6.772280e-05,1.814256e+04,8.777645e-01,7.429156e+04,9.481053e+05,3.729185e+06,6.418345e+00,3.672952e-03
6.868920e-05,1.801419e+04,8.715535e-01,7.376591e+04,9.414446e+05,3.702982e+06,6.373648e+00,3.646964e-03
6.966940e-05,1.788582e+04,8.653425e-01,7.324025e+04,9.347840e+05,3.676779e+06,6.328952e+00,3.620976e-03
7.066359e-05,1.775901e+04,8.592068e-01,7.272097e+04,9.281234e+05,3.650576e+06,6.284255e+00,3.595302e-03
7.167196e-05,1.763558e+04,8.532350e-01,7.221555e+04,9.214627e+05,3.624373e+06,6.239558e+00,3.570315e-03
7.269472e-05,1.751215e+04,8.472631e-01,7.171013e+04,9.150640e+05,3.599201e+06,6.194861e+00,3.545327e-03
7.373207e-05,1.738873e+04,8.412913e-01,7.120471e+04,9.086853e+05,3.574107e+06,6.150165e+00,3.520339e-03
7.478423e-05,1.726530e+04,8.353195e-01,7.069929e+04,9.023065e+05,3.549013e+06,6.107714e+00,3.495352e-03
7.585140e-05,1.714187e+04,8.293476e-01,7.019387e+04,8.959278e+05,3.523919e+06,6.065264e+00,3.470364e-03
7.693381e-05,1.701982e+04,8.234426e-01,6.969411e+04,8.895491e+05,3.498825e+06,6.022814e+00,3.445656e-03
7.803165e-05,1.690159e+04,8.177219e-01,6.920995e+04,8.831959e+05,3.473831e+06,5.980364e+00,3.421719e-03
7.914517e-05,1.678336e+04,8.120012e-01,6.872579e+04,8.770660e+05,3.449717e+06,5.937915e+00,3.397782e-03
8.027457e-05,1.666512e+04,8.062806e-01,6.824162e+04,8.709362e+05,3.425603e+06,5.895465e+00,3.373845e-03
8.142009e-05,1.654689e+04,8.005599e-01,6.775746e+04,8.648064e+05,3.401488e+06,5.853015e+00,3.349909e-03
8.258196e-05,1.642865e+04,7.948392e-01,6.727330e+04,8.586766e+05,3.377374e+06,5.811676e+00,3.325972e-03
8.376041e-05,1.631131e+04,7.891617e-01,6.679280e+04,8.525468e+05,3.353260e+06,5.771058e+00,3.302216e-03
8.495567e-05,1.619792e+04,7.836756e-01,6.632849e+04,8.465769e+05,3.329775e+06,5.730439e+00,3.279260e-03
8.616799e-05,1.608453e+04,7.781895e-01,6.586418e+04,8.406690e+05,3.306533e+06,5.689821e+00,3.256305e-03
8.739761e-05,1.597114e+04,7.727033e-01,6.539986e+04,8.347611e+05,3.283292e+06,5.649203e+00,3.233349e-03
8.864477e-05,1.585775e+04,7.672172e-01,6.493555e+04,8.288532e+05,3.260051e+06,5.609470e+00,3.210394e-03
8.990974e-05,1.574436e+04,7.617311e-01,6.447124e+04,8.229452e+05,3.236810e+06,5.570415e+00,3.187439e-03
9.119275e-05,1.563329e+04,7.563570e-01,6.401642e+04,8.171810e+05,3.214134e+06,5.531360e+00,3.164952e-03
9.249407e-05,1.552503e+04,7.511193e-01,6.357313e+04,8.114726e+05,3.191678e+06,5.492306e+00,3.143036e-03
9.381397e-05,1.541678e+04,7.458815e-01,6.312983e+04,8.057643e+05,3.169222e+06,5.453251e+00,3.121120e-03
9.515270e-05,1.530852e+04,7.406438e-01,6.268654e+04,8.000559e+05,3.146766e+06,5.414196e+00,3.099204e-03
9.651053e-05,1.520027e+04,7.354060e-01,6.224325e+04,7.943566e+05,3.124346e+06,5.375992e+00,3.077288e-03
9.788773e-05,1.509202e+04,7.301683e-01,6.179996e+04,7.888288e+05,3.102601e+06,5.338580e+00,3.055372e-03
9.928460e-05,1.498376e+04,7.249305e-01,6.135666e+04,7.833010e+05,3.080856e+06,5.301168e+00,3.033455e-03
1.007014e-04,1.487591e+04,7.197123e-01,6.091502e+04,7.777732e+05,3.059111e+06,5.263756e+00,3.011621e-03
1.021384e-04,1.477197e+04,7.146832e-01,6.048939e+04,7.722454e+05,3.037365e+06,5.226344e+00,2.990578e-03
1.035959e-04,1.466803e+04,7.096541e-01,6.006376e+04,7.668280e+05,3.016055e+06,5.188932e+00,2.969535e-03
1.050742e-04,1.456408e+04,7.046250e-01,5.963813e+04,7.614648e+05,2.994957e+06,5.152188e+00,2.948492e-03
1.065736e-04,1.446014e+04,6.995959e-01,5.921250e+04,7.561016e+05,2.973859e+06,5.116310e+00,2.927448e-03
1.080945e-04,1.436024e+04,6.947625e-01,5.880343e+04,7.507384e+05,2.952762e+06,5.080432e+00,2.907224e-03
1.096370e-04,1.426036e+04,6.899298e-01,5.839441e+04,7.454577e+05,2.931988e+06,5.044554e+00,2.887002e-03
1.112015e-04,1.416047e+04,6.850971e-01,5.798540e+04,7.402451e+05,2.911484e+06,5.008676e+00,2.866781e-03
1.127883e-04,1.406059e+04,6.802643e-01,5.757639e+04,7.350325e+05,2.890979e+06,4.972798e+00,2.846559e-03
1.143978e-04,1.396070e+04,6.754316e-01,5.716737e+04,7.298200e+05,2.870474e+06,4.938060e+00,2.826337e-03
1.160303e-04,1.386082e+04,6.705989e-01,5.675836e+04,7.246977e+05,2.850324e+06,4.903806e+00,2.806116e-03
1.176860e-04,1.376093e+04,6.657662e-01,5.634934e+04,7.196239e+05,2.830366e+06,4.869552e+00,2.785894e-03
1.193654e-04,1.366521e+04,6.611345e-01,5.595735e+04,7.145502e+05,2.810407e+06,4.835298e+00,2.766514e-03
1.210688e-04,1.357034e+04,6.565448e-01,5.556890e+04,7.094764e+05,2.790449e+06,4.801044e+00,2.747309e-03
1.227964e-04,1.347548e+04,6.519551e-01,5.518045e+04,7.045812e+05,2.771193e+06,4.766789e+00,2.728104e-03
1.245487e-04,1.338062e+04,6.473653e-01,5.479200e+04,6.996937e+05,2.751968e+06,4.732535e+00,2.708900e-03
1.263261e-04,1.328576e+04,6.427756e-01,5.440355e+04,6.948062e+05,2.732742e+06,4.698752e+00,2.689695e-03
1.281287e-04,1.319090e+04,6.381858e-01,5.401510e+04,6.899187e+05,2.713517e+06,4.665862e+00,2.670490e-03
1.299571e-04,1.309603e+04,6.335961e-01,5.362664e+04,6.850312e+05,2.694291e+06,4.632973e+00,2.651285e-03
1.318116e-04,1.300295e+04,6.290924e-01,5.324548e+04,6.801437e+05,2.675066e+06,4.600083e+00,2.632440e-03
1.336926e-04,1.291218e+04,6.247008e-01,5.287379e+04,6.752803e+05,2.655935e+06,4.567512e+00,2.614064e-03
1.356004e-04,1.282141e+04,6.203091e-01,5.250210e+04,6.706152e+05,2.637585e+06,4.535907e+00,2.595688e-03
1.375354e-04,1.273064e+04,6.159174e-01,5.213042e+04,6.659502e+05,2.619235e+06,4.504302e+00,2.577312e-03
1.394980e-04,1.263987e+04,6.115258e-01,5.175873e+04,6.612851e+05,2.600885e+06,4.472697e+00,2.558936e-03
1.414887e-04,1.255048e+04,6.072007e-01,5.139268e+04,6.566201e+05,2.582535e+06,4.441092e+00,2.540839e-03
1.435077e-04,1.246320e+04,6.029780e-01,5.103530e+04,6.519550e+05,2.564184e+06,4.409487e+00,2.523170e-03
1.455556e-04,1.237592e+04,5.987554e-01,5.067791e+04,6.472900e+05,2.545834e+06,4.377881e+00,2.505501e-03
1.476327e-04,1.228865e+04,5.945327e-01,5.032053e+04,6.427931e+05,2.528146e+06,4.346402e+00,2.487832e-03
1.497394e-04,1.220137e+04,5.903100e-01,4.996315e+04,6.383228e+05,2.510562e+06,4.316386e+00,2.470163e-03
1.518762e-04,1.211410e+04,5.860874e-01,4.960576e+04,6.338524e+05,2.492978e+06,4.286370e+00,2.452494e-03
1.540434e-04,1.202809e+04,5.819262e-01,4.925358e+04,6.293821e+05,2.475394e+06,4.256354e+00,2.435082e-03
1.562416e-04,1.194449e+04,5.778811e-01,4.891123e+04,6.249118e+05,2.457810e+06,4.226337e+00,2.418156e-03
1.584712e-04,1.186088e+04,5.738361e-01,4.856887e+04,6.204634e+05,2.440313e+06,4.196321e+00,2.401230e-03
1.607326e-04,1.177728e+04,5.697911e-01,4.822652e+04,6.161654e+05,2.423407e+06,4.166305e+00,2.384305e-03
1.630263e-04,1.169367e+04,5.657460e-01,4.788417e+04,6.118673e+05,2.406502e+06,4.136289e+00,2.367379e-03
1.653527e-04,1.161007e+04,5.617010e-01,4.754182e+04,6.075692e+05,2.389596e+06,4.107161e+00,2.350453e-03
1.677122e-04,1.152737e+04,5.576999e-01,4.720318e+04,6.032712e+05,2.372690e+06,4.078440e+00,2.333710e-03
1.701055e-04,1.144719e+04,5.538206e-01,4.687486e+04,5.989731e+05,2.355785e+06,4.049718e+00,2.317479e-03
1.725329e-04,1.136702e+04,5.499414e-01,4.654654e+04,5.948016e+05,2.339377e+06,4.020997e+00,2.301247e-03
1.749950e-04,1.128684e+04,5.460622e-01,4.621823e+04,5.906575e+05,2.323077e+06,3.992275e+00,2.285015e-03
1.774921e-04,1.120666e+04,5.421830e-01,4.588991e+04,5.865133e+05,2.306777e+06,3.964268e+00,2.268783e-03
1.800250e-04,1.112649e+04,5.383038e-01,4.556159e+04,5.823692e+05,2.290477e+06,3.936652e+00,2.252551e-03
1.825939e-04,1.104824e+04,5.345179e-01,4.524118e+04,5.782250e+05,2.274177e+06,3.909037e+00,2.236710e-03
1.851995e-04,1.097169e+04,5.308143e-01,4.492772e+04,5.742040e+05,2.258362e+06,3.881421e+00,2.221213e-03
1.878423e-04,1.089514e+04,5.271107e-01,4.461426e+04,5.701984e+05,2.242607e+06,3.853806e+00,2.205716e-03
1.905229e-04,1.081859e+04,5.234071e-01,4.430081e+04,5.661927e+05,2.226852e+06,3.826190e+00,2.190218e-03
1.932416e-04,1.074204e+04,5.197035e-01,4.398735e+04,5.621871e+05,2.211098e+06,3.799268e+00,2.174721e-03
1.959992e-04,1.066549e+04,5.159999e-01,4.367390e+04,5.582163e+05,2.195480e+06,3.772814e+00,2.159224e-03
1.987961e-04,1.058894e+04,5.122963e-01,4.336044e+04,5.543362e+05,2.180219e+06,3.746360e+00,2.143727e-03
2.016329e-04,1.051293e+04,5.086185e-01,4.304916e+04,5.504562e+05,2.164958e+06,3.719906e+00,2.128338e-03
2.045102e-04,1.043943e+04,5.050624e-01,4.274819e+04,5.465762e+05,2.149698e+06,3.693451e+00,2.113458e-03
2.074286e-04,1.036593e+04,5.015063e-01,4.244722e+04,5.426961e+05,2.134437e+06,3.666997e+00,2.098578e-03
2.103886e-04,1.029243e+04,4.979502e-01,4.214625e+04,5.389247e+05,2.119604e+06,3.641102e+00,2.083698e-03
2.133909e-04,1.021915e+04,4.944049e-01,4.184620e+04,5.351593e+05,2.104794e+06,3.615733e+00,2.068863e-03
2.164360e-04,1.014852e+04,4.909877e-01,4.155698e+04,5.313938e+05,2.089985e+06,3.590363e+00,2.054564e-03
2.195245e-04,1.007790e+04,4.875706e-01,4.126777e+04,5.276283e+05,2.075175e+06,3.564993e+00,2.040266e-03
2.226571e-04,1.000727e+04,4.841534e-01,4.097856e+04,5.239542e+05,2.060725e+06,3.539623e+00,2.025967e-03
2.258345e-04,9.936641e+03,4.807362e-01,4.068934e+04,5.202937e+05,2.046329e+06,3.514253e+00,2.011668e-03
2.290571e-04,9.866013e+03,4.773190e-01,4.040013e+04,5.166333e+05,2.031933e+06,3.489783e+00,1.997370e-03
2.323258e-04,9.795385e+03,4.739019e-01,4.011091e+04,5.129749e+05,2.017545e+06,3.465562e+00,1.983071e-03
2.356411e-04,9.724757e+03,4.704847e-01,3.982170e+04,5.094548e+05,2.003702e+06,3.441340e+00,1.968772e-03
2.390037e-04,9.657355e+03,4.672236e-01,3.954569e+04,5.059347e+05,1.989858e+06,3.417119e+00,1.955127e-03
2.424143e-04,9.590276e+03,4.639782e-01,3.927101e+04,5.024146e+05,1.976014e+06,3.392897e+00,1.941547e-03
2.458735e-04,9.523198e+03,4.607328e-01,3.899633e+04,4.988946e+05,1.962171e+06,3.368676e+00,1.927967e-03
2.493821e-04,9.456120e+03,4.574874e-01,3.872165e+04,4.953745e+05,1.948327e+06,3.344455e+00,1.914387e-03
2.529408e-04,9.389041e+03,4.542420e-01,3.844698e+04,4.918544e+05,1.934483e+06,3.320644e+00,1.900807e-03
2.565503e-04,9.321963e+03,4.509966e-01,3.817230e+04,4.883343e+05,1.920640e+06,3.297388e+00,1.887227e-03
2.602113e-04,9.254885e+03,4.477512e-01,3.789762e+04,4.849617e+05,1.907377e+06,3.274131e+00,1.873647e-03
2.639245e-04,9.189299e+03,4.445780e-01,3.762905e+04,4.816086e+05,1.894190e+06,3.250875e+00,1.860369e-03
2.676907e-04,9.125115e+03,4.414727e-01,3.736623e+04,4.782554e+05,1.881003e+06,3.227918e+00,1.847375e-03
2.715107e-04,9.060931e+03,4.383673e-01,3.710341e+04,4.749023e+05,1.867817e+06,3.205569e+00,1.834381e-03
2.753851e-04,8.996747e+03,4.352619e-01,3.684058e+04,4.715491e+05,1.854630e+06,3.183221e+00,1.821387e-03
2.793149e-04,8.932563e+03,4.321566e-01,3.657776e+04,4.681960e+05,1.841444e+06,3.160873e+00,1.808394e-03
2.833007e-04,8.869553e+03,4.291081e-01,3.631974e+04,4.649020e+05,1.828490e+06,3.138525e+00,1.795637e-03
2.873434e-04,8.807840e+03,4.261222e-01,3.606703e+04,4.616943e+05,1.815876e+06,3.116176e+00,1.783143e-03
2.914438e-04,8.746127e+03,4.231364e-01,3.581433e+04,4.584866e+05,1.803262e+06,3.093828e+00,1.770650e-03
2.956027e-04,8.684413e+03,4.201506e-01,3.556162e+04,4.552788e+05,1.790648e+06,3.071660e+00,1.758156e-03
2.998210e-04,8.622700e+03,4.171648e-01,3.530891e+04,4.520711e+05,1.778034e+06,3.050435e+00,1.745662e-03
3.040994e-04,8.560987e+03,4.141789e-01,3.505620e+04,4.488634e+05,1.765420e+06,3.029210e+00,1.733168e-03
3.084389e-04,8.500382e+03,4.112467e-01,3.480803e+04,4.457166e+05,1.753045e+06,3.007985e+00,1.720898e-03
3.128404e-04,8.441264e+03,4.083865e-01,3.456595e+04,4.426370e+05,1.740936e+06,2.986761e+00,1.708930e-03
3.173046e-04,8.382146e+03,4.055263e-01,3.432387e+04,4.395574e+05,1.728826e+06,2.965536e+00,1.696962e-03
3.218326e-04,8.323029e+03,4.026661e-01,3.408179e+04,4.364778e+05,1.716716e+06,2.944311e+00,1.684993e-03
3.264251e-04,8.263911e+03,3.998058e-01,3.383971e+04,4.333983e+05,1.704607e+06,2.923086e+00,1.673025e-03
3.310832e-04,8.204793e+03,3.969456e-01,3.359763e+04,4.303191e+05,1.692499e+06,2.902564e+00,1.661057e-03
3.358078e-04,8.146513e+03,3.941259e-01,3.335898e+04,4.273535e+05,1.680838e+06,2.882255e+00,1.649258e-03
3.405998e-04,8.089818e+03,3.913829e-01,3.312682e+04,4.243880e+05,1.669177e+06,2.861945e+00,1.637780e-03
3.454601e-04,8.033124e+03,3.886399e-01,3.289466e+04,4.214225e+05,1.657517e+06,2.841636e+00,1.626302e-03
3.503899e-04,7.976430e+03,3.858969e-01,3.266251e+04,4.184569e+05,1.645856e+06,2.821327e+00,1.614824e-03
3.553899e-04,7.919736e+03,3.831539e-01,3.243035e+04,4.154914e+05,1.634196e+06,2.801586e+00,1.603347e-03
3.604614e-04,7.863041e+03,3.804109e-01,3.219819e+04,4.126206e+05,1.622908e+06,2.782059e+00,1.591869e-03
3.656052e-04,7.807919e+03,3.777440e-01,3.197247e+04,4.097575e+05,1.611651e+06,2.762532e+00,1.580709e-03
3.708224e-04,7.753791e+03,3.751252e-01,3.175083e+04,4.068943e+05,1.600393e+06,2.743004e+00,1.569751e-03
3.761140e-04,7.699663e+03,3.725064e-01,3.152918e+04,4.040312e+05,1.589136e+06,2.723477e+00,1.558793e-03
3.814812e-04,7.645535e+03,3.698876e-01,3.130753e+04,4.011855e+05,1.577947e+06,2.703950e+00,1.547835e-03
3.869249e-04,7.591407e+03,3.672688e-01,3.108589e+04,3.984149e+05,1.567054e+06,2.685019e+00,1.536877e-03
3.924463e-04,7.537280e+03,3.646500e-01,3.086424e+04,3.956444e+05,1.556161e+06,2.666371e+00,1.525919e-03
3.980466e-04,7.483152e+03,3.620312e-01,3.064260e+04,3.928738e+05,1.545268e+06,2.647723e+00,1.514961e-03
4.037267e-04,7.429575e+03,3.594390e-01,3.042320e+04,3.901032e+05,1.534375e+06,2.629075e+00,1.504114e-03
4.094879e-04,7.377603e+03,3.569245e-01,3.021039e+04,3.873959e+05,1.523731e+06,2.610426e+00,1.493592e-03
4.153313e-04,7.325631e+03,3.544101e-01,2.999757e+04,3.847096e+05,1.513170e+06,2.591778e+00,1.483071e-03
4.212581e-04,7.273660e+03,3.518956e-01,2.978475e+04,3.820233e+05,1.502609e+06,2.573130e+00,1.472549e-03
4.272694e-04,7.222010e+03,3.493967e-01,2.957325e+04,3.793370e+05,1.492048e+06,2.555078e+00,1.462093e-03
4.333666e-04,7.172068e+03,3.469804e-01,2.936875e+04,3.766949e+05,1.481661e+06,2.537261e+00,1.451982e-03
4.395507e-04,7.122126e+03,3.445641e-01,2.916424e+04,3.740857e+05,1.471403e+06,2.519444e+00,1.441871e-03
4.458231e-04,7.072184e+03,3.421478e-01,2.895973e+04,3.714765e+05,1.461145e+06,2.501627e+00,1.431760e-03
4.521850e-04,7.022242e+03,3.397316e-01,2.875523e+04,3.688673e+05,1.450888e+06,2.483810e+00,1.421650e-03
4.586377e-04,6.972299e+03,3.373153e-01,2.855072e+04,3.663231e+05,1.440886e+06,2.465993e+00,1.411539e-03
4.651825e-04,6.922357e+03,3.348990e-01,2.834622e+04,3.638167e+05,1.431033e+06,2.448769e+00,1.401428e-03
4.718207e-04,6.872415e+03,3.324827e-01,2.814171e+04,3.613103e+05,1.421181e+06,2.431682e+00,1.391317e-03
4.785536e-04,6.824958e+03,3.301867e-01,2.794738e+04,3.588040e+05,1.411328e+06,2.414595e+00,1.381710e-03
4.853825e-04,6.777526e+03,3.278919e-01,2.775315e+04,3.562976e+05,1.401476e+06,2.397508e+00,1.372107e-03
4.923090e-04,6.730095e+03,3.255970e-01,2.755892e+04,3.537912e+05,1.391623e+06,2.380422e+00,1.362505e-03
4.993342e-04,6.682663e+03,3.233022e-01,2.736469e+04,3.512849e+05,1.381771e+06,2.363335e+00,1.352902e-03
5.064597e-04,6.635231e+03,3.210074e-01,2.717046e+04,3.488213e+05,1.372087e+06,2.346893e+00,1.343300e-03
5.136869e-04,6.587800e+03,3.187126e-01,2.697624e+04,3.464370e+05,1.362715e+06,2.330519e+00,1.333697e-03
5.210173e-04,6.540368e+03,3.164177e-01,2.678201e+04,3.440527e+05,1.353343e+06,2.314144e+00,1.324095e-03
5.284522e-04,6.494158e+03,3.141820e-01,2.659278e+04,3.416683e+05,1.343971e+06,2.297770e+00,1.314739e-03
5.359932e-04,6.448773e+03,3.119862e-01,2.640694e+04,3.392840e+05,1.334599e+06,2.281395e+00,1.305551e-03
5.436419e-04,6.403388e+03,3.097904e-01,2.622109e+04,3.368996e+05,1.325227e+06,2.265020e+00,1.296363e-03
5.513996e-04,6.358003e+03,3.075946e-01,2.603525e+04,3.345153e+05,1.315855e+06,2.249263e+00,1.287175e-03
5.592681e-04,6.312618e+03,3.053989e-01,2.584940e+04,3.322107e+05,1.306797e+06,2.233670e+00,1.277986e-03
5.672489e-04,6.268205e+03,3.032501e-01,2.566754e+04,3.299324e+05,1.297843e+06,2.218076e+00,1.268995e-03
5.753436e-04,6.224567e+03,3.011388e-01,2.548884e+04,3.276541e+05,1.288888e+06,2.202482e+00,1.260160e-03
5.835537e-04,6.180929e+03,2.990275e-01,2.531015e+04,3.253758e+05,1.279934e+06,2.186888e+00,1.251326e-03
5.918811e-04,6.137291e+03,2.969163e-01,2.513146e+04,3.230975e+05,1.270980e+06,2.171295e+00,1.242491e-03
6.003272e-04,6.093653e+03,2.948050e-01,2.495276e+04,3.208192e+05,1.262026e+06,2.155701e+00,1.233657e-03
6.088939e-04,6.050014e+03,2.926937e-01,2.477407e+04,3.186078e+05,1.253335e+06,2.140183e+00,1.224822e-03
6.175828e-04,6.007308e+03,2.906276e-01,2.459920e+04,3.164227e+05,1.244748e+06,2.125351e+00,1.216176e-03
6.263958e-04,5.965506e+03,2.886051e-01,2.442802e+04,3.142377e+05,1.236161e+06,2.110519e+00,1.207714e-03
6.353344e-04,5.923703e+03,2.865826e-01,2.425685e+04,3.120527e+05,1.227574e+06,2.095687e+00,1.199251e-03
6.444007e-04,5.881901e+03,2.845602e-01,2.408567e+04,3.098676e+05,1.218987e+06,2.080855e+00,1.190788e-03
6.535963e-04,5.840098e+03,2.825377e-01,2.391450e+04,3.076957e+05,1.210452e+06,2.066023e+00,1.182325e-03
6.629231e-04,5.798296e+03,2.805153e-01,2.374332e+04,3.055936e+05,1.202191e+06,2.051191e+00,1.173862e-03
6.723831e-04,5.757223e+03,2.785281e-01,2.357513e+04,3.034914e+05,1.193931e+06,2.036821e+00,1.165547e-03
6.819780e-04,5.717134e+03,2.765886e-01,2.341097e+04,3.013893e+05,1.185670e+06,2.022686e+00,1.157431e-03
6.917098e-04,5.677046e+03,2.746491e-01,2.324681e+04,2.992871e+05,1.177410e+06,2.008552e+00,1.149315e-03
7.015805e-04,5.636957e+03,2.727095e-01,2.308265e+04,2.971854e+05,1.169151e+06,1.994418e+00,1.141199e-03
7.115921e-04,5.596868e+03,2.707700e-01,2.291849e+04,2.951576e+05,1.161183e+06,1.980284e+00,1.133083e-03
7.217466e-04,5.556779e+03,2.688305e-01,2.275433e+04,2.931297e+05,1.153216e+06,1.966149e+00,1.124968e-03
7.320459e-04,5.517948e+03,2.669518e-01,2.259532e+04,2.911019e+05,1.145248e+06,1.952015e+00,1.117106e-03
7.424922e-04,5.479674e+03,2.651000e-01,2.243859e+04,2.890741e+05,1.137281e+06,1.938231e+00,1.109358e-03
7.530876e-04,5.441400e+03,2.632483e-01,2.228187e+04,2.870599e+05,1.129367e+06,1.924807e+00,1.101609e-03
7.638342e-04,5.403125e+03,2.613965e-01,2.212514e+04,2.850992e+05,1.121664e+06,1.911383e+00,1.093860e-03
7.747341e-04,5.364851e+03,2.595448e-01,2.196841e+04,2.831385e+05,1.113961e+06,1.897960e+00,1.086112e-03
7.857896e-04,5.326577e+03,2.576931e-01,2.181168e+04,2.811777e+05,1.106258e+06,1.884536e+00,1.078363e-03
7.970028e-04,5.288303e+03,2.558413e-01,2.165495e+04,2.792170e+05,1.098555e+06,1.871112e+00,1.070615e-03
8.083761e-04,5.250541e+03,2.540144e-01,2.150032e+04,2.772995e+05,1.091022e+06,1.857688e+00,1.062970e-03
8.199116e-04,5.213791e+03,2.522364e-01,2.134984e+04,2.753998e+05,1.083559e+06,1.844322e+00,1.055530e-03
8.316118e-04,5.177042e+03,2.504584e-01,2.119935e+04,2.735002e+05,1.076097e+06,1.831477e+00,1.048090e-03
8.434789e-04,5.140292e+03,2.486804e-01,2.104887e+04,2.716005e+05,1.068635e+06,1.818633e+00,1.040650e-03
8.555154e-04,5.103886e+03,2.469191e-01,2.089979e+04,2.697277e+05,1.061278e+06,1.805788e+00,1.033280e-03
8.677236e-04,5.068572e+03,2.452105e-01,2.075518e+04,2.678838e+05,1.054035e+06,1.792943e+00,1.026130e-03
8.801061e-04,5.033257e+03,2.435020e-01,2.061057e+04,2.660399e+05,1.046793e+06,1.780128e+00,1.018981e-03
8.926652e-04,4.997943e+03,2.417934e-01,2.046597e+04,2.641961e+05,1.039550e+06,1.767778e+00,1.011831e-03
9.054035e-04,4.962628e+03,2.400849e-01,2.032136e+04,2.623775e+05,1.032452e+06,1.755428e+00,1.004682e-03
9.183237e-04,4.927314e+03,2.383764e-01,2.017675e+04,2.605849e+05,1.025503e+06,1.743078e+00,9.975325e-04
9.314282e-04,4.891999e+03,2.366678e-01,2.003214e+04,2.587924e+05,1.018553e+06,1.730727e+00,9.903830e-04
9.447197e-04,4.856810e+03,2.349653e-01,1.988805e+04,2.569998e+05,1.011604e+06,1.718377e+00,9.832590e-04
9.582009e-04,4.823271e+03,2.333427e-01,1.975071e+04,2.552413e+05,1.004655e+06,1.706033e+00,9.764690e-04
9.718744e-04,4.789732e+03,2.317200e-01,1.961337e+04,2.534961e+05,9.977053e+05,1.694202e+00,9.696789e-04
9.857431e-04,4.756192e+03,2.300973e-01,1.947603e+04,2.517509e+05,9.907559e+05,1.682372e+00,9.628889e-04
9.998097e-04,4.722653e+03,2.284747e-01,1.933869e+04,2.500143e+05,9.838536e+05,1.670541e+00,9.560988e-04
1.014077e-03,4.689114e+03,2.268520e-01,1.920135e+04,2.483330e+05,9.772520e+05,1.658710e+00,9.493088e-04
1.028548e-03,4.655574e+03,2.252293e-01,1.906401e+04,2.466517e+05,9.706504e+05,1.646879e+00,9.425188e-04
1.043225e-03,4.622035e+03,2.236066e-01,1.892667e+04,2.449704e+05,9.640487e+05,1.635049e+00,9.357287e-04
1.058112e-03,4.589476e+03,2.220314e-01,1.879335e+04,2.432891e+05,9.574471e+05,1.623668e+00,9.291373e-04
1.073211e-03,4.557384e+03,2.204788e-01,1.866193e+04,2.416078e+05,9.508454e+05,1.612323e+00,9.226402e-04
1.088526e-03,4.525292e+03,2.189262e-01,1.853052e+04,2.399265e+05,9.442438e+05,1.600977e+00,9.161432e-04
1.104059e-03,4.493199e+03,2.173735e-01,1.839910e+04,2.382815e+05,9.377850e+05,1.589631e+00,9.096462e-04
1.119814e-03,4.461107e+03,2.158209e-01,1.826769e+04,2.366767e+05,9.314853e+05,1.578285e+00,9.031491e-04
1.135794e-03,4.429802e+03,2.143064e-01,1.813950e+04,2.350719e+05,9.251856e+05,1.567040e+00,8.968114e-04
1.152002e-03,4.398945e+03,2.128135e-01,1.801314e+04,2.334671e+05,9.188859e+05,1.556208e+00,8.905645e-04
1.168441e-03,4.368088e+03,2.113206e-01,1.788679e+04,2.318624e+05,9.125862e+05,1.545376e+00,8.843175e-04
1.185115e-03,4.337232e+03,2.098278e-01,1.776043e+04,2.302576e+05,9.062866e+05,1.534544e+00,8.780706e-04
1.202026e-03,4.306375e+03,2.083349e-01,1.763408e+04,2.286788e+05,9.000894e+05,1.523712e+00,8.718236e-04
1.219179e-03,4.275518e+03,2.068421e-01,1.750772e+04,2.271414e+05,8.940553e+05,1.512880e+00,8.655767e-04
1.236577e-03,4.245425e+03,2.053861e-01,1.738449e+04,2.256040e+05,8.880212e+05,1.502048e+00,8.594844e-04
1.254223e-03,4.215866e+03,2.039561e-01,1.726346e+04,2.240665e+05,8.819871e+05,1.491216e+00,8.535002e-04
1.272121e-03,4.186307e+03,2.025260e-01,1.714242e+04,2.225291e+05,8.759529e+05,1.480746e+00,8.475160e-04
1.290274e-03,4.156749e+03,2.010959e-01,1.702138e+04,2.209917e+05,8.699188e+05,1.470345e+00,8.415318e-04
1.308686e-03,4.127190e+03,1.996658e-01,1.690034e+04,2.195010e+05,8.640694e+05,1.459944e+00,8.355477e-04
1.327361e-03,4.097631e+03,1.982357e-01,1.677930e+04,2.180234e+05,8.582713e+05,1.449543e+00,8.295635e-04
1.346303e-03,4.068686e+03,1.968353e-01,1.666077e+04,2.165457e+05,8.524732e+05,1.439444e+00,8.237036e-04
1.365515e-03,4.040339e+03,1.954639e-01,1.654470e+04,2.150681e+05,8.466751e+05,1.429450e+00,8.179648e-04
1.385001e-03,4.011992e+03,1.940925e-01,1.642862e+04,2.135905e+05,8.408770e+05,1.419455e+00,8.122259e-04
1.404765e-03,3.983645e+03,1.927210e-01,1.631254e+04,2.121445e+05,8.352039e+05,1.409461e+00,8.064870e-04
1.424811e-03,3.955298e+03,1.913496e-01,1.619646e+04,2.107204e+05,8.296173e+05,1.399466e+00,8.007482e-04
1.445143e-03,3.926951e+03,1.899781e-01,1.608038e+04,2.092964e+05,8.240307e+05,1.389472e+00,7.950093e-04
1.465765e-03,3.899597e+03,1.886547e-01,1.596837e+04,2.078723e+05,8.184442e+05,1.379477e+00,7.894715e-04
1.486681e-03,3.872533e+03,1.873454e-01,1.585755e+04,2.064483e+05,8.128576e+05,1.369771e+00,7.839924e-04
1.507896e-03,3.845469e+03,1.860360e-01,1.574672e+04,2.050608e+05,8.074154e+05,1.360279e+00,7.785134e-04
1.529414e-03,3.818405e+03,1.847267e-01,1.563590e+04,2.036852e+05,8.020200e+05,1.350787e+00,7.730343e-04
1.551239e-03,3.791341e+03,1.834173e-01,1.552508e+04,2.023095e+05,7.966245e+05,1.341294e+00,7.675552e-04
1.573375e-03,3.764277e+03,1.821080e-01,1.541426e+04,2.009339e+05,7.912290e+05,1.331802e+00,7.620761e-04
1.595827e-03,3.737213e+03,1.807986e-01,1.530344e+04,1.995684e+05,7.858736e+05,1.322310e+00,7.565970e-04
1.618600e-03,3.710599e+03,1.795110e-01,1.519445e+04,1.982367e+05,7.806520e+05,1.312818e+00,7.512089e-04
1.641697e-03,3.684613e+03,1.782538e-01,1.508804e+04,1.969051e+05,7.754304e+05,1.303400e+00,7.459481e-04
1.665124e-03,3.658626e+03,1.769966e-01,1.498163e+04,1.955735e+05,7.702088e+05,1.294318e+00,7.406872e-04
1.688886e-03,3.632640e+03,1.757394e-01,1.487522e+04,1.942418e+05,7.649872e+05,1.285235e+00,7.354264e-04
1.712986e-03,3.606980e+03,1.744979e-01,1.477014e+04,1.929495e+05,7.599211e+05,1.276153e+00,7.302314e-04
1.737430e-03,3.582009e+03,1.732898e-01,1.466788e+04,1.916581e+05,7.548584e+05,1.267070e+00,7.251760e-04
1.762224e-03,3.557038e+03,1.720817e-01,1.456563e+04,1.903667e+05,7.497958e+05,1.258037e+00,7.201206e-04
1.787371e-03,3.532067e+03,1.708736e-01,1.446338e+04,1.890753e+05,7.447332e+05,1.249304e+00,7.150652e-04
1.812876e-03,3.507095e+03,1.696655e-01,1.436113e+04,1.878358e+05,7.398755e+05,1.240571e+00,7.100099e-04
1.838746e-03,3.482124e+03,1.684574e-01,1.425887e+04,1.865980e+05,7.350248e+05,1.231838e+00,7.049545e-04
1.864985e-03,3.457153e+03,1.672493e-01,1.415662e+04,1.853602e+05,7.301741e+05,1.223105e+00,6.998991e-04
1.891599e-03,3.432372e+03,1.660503e-01,1.405514e+04,1.841224e+05,7.253234e+05,1.214372e+00,6.948822e-04
1.918592e-03,3.408657e+03,1.649030e-01,1.395803e+04,1.828846e+05,7.204727e+05,1.205673e+00,6.900809e-04
1.945970e-03,3.384941e+03,1.637556e-01,1.386092e+04,1.816468e+05,7.156220e+05,1.197307e+00,6.852796e-04
1.973739e-03,3.361225e+03,1.626083e-01,1.376380e+04,1.804090e+05,7.107713e+05,1.188941e+00,6.804784e-04
2.001904e-03,3.337509e+03,1.614609e-01,1.366669e+04,1.792074e+05,7.060640e+05,1.180576e+00,6.756771e-04
2.030472e-03,3.313793e+03,1.603135e-01,1.356958e+04,1.780332e+05,7.014648e+05,1.172210e+00,6.708758e-04
2.059447e-03,3.290077e+03,1.591662e-01,1.347246e+04,1.768590e+05,6.968655e+05,1.163845e+00,6.660745e-04
2.088835e-03,3.266361e+03,1.580188e-01,1.337535e+04,1.756848e+05,6.922663e+05,1.155483e+00,6.612732e-04
2.118643e-03,3.243421e+03,1.569090e-01,1.328142e+04,1.745106e+05,6.876670e+05,1.147460e+00,6.566291e-04
2.148876e-03,3.220729e+03,1.558111e-01,1.318849e+04,1.733364e+05,6.830678e+05,1.139437e+00,6.520350e-04
2.179540e-03,3.198036e+03,1.547132e-01,1.309557e+04,1.721621e+05,6.784685e+05,1.131414e+00,6.474408e-04
2.210642e-03,3.175343e+03,1.536153e-01,1.300264e+04,1.710363e+05,6.740608e+05,1.123392e+00,6.428467e-04
2.242188e-03,3.152650e+03,1.525174e-01,1.290972e+04,1.699173e+05,6.696801e+05,1.115369e+00,6.382526e-04
2.274184e-03,3.130585e+03,1.514499e-01,1.281936e+04,1.687983e+05,6.652994e+05,1.107447e+00,6.337854e-04
2.306637e-03,3.108766e+03,1.503943e-01,1.273002e+04,1.676793e+05,6.609188e+05,1.099788e+00,6.293682e-04
2.339553e-03,3.086947e+03,1.493387e-01,1.264067e+04,1.665602e+05,6.565381e+05,1.092128e+00,6.249510e-04
2.372938e-03,3.065128e+03,1.482831e-01,1.255132e+04,1.654412e+05,6.521574e+05,1.084469e+00,6.205337e-04
2.406800e-03,3.043309e+03,1.472275e-01,1.246197e+04,1.643592e+05,6.479233e+05,1.076809e+00,6.161165e-04
2.441145e-03,3.021490e+03,1.461719e-01,1.237262e+04,1.632888e+05,6.437349e+05,1.069150e+00,6.116992e-04
2.475980e-03,3.000285e+03,1.451460e-01,1.228579e+04,1.622183e+05,6.395465e+05,1.061490e+00,6.074063e-04
2.511313e-03,2.979384e+03,1.441348e-01,1.220021e+04,1.611478e+05,6.353581e+05,1.053831e+00,6.031748e-04
2.547149e-03,2.958482e+03,1.431237e-01,1.211462e+04,1.600773e+05,6.311697e+05,1.046452e+00,5.989434e-04
2.583497e-03,2.937581e+03,1.421125e-01,1.202903e+04,1.590127e+05,6.270045e+05,1.039098e+00,5.947119e-04
2.620364e-03,2.916680e+03,1.411013e-01,1.194344e+04,1.579854e+05,6.229871e+05,1.031743e+00,5.904804e-04
2.657756e-03,2.895779e+03,1.400901e-01,1.185786e+04,1.569580e+05,6.189697e+05,1.024389e+00,5.862490e-04
2.695683e-03,2.875380e+03,1.391032e-01,1.177433e+04,1.559306e+05,6.149523e+05,1.017271e+00,5.821194e-04
2.734150e-03,2.855336e+03,1.381335e-01,1.169225e+04,1.549033e+05,6.109349e+05,1.010204e+00,5.780614e-04
2.773166e-03,2.835291e+03,1.371637e-01,1.161017e+04,1.538759e+05,6.069175e+05,1.003137e+00,5.740034e-04
2.812740e-03,2.815247e+03,1.361940e-01,1.152809e+04,1.528844e+05,6.030420e+05,9.960696e-01,5.699454e-04
2.852878e-03,2.795202e+03,1.352243e-01,1.144601e+04,1.518957e+05,5.991781e+05,9.890024e-01,5.658874e-04
2.893588e-03,2.775157e+03,1.342545e-01,1.136393e+04,1.509070e+05,5.953141e+05,9.819352e-01,5.618294e-04
2.934880e-03,2.755888e+03,1.333223e-01,1.128503e+04,1.499183e+05,5.914501e+05,9.748680e-01,5.579284e-04
2.976761e-03,2.736751e+03,1.323964e-01,1.120666e+04,1.489322e+05,5.875962e+05,9.680334e-01,5.540541e-04
3.019239e-03,2.717614e+03,1.314706e-01,1.112830e+04,1.479784e+05,5.838709e+05,9.613214e-01,5.501798e-04
3.062324e-03,2.698477e+03,1.305447e-01,1.104994e+04,1.470246e+05,5.801456e+05,9.546095e-01,5.463055e-04
3.106023e-03,2.679340e+03,1.296189e-01,1.097157e+04,1.460708e+05,5.764203e+05,9.478976e-01,5.424312e-04
3.150346e-03,2.660203e+03,1.286930e-01,1.089321e+04,1.451170e+05,5.726950e+05,9.411857e-01,5.385569e-04
3.195302e-03,2.641066e+03,1.277672e-01,1.081485e+04,1.441801e+05,5.690370e+05,9.344738e-01,5.346826e-04
3.240899e-03,2.622308e+03,1.268597e-01,1.073803e+04,1.432581e+05,5.654379e+05,9.277619e-01,5.308851e-04
3.287146e-03,2.603934e+03,1.259708e-01,1.066279e+04,1.423361e+05,5.618387e+05,9.211257e-01,5.271651e-04
3.334054e-03,2.585559e+03,1.250818e-01,1.058755e+04,1.414140e+05,5.582396e+05,9.147033e-01,5.234452e-04
3.381631e-03,2.567184e+03,1.241929e-01,1.051230e+04,1.404998e+05,5.546715e+05,9.082810e-01,5.197252e-04
3.429887e-03,2.549097e+03,1.233178e-01,1.043824e+04,1.396068e+05,5.511879e+05,9.018587e-01,5.160634e-04
3.478832e-03,2.531440e+03,1.224636e-01,1.036593e+04,1.387137e+05,5.477043e+05,8.954363e-01,5.124887e-04
3.528475e-03,2.513782e+03,1.216093e-01,1.029363e+04,1.378207e+05,5.442207e+05,8.890686e-01,5.089140e-04
3.578826e-03,2.496125e+03,1.207551e-01,1.022132e+04,1.369372e+05,5.407749e+05,8.828935e-01,5.053393e-04
3.629896e-03,2.478468e+03,1.199008e-01,1.014902e+04,1.360828e+05,5.374454e+05,8.767184e-01,5.017646e-04
3.681695e-03,2.460811e+03,1.190466e-01,1.007672e+04,1.352285e+05,5.341159e+05,8.705434e-01,4.981899e-04
3.734233e-03,2.443153e+03,1.181924e-01,1.000441e+04,1.343741e+05,5.307863e+05,8.643683e-01,4.946152e-04
3.787520e-03,2.425702e+03,1.173481e-01,9.932953e+03,1.335197e+05,5.274568e+05,8.581932e-01,4.910822e-04
3.841568e-03,2.408932e+03,1.165368e-01,9.864283e+03,1.326654e+05,5.241273e+05,8.520660e-01,4.876872e-04
3.896388e-03,2.392163e+03,1.157255e-01,9.795614e+03,1.318110e+05,5.207978e+05,8.461689e-01,4.842922e-04
3.951989e-03,2.375393e+03,1.149141e-01,9.726944e+03,1.309566e+05,5.174682e+05,8.402718e-01,4.808972e-04
4.008384e-03,2.358623e+03,1.141028e-01,9.658274e+03,1.301402e+05,5.142904e+05,8.343747e-01,4.775022e-04
4.065584e-03,2.341853e+03,1.132915e-01,9.589604e+03,1.293317e+05,5.111438e+05,8.284776e-01,4.741071e-04
4.123600e-03,2.325084e+03,1.124802e-01,9.520935e+03,1.285231e+05,5.079973e+05,8.225804e-01,4.707121e-04
4.182444e-03,2.308314e+03,1.116689e-01,9.452265e+03,1.277145e+05,5.048507e+05,8.166833e-01,4.673171e-04
4.242127e-03,2.292151e+03,1.108870e-01,9.386082e+03,1.269060e+05,5.017041e+05,8.108416e-01,4.640451e-04
4.302663e-03,2.276105e+03,1.101107e-01,9.320375e+03,1.260974e+05,4.985575e+05,8.052074e-01,4.607965e-04
4.364062e-03,2.260059e+03,1.093344e-01,9.254668e+03,1.252936e+05,4.954298e+05,7.995732e-01,4.575480e-04
4.426337e-03,2.244013e+03,1.085581e-01,9.188961e+03,1.245247e+05,4.924423e+05,7.939390e-01,4.542995e-04
4.489501e-03,2.227967e+03,1.077818e-01,9.123254e+03,1.237559e+05,4.894549e+05,7.883048e-01,4.510510e-04
4.553566e-03,2.212414e+03,1.070294e-01,9.059567e+03,1.229871e+05,4.864674e+05,7.826706e-01,4.479023e-04
4.618546e-03,2.196986e+03,1.062830e-01,8.996390e+03,1.222182e+05,4.834799e+05,7.771068e-01,4.447788e-04
4.684452e-03,2.181558e+03,1.055366e-01,8.933212e+03,1.214494e+05,4.804924e+05,7.717035e-01,4.416553e-04
4.751300e-03,2.166129e+03,1.047902e-01,8.870035e+03,1.206806e+05,4.775049e+05,7.663001e-01,4.385319e-04
4.819101e-03,2.150701e+03,1.040438e-01,8.806857e+03,1.199463e+05,4.746562e+05,7.608968e-01,4.354084e-04
4.887870e-03,2.135273e+03,1.032974e-01,8.743680e+03,1.192124e+05,4.718087e+05,7.554935e-01,4.322849e-04
4.957620e-03,2.120331e+03,1.025745e-01,8.682495e+03,1.184784e+05,4.689612e+05,7.500902e-01,4.292599e-04
5.028365e-03,2.105551e+03,1.018595e-01,8.621975e+03,1.177445e+05,4.661137e+05,7.447768e-01,4.262678e-04
5.100120e-03,2.090772e+03,1.011445e-01,8.561455e+03,1.170105e+05,4.632662e+05,7.395986e-01,4.232757e-04
5.172899e-03,2.075992e+03,1.004294e-01,8.500934e+03,1.162875e+05,4.604627e+05,7.344205e-01,4.202836e-04
5.246716e-03,2.061213e+03,9.971442e-02,8.440414e+03,1.155845e+05,4.577397e+05,7.292424e-01,4.172915e-04
5.321587e-03,2.046433e+03,9.899940e-02,8.379894e+03,1.148814e+05,4.550166e+05,7.240643e-01,4.142994e-04
5.397526e-03,2.032058e+03,9.830396e-02,8.321031e+03,1.141784e+05,4.522936e+05,7.188862e-01,4.113893e-04
5.474549e-03,2.017885e+03,9.761826e-02,8.262992e+03,1.134754e+05,4.495705e+05,7.137783e-01,4.085198e-04
5.552671e-03,2.003711e+03,9.693256e-02,8.204953e+03,1.127760e+05,4.468624e+05,7.088471e-01,4.056504e-04
5.631908e-03,1.989538e+03,9.624685e-02,8.146914e+03,1.121006e+05,4.442509e+05,7.039159e-01,4.027810e-04
5.712275e-03,1.975364e+03,9.556115e-02,8.088875e+03,1.114252e+05,4.416394e+05,6.989848e-01,3.999115e-04
5.793790e-03,1.961191e+03,9.487545e-02,8.030836e+03,1.107498e+05,4.390280e+05,6.940536e-01,3.970421e-04
5.876467e-03,1.947617e+03,9.421878e-02,7.975254e+03,1.100744e+05,4.364165e+05,6.891224e-01,3.942942e-04
5.960324e-03,1.934085e+03,9.356412e-02,7.919842e+03,1.094057e+05,4.338325e+05,6.841913e-01,3.915546e-04
6.045378e-03,1.920553e+03,9.290946e-02,7.864430e+03,1.087552e+05,4.313218e+05,6.792601e-01,3.888151e-04
6.131646e-03,1.907021e+03,9.225480e-02,7.809018e+03,1.081046e+05,4.288110e+05,6.744717e-01,3.860755e-04
6.219145e-03,1.893489e+03,9.160014e-02,7.753606e+03,1.074540e+05,4.263003e+05,6.697814e-01,3.833360e-04
6.307892e-03,1.879957e+03,9.094548e-02,7.698194e+03,1.068035e+05,4.237895e+05,6.650911e-01,3.805964e-04
6.397906e-03,1.866425e+03,9.029082e-02,7.642782e+03,1.061692e+05,4.213451e+05,6.604008e-01,3.778569e-04
6.489204e-03,1.853205e+03,8.965124e-02,7.588646e+03,1.055412e+05,4.189258e+05,6.557105e-01,3.751804e-04
6.581805e-03,1.840212e+03,8.902266e-02,7.535442e+03,1.049131e+05,4.165065e+05,6.510202e-01,3.725500e-04
6.675728e-03,1.827219e+03,8.839408e-02,7.482237e+03,1.042851e+05,4.140873e+05,6.463642e-01,3.699196e-04
6.770991e-03,1.814226e+03,8.776550e-02,7.429033e+03,1.036663e+05,4.117058e+05,6.418945e-01,3.672892e-04
6.867613e-03,1.801477e+03,8.714874e-02,7.376829e+03,1.030587e+05,4.093700e+05,6.374248e-01,3.647082e-04
6.965614e-03,1.788992e+03,8.654471e-02,7.325702e+03,1.024510e+05,4.070343e+05,6.329552e-01,3.621805e-04
7.065014e-03,1.776506e+03,8.594068e-02,7.274575e+03,1.018434e+05,4.046985e+05,6.284855e-01,3.596528e-04
7.165832e-03,1.764020e+03,8.533664e-02,7.223448e+03,1.012473e+05,4.024098e+05,6.240158e-01,3.571251e-04
7.268088e-03,1.751535e+03,8.473261e-02,7.172321e+03,1.006667e+05,4.001849e+05,6.195461e-01,3.545974e-04
7.371804e-03,1.739049e+03,8.412858e-02,7.121194e+03,1.000861e+05,3.979600e+05,6.150765e-01,3.520698e-04
7.477000e-03,1.726563e+03,8.352454e-02,7.070067e+03,9.950553e+04,3.957351e+05,6.108285e-01,3.495421e-04
7.583697e-03,1.714274e+03,8.293001e-02,7.019744e+03,9.892494e+04,3.935102e+05,6.065835e-01,3.470541e-04
7.691916e-03,1.702416e+03,8.235634e-02,6.971188e+03,9.834436e+04,3.912853e+05,6.023385e-01,3.446535e-04
7.801680e-03,1.690558e+03,8.178267e-02,6.922631e+03,9.776377e+04,3.890604e+05,5.980935e-01,3.422528e-04
7.913010e-03,1.678700e+03,8.120900e-02,6.874074e+03,9.718319e+04,3.868355e+05,5.938485e-01,3.398522e-04
8.025929e-03,1.666842e+03,8.063533e-02,6.825517e+03,9.663416e+04,3.847410e+05,5.896035e-01,3.374515e-04
8.140459e-03,1.654985e+03,8.006166e-02,6.776960e+03,9.608517e+04,3.826467e+05,5.853585e-01,3.350509e-04
8.256624e-03,1.643127e+03,7.948800e-02,6.728404e+03,9.553617e+04,3.805523e+05,5.812222e-01,3.326503e-04
8.374446e-03,1.631269e+03,7.891433e-02,6.679847e+03,9.498718e+04,3.784580e+05,5.771604e-01,3.302496e-04
8.493950e-03,1.619882e+03,7.836343e-02,6.633217e+03,9.443818e+04,3.763637e+05,5.730985e-01,3.279442e-04
8.615159e-03,1.608535e+03,7.781451e-02,6.586755e+03,9.388919e+04,3.742693e+05,5.690367e-01,3.256472e-04
8.738097e-03,1.597189e+03,7.726559e-02,6.540293e+03,9.334773e+04,3.722064e+05,5.649749e-01,3.233501e-04
8.862790e-03,1.585843e+03,7.671667e-02,6.493831e+03,9.282559e+04,3.702242e+05,5.609995e-01,3.210530e-04
8.989262e-03,1.574497e+03,7.616776e-02,6.447369e+03,9.230345e+04,3.682419e+05,5.570940e-01,3.187560e-04
9.117539e-03,1.563534e+03,7.563742e-02,6.402480e+03,9.178132e+04,3.662597e+05,5.531886e-01,3.165367e-04
9.247647e-03,1.552625e+03,7.510964e-02,6.357807e+03,9.125918e+04,3.642775e+05,5.492831e-01,3.143280e-04
9.379611e-03,1.541715e+03,7.458186e-02,6.313134e+03,9.073704e+04,3.622952e+05,5.453776e-01,3.121194e-04
9.513459e-03,1.530805e+03,7.405408e-02,6.268460e+03,9.021827e+04,3.603272e+05,5.414722e-01,3.099108e-04
9.649216e-03,1.519896e+03,7.352630e-02,6.223787e+03,8.971911e+04,3.584419e+05,5.376495e-01,3.077022e-04
9.786910e-03,1.508986e+03,7.299852e-02,6.179114e+03,8.921995e+04,3.565566e+05,5.339083e-01,3.054936e-04
9.926570e-03,1.498458e+03,7.248917e-02,6.136001e+03,8.872078e+04,3.546713e+05,5.301671e-01,3.033621e-04
1.006822e-02,1.488007e+03,7.198358e-02,6.093207e+03,8.822162e+04,3.527860e+05,5.264259e-01,3.012463e-04
1.021190e-02,1.477556e+03,7.147799e-02,6.050413e+03,8.772246e+04,3.509007e+05,5.226846e-01,2.991306e-04
1.035762e-02,1.467106e+03,7.097241e-02,6.007618e+03,8.723323e+04,3.490578e+05,5.189434e-01,2.970149e-04
1.050542e-02,1.456655e+03,7.046682e-02,5.964824e+03,8.675382e+04,3.472568e+05,5.152670e-01,2.948991e-04
1.065534e-02,1.446205e+03,6.996124e-02,5.922030e+03,8.627440e+04,3.454558e+05,5.116792e-01,2.927834e-04
1.080739e-02,1.436075e+03,6.947117e-02,5.880549e+03,8.579499e+04,3.436548e+05,5.080913e-01,2.907326e-04
1.096161e-02,1.426052e+03,6.898631e-02,5.839509e+03,8.531557e+04,3.418538e+05,5.045035e-01,2.887036e-04
1.111803e-02,1.416030e+03,6.850146e-02,5.798469e+03,8.484086e+04,3.400733e+05,5.009156e-01,2.866746e-04
1.127669e-02,1.406008e+03,6.801661e-02,5.757430e+03,8.437840e+04,3.383457e+05,4.973278e-01,2.846456e-04
1.143761e-02,1.395986e+03,6.753175e-02,5.716390e+03,8.391594e+04,3.366182e+05,4.938520e-01,2.826166e-04
1.160082e-02,1.385970e+03,6.704725e-02,5.675379e+03,8.345348e+04,3.348906e+05,4.904266e-01,2.805890e-04
1.176636e-02,1.376402e+03,6.658434e-02,5.636197e+03,8.299102e+04,3.331631e+05,4.870011e-01,2.786519e-04
1.193427e-02,1.366833e+03,6.612144e-02,5.597016e+03,8.253457e+04,3.314620e+05,4.835757e-01,2.767148e-04
1.210457e-02,1.357265e+03,6.565853e-02,5.557834e+03,8.208667e+04,3.297985e+05,4.801503e-01,2.747776e-04
1.227731e-02,1.347696e+03,6.519563e-02,5.518652e+03,8.163877e+04,3.281349e+05,4.767249e-01,2.728405e-04
1.245250e-02,1.338128e+03,6.473272e-02,5.479470e+03,8.119087e+04,3.264714e+05,4.732994e-01,2.709034e-04
1.263020e-02,1.328559e+03,6.426982e-02,5.440288e+03,8.074298e+04,3.248079e+05,4.699194e-01,2.689662e-04
1.281043e-02,1.318991e+03,6.380691e-02,5.401106e+03,8.031021e+04,3.232125e+05,4.666304e-01,2.670291e-04
1.299324e-02,1.309673e+03,6.335615e-02,5.362951e+03,7.987988e+04,3.216281e+05,4.633414e-01,2.651428e-04
1.317865e-02,1.300486e+03,6.291168e-02,5.325330e+03,7.944954e+04,3.200437e+05,4.600523e-01,2.632828e-04
1.336671e-02,1.291298e+03,6.246721e-02,5.287708e+03,7.901921e+04,3.184593e+05,4.567937e-01,2.614227e-04
1.355746e-02,1.282111e+03,6.202274e-02,5.250086e+03,7.858887e+04,3.168749e+05,4.536331e-01,2.595627e-04
1.375092e-02,1.273125e+03,6.158803e-02,5.213291e+03,7.815854e+04,3.152904e+05,4.504726e-01,2.577436e-04
1.394715e-02,1.264297e+03,6.116092e-02,5.177139e+03,7.772821e+04,3.137060e+05,4.473121e-01,2.559562e-04
1.414617e-02,1.255468e+03,6.073381e-02,5.140987e+03,7.729787e+04,3.121216e+05,4.441515e-01,2.541689e-04
1.434804e-02,1.246639e+03,6.030671e-02,5.104835e+03,7.687744e+04,3.105835e+05,4.409910e-01,2.523815e-04
1.455279e-02,1.237811e+03,5.987960e-02,5.068683e+03,7.646493e+04,3.090824e+05,4.378305e-01,2.505942e-04
1.476046e-02,1.228982e+03,5.945249e-02,5.032531e+03,7.605243e+04,3.075814e+05,4.346806e-01,2.488068e-04
1.497109e-02,1.220154e+03,5.902538e-02,4.996379e+03,7.563992e+04,3.060803e+05,4.316789e-01,2.470195e-04
1.518473e-02,1.211500e+03,5.860672e-02,4.960942e+03,7.522742e+04,3.045793e+05,4.286773e-01,2.452675e-04
1.540141e-02,1.203115e+03,5.820108e-02,4.926606e+03,7.481491e+04,3.030783e+05,4.256756e-01,2.435700e-04
1.562119e-02,1.194730e+03,5.779544e-02,4.892271e+03,7.440241e+04,3.015772e+05,4.226739e-01,2.418724e-04
1.584411e-02,1.186345e+03,5.738980e-02,4.857936e+03,7.399137e+04,3.000835e+05,4.196722e-01,2.401749e-04
1.607020e-02,1.177960e+03,5.698416e-02,4.823601e+03,7.359072e+04,2.986418e+05,4.166706e-01,2.384774e-04
1.629952e-02,1.169575e+03,5.657852e-02,4.789266e+03,7.319006e+04,2.972000e+05,4.136689e-01,2.367799e-04
1.653212e-02,1.161191e+03,5.617288e-02,4.754931e+03,7.278941e+04,2.957582e+05,4.107546e-01,2.350824e-04
1.676803e-02,1.152806e+03,5.576725e-02,4.720597e+03,7.238876e+04,2.943164e+05,4.078824e-01,2.333849e-04
1.700731e-02,1.144783e+03,5.537912e-02,4.687744e+03,7.198810e+04,2.928746e+05,4.050103e-01,2.317606e-04
1.725001e-02,1.136760e+03,5.499098e-02,4.654891e+03,7.158745e+04,2.914328e+05,4.021382e-01,2.301364e-04
1.749617e-02,1.128737e+03,5.460285e-02,4.622037e+03,7.118952e+04,2.900064e+05,3.992660e-01,2.285121e-04
1.774584e-02,1.120713e+03,5.421472e-02,4.589184e+03,7.079564e+04,2.886029e+05,3.964639e-01,2.268879e-04
1.799907e-02,1.112690e+03,5.382658e-02,4.556331e+03,7.040177e+04,2.871994e+05,3.937023e-01,2.252636e-04
1.825592e-02,1.104964e+03,5.345279e-02,4.524691e+03,7.000789e+04,2.857959e+05,3.909407e-01,2.236994e-04
1.851643e-02,1.097250e+03,5.307960e-02,4.493103e+03,6.961402e+04,2.843925e+05,3.881791e-01,2.221376e-04
1.878066e-02,1.089536e+03,5.270640e-02,4.461514e+03,6.922015e+04,2.829890e+05,3.854176e-01,2.205759e-04
1.904866e-02,1.081821e+03,5.233321e-02,4.429925e+03,6.882691e+04,2.815907e+05,3.826560e-01,2.190141e-04
1.932048e-02,1.074107e+03,5.196002e-02,4.398336e+03,6.843544e+04,2.802070e+05,3.799682e-01,2.174524e-04
1.959619e-02,1.066393e+03,5.158683e-02,4.366747e+03,6.804397e+04,2.788232e+05,3.773329e-01,2.158907e-04
1.987583e-02,1.058990e+03,5.122870e-02,4.336434e+03,6.765250e+04,2.774395e+05,3.746976e-01,2.143920e-04
2.015946e-02,1.051618e+03,5.087205e-02,4.306245e+03,6.726103e+04,2.760557e+05,3.720623e-01,2.128995e-04
2.044713e-02,1.044245e+03,5.051539e-02,4.276057e+03,6.686957e+04,2.746720e+05,3.694269e-01,2.114069e-04
2.073891e-02,1.036873e+03,5.015874e-02,4.245868e+03,6.647723e+04,2.732901e+05,3.667916e-01,2.099144e-04
2.103486e-02,1.029500e+03,4.980209e-02,4.215679e+03,6.608437e+04,2.719094e+05,3.641563e-01,2.084219e-04
2.133503e-02,1.022128e+03,4.944543e-02,4.185490e+03,6.569151e+04,2.705286e+05,3.615714e-01,2.069294e-04
2.163948e-02,1.014805e+03,4.909118e-02,4.155505e+03,6.529864e+04,2.691479e+05,3.590583e-01,2.054469e-04
2.194827e-02,1.007749e+03,4.874981e-02,4.126609e+03,6.490578e+04,2.677671e+05,3.565451e-01,2.040183e-04
2.226147e-02,1.000692e+03,4.840843e-02,4.097714e+03,6.450966e+04,2.663768e+05,3.540320e-01,2.025897e-04
2.257915e-02,9.936357e+02,4.806705e-02,4.068818e+03,6.410844e+04,2.649715e+05,3.515188e-01,2.011611e-04
2.290135e-02,9.865792e+02,4.772567e-02,4.039922e+03,6.370723e+04,2.635661e+05,3.490057e-01,1.997325e-04
2.322815e-02,9.795227e+02,4.738430e-02,4.011026e+03,6.330602e+04,2.621608e+05,3.465082e-01,1.983039e-04
2.355962e-02,9.725828e+02,4.704856e-02,3.982608e+03,6.290481e+04,2.607554e+05,3.440770e-01,1.968989e-04
2.389582e-02,9.657332e+02,4.671720e-02,3.954560e+03,6.250360e+04,2.593501e+05,3.416457e-01,1.955122e-04
2.423681e-02,9.588836e+02,4.638584e-02,3.926512e+03,6.210239e+04,2.579447e+05,3.392187e-01,1.941255e-04
2.458267e-02,9.521371e+02,4.605946e-02,3.898885e+03,6.170118e+04,2.565394e+05,3.368404e-01,1.927597e-04
2.493347e-02,9.454218e+02,4.573459e-02,3.871387e+03,6.129997e+04,2.551340e+05,3.344621e-01,1.914002e-04
2.528927e-02,9.387066e+02,4.540973e-02,3.843889e+03,6.089875e+04,2.537287e+05,3.320838e-01,1.900407e-04
2.565015e-02,9.321922e+02,4.509473e-02,3.817204e+03,6.047246e+04,2.521897e+05,3.297788e-01,1.887208e-04
2.601618e-02,9.256841e+02,4.478004e-02,3.790544e+03,6.004539e+04,2.506466e+05,3.274760e-01,1.874022e-04
2.638743e-02,9.191760e+02,4.446535e-02,3.763884e+03,5.961832e+04,2.491035e+05,3.251732e-01,1.860835e-04
2.676398e-02,9.126678e+02,4.415066e-02,3.737224e+03,5.919125e+04,2.475604e+05,3.228704e-01,1.847649e-04
2.714590e-02,9.061597e+02,4.383597e-02,3.710564e+03,5.876418e+04,2.460173e+05,3.205676e-01,1.834462e-04
2.753327e-02,8.996516e+02,4.352128e-02,3.683904e+03,5.833711e+04,2.444742e+05,3.182648e-01,1.821275e-04
2.792617e-02,8.934088e+02,4.321942e-02,3.658332e+03,5.791004e+04,2.429311e+05,3.160657e-01,1.808538e-04
2.832468e-02,8.872111e+02,4.291973e-02,3.632944e+03,5.748297e+04,2.413880e+05,3.138708e-01,1.795877e-04
2.872887e-02,8.810134e+02,4.262005e-02,3.607556e+03,5.705590e+04,2.398449e+05,3.116760e-01,1.783217e-04
2.913883e-02,8.748156e+02,4.232036e-02,3.582169e+03,5.662883e+04,2.383018e+05,3.094812e-01,1.770556e-04
2.955465e-02,8.686179e+02,4.202067e-02,3.556781e+03,5.620176e+04,2.367587e+05,3.072863e-01,1.757895e-04
2.997639e-02,8.624201e+02,4.172099e-02,3.531393e+03,5.577469e+04,2.352156e+05,3.050915e-01,1.745501e-04
3.040416e-02,8.562224e+02,4.142130e-02,3.506005e+03,5.530408e+04,2.336725e+05,3.028967e-01,1.733371e-04
3.083802e-02,8.500742e+02,4.112401e-02,3.480821e+03,5.482537e+04,2.321294e+05,3.007441e-01,1.721240e-04
3.127808e-02,8.441793e+02,4.083896e-02,3.456674e+03,5.434667e+04,2.305863e+05,2.986547e-01,1.709110e-04
3.172442e-02,8.382844e+02,4.055390e-02,3.432527e+03,5.386797e+04,2.290432e+05,2.965653e-01,1.696980e-04
3.217713e-02,8.323895e+02,4.026885e-02,3.408380e+03,5.338927e+04,2.273502e+05,2.944759e-01,1.684849e-04
3.263630e-02,8.264946e+02,3.998380e-02,3.384233e+03,5.291057e+04,2.253070e+05,2.923865e-01,1.672719e-04
3.310202e-02,8.205996e+02,3.969875e-02,3.360086e+03,5.243187e+04,2.232638e+05,2.902971e-01,1.660991e-04
3.357439e-02,8.147047e+02,3.941370e-02,3.335939e+03,5.195317e+04,2.212205e+05,2.882149e-01,1.649382e-04
3.405349e-02,8.090112e+02,3.913838e-02,3.312617e+03,5.147447e+04,2.191773e+05,2.862221e-01,1.637772e-04
3.453944e-02,8.033936e+02,3.886673e-02,3.289606e+03,5.099577e+04,2.171341e+05,2.842293e-01,1.626162e-04
3.503232e-02,7.977761e+02,3.859508e-02,3.266596e+03,5.051707e+04,2.150909e+05,2.822365e-01,1.614552e-04
3.553223e-02,7.921585e+02,3.832344e-02,3.243585e+03,5.003837e+04,2.130477e+05,2.802437e-01,1.603010e-04
3.603928e-02,7.865409e+02,3.805179e-02,3.220574e+03,4.955967e+04,2.110045e+05,2.782509e-01,1.591880e-04
3.655356e-02,7.809233e+02,3.778014e-02,3.197564e+03,4.907798e+04,2.089613e+05,2.762581e-01,1.580750e-04
3.707518e-02,7.753057e+02,3.750849e-02,3.174553e+03,4.853636e+04,2.069181e+05,2.742682e-01,1.569619e-04
3.760424e-02,7.698455e+02,3.724446e-02,3.152188e+03,4.799473e+04,2.048749e+05,2.723739e-01,1.558489e-04
3.814085e-02,7.645104e+02,3.698646e-02,3.130335e+03,4.745310e+04,2.028316e+05,2.704796e-01,1.547359e-04
3.868513e-02,7.591752e+02,3.672847e-02,3.108481e+03,4.691148e+04,2.007884e+05,2.685853e-01,1.536228e-04
3.923716e-02,7.538401e+02,3.647047e-02,3.086628e+03,4.636985e+04,1.987452e+05,2.666910e-01,1.525534e-04
3.979708e-02,7.485049e+02,3.621248e-02,3.064775e+03,4.582823e+04,1.967020e+05,2.647967e-01,1.514905e-04
4.036498e-02,7.431698e+02,3.595448e-02,3.042922e+03,4.528660e+04,1.946588e+05,2.629024e-01,1.504276e-04
4.094099e-02,7.378346e+02,3.569649e-02,3.021069e+03,4.474498e+04,1.926156e+05,2.610081e-01,1.493647e-04
4.152522e-02,7.325373e+02,3.544032e-02,2.999371e+03,4.420335e+04,1.905724e+05,2.591752e-01,1.483018e-04
4.211779e-02,7.274324e+02,3.519346e-02,2.978461e+03,4.366173e+04,1.885292e+05,2.573613e-01,1.472389e-04
4.271881e-02,7.223275e+02,3.494659e-02,2.957551e+03,4.312010e+04,1.864860e+05,2.555473e-01,1.461830e-04
4.332841e-02,7.172225e+02,3.469972e-02,2.936641e+03,4.255543e+04,1.844427e+05,2.537334e-01,1.451671e-04
4.394671e-02,7.121176e+02,3.445285e-02,2.915732e+03,4.196883e+04,1.823995e+05,2.519195e-01,1.441513e-04
4.457383e-02,7.070370e+02,3.420716e-02,2.894922e+03,4.138222e+04,1.803563e+05,2.501611e-01,1.431355e-04
4.520990e-02,7.021287e+02,3.396979e-02,2.874817e+03,4.079562e+04,1.783131e+05,2.484158e-01,1.421196e-04
4.585504e-02,6.972203e+02,3.373243e-02,2.854712e+03,4.020901e+04,1.762699e+05,2.466705e-01,1.411038e-04
4.650940e-02,6.923119e+02,3.349506e-02,2.834608e+03,3.962241e+04,1.742267e+05,2.449252e-01,1.400922e-04
4.717309e-02,6.874036e+02,3.325769e-02,2.814503e+03,3.903580e+04,1.721835e+05,2.431799e-01,1.391190e-04
4.784625e-02,6.824952e+02,3.302032e-02,2.794399e+03,3.844920e+04,1.698513e+05,2.414347e-01,1.381459e-04
4.852902e-02,6.776024e+02,3.278370e-02,2.774358e+03,3.785925e+04,1.673527e+05,2.397520e-01,1.371727e-04
4.922153e-02,6.729005e+02,3.255628e-02,2.755099e+03,3.725155e+04,1.648541e+05,2.380792e-01,1.361995e-04
4.992392e-02,6.681986e+02,3.232885e-02,2.735841e+03,3.664386e+04,1.623555e+05,2.364064e-01,1.352263e-04
5.063633e-02,6.634967e+02,3.210142e-02,2.716583e+03,3.603617e+04,1.598568e+05,2.347336e-01,1.342552e-04
5.135892e-02,6.587948e+02,3.187399e-02,2.697324e+03,3.542847e+04,1.573582e+05,2.330608e-01,1.333227e-04
5.209181e-02,6.540929e+02,3.164657e-02,2.678066e+03,3.482078e+04,1.548596e+05,2.313880e-01,1.323903e-04
5.283516e-02,6.493910e+02,3.141956e-02,2.658808e+03,3.421240e+04,1.523505e+05,2.297722e-01,1.314578e-04
5.358912e-02,6.448806e+02,3.120134e-02,2.640334e+03,3.359909e+04,1.497514e+05,2.281677e-01,1.305254e-04
5.435384e-02,6.403715e+02,3.098312e-02,2.621865e+03,3.298577e+04,1.471523e+05,2.265631e-01,1.295929e-04
5.512947e-02,6.358624e+02,3.076490e-02,2.603397e+03,3.237251e+04,1.445532e+05,2.249586e-01,1.286623e-04
5.591617e-02,6.313533e+02,3.054668e-02,2.584928e+03,3.175939e+04,1.419541e+05,2.233541e-01,1.277736e-04
5.671409e-02,6.268443e+02,3.032845e-02,2.566460e+03,3.114626e+04,1.393550e+05,2.217570e-01,1.268849e-04
5.752341e-02,6.223883e+02,3.011423e-02,2.548210e+03,3.053477e+04,1.367386e+05,2.202251e-01,1.259963e-04
5.834427e-02,6.180834e+02,2.990572e-02,2.530577e+03,2.992456e+04,1.341110e+05,2.186932e-01,1.251076e-04
5.917684e-02,6.137785e+02,2.969721e-02,2.512945e+03,2.931434e+04,1.314835e+05,2.171613e-01,1.242189e-04
6.002129e-02,6.094735e+02,2.948869e-02,2.495313e+03,2.870916e+04,1.288559e+05,2.156294e-01,1.233302e-04
6.087780e-02,6.051686e+02,2.928018e-02,2.477681e+03,2.810432e+04,1.262283e+05,2.140975e-01,1.224415e-04
6.174653e-02,6.008636e+02,2.907167e-02,2.460050e+03,2.750256e+04,1.236063e+05,2.125656e-01,1.215734e-04
6.262765e-02,5.965587e+02,2.886316e-02,2.442418e+03,2.690530e+04,1.209897e+05,2.110337e-01,1.207275e-04
6.352135e-02,5.922538e+02,2.865612e-02,2.424786e+03,2.630804e+04,1.183751e+05,2.095472e-01,1.198815e-04
6.442780e-02,5.881038e+02,2.845577e-02,2.407789e+03,2.571994e+04,1.157808e+05,2.080764e-01,1.190356e-04
6.534719e-02,5.839704e+02,2.825542e-02,2.390860e+03,2.513218e+04,1.131866e+05,2.066055e-01,1.181896e-04
6.627970e-02,5.798369e+02,2.805507e-02,2.373931e+03,2.455114e+04,1.106167e+05,2.051346e-01,1.173437e-04
6.722551e-02,5.757035e+02,2.785591e-02,2.357002e+03,2.397454e+04,1.080545e+05,2.037010e-01,1.165038e-04
6.818482e-02,5.717003e+02,2.766325e-02,2.340606e+03,2.340193e+04,1.055126e+05,2.022876e-01,1.156970e-04
6.915782e-02,5.677284e+02,2.747059e-02,2.324338e+03,2.283784e+04,1.029912e+05,2.008741e-01,1.148902e-04
7.014470e-02,5.637564e+02,2.727793e-02,2.308070e+03,2.227520e+04,1.004843e+05,1.994607e-01,1.140834e-04
7.114567e-02,5.597844e+02,2.708527e-02,2.291802e+03,2.172475e+04,9.801077e+04,1.980472e-01,1.132766e-04
7.216092e-02,5.558124e+02,2.689261e-02,2.275534e+03,2.117431e+04,9.554683e+04,1.966338e-01,1.124698e-04
7.319066e-02,5.518405e+02,2.669996e-02,2.259267e+03,2.063779e+04,9.312722e+04,1.952204e-01,1.116630e-04
7.423509e-02,5.478685e+02,2.650834e-02,2.242999e+03,2.010186e+04,9.071434e+04,1.938410e-01,1.108606e-04
7.529443e-02,5.440239e+02,2.632520e-02,2.227253e+03,1.957922e+04,8.835351e+04,1.924986e-01,1.100938e-04
7.636888e-02,5.402516e+02,2.614206e-02,2.211803e+03,1.905845e+04,8.599953e+04,1.911563e-01,1.093269e-04
7.745867e-02,5.364793e+02,2.595892e-02,2.196354e+03,1.855102e+04,8.370128e+04,1.898139e-01,1.085600e-04
7.856400e-02,5.327070e+02,2.577578e-02,2.180904e+03,1.804586e+04,8.141347e+04,1.884715e-01,1.077931e-04
7.968511e-02,5.289347e+02,2.559264e-02,2.165455e+03,1.755483e+04,7.918061e+04,1.871291e-01,1.070263e-04
8.082222e-02,5.251624e+02,2.540950e-02,2.150005e+03,1.706557e+04,7.696544e+04,1.857867e-01,1.062594e-04
8.197556e-02,5.213901e+02,2.522636e-02,2.134555e+03,1.659194e+04,7.479993e+04,1.844493e-01,1.054925e-04
8.314535e-02,5.176577e+02,2.504978e-02,2.119269e+03,1.612053e+04,7.266288e+04,1.831649e-01,1.047531e-04
8.433184e-02,5.140483e+02,2.487441e-02,2.104487e+03,1.566332e+04,7.056592e+04,1.818804e-01,1.040188e-04
8.553526e-02,5.104388e+02,2.469903e-02,2.089704e+03,1.521088e+04,6.851145e+04,1.805960e-01,1.032845e-04
8.675585e-02,5.068293e+02,2.452366e-02,2.074922e+03,1.476960e+04,6.648360e+04,1.793115e-01,1.025502e-04
8.799385e-02,5.032198e+02,2.434829e-02,2.060139e+03,1.433665e+04,6.451510e+04,1.780293e-01,1.018159e-04
8.924953e-02,4.996387e+02,2.417882e-02,2.045473e+03,1.391110e+04,6.256636e+04,1.767943e-01,1.011063e-04
9.052312e-02,4.961682e+02,2.401008e-02,2.031260e+03,1.349797e+04,6.067622e+04,1.755593e-01,1.003998e-04
9.181489e-02,4.926977e+02,2.384134e-02,2.017046e+03,1.308969e+04,5.881816e+04,1.743242e-01,9.969331e-05
9.312509e-02,4.892271e+02,2.367261e-02,2.002833e+03,1.269473e+04,5.699575e+04,1.730892e-01,9.898680e-05
9.445399e-02,4.857566e+02,2.350387e-02,1.988620e+03,1.230675e+04,5.522924e+04,1.718542e-01,9.828030e-05
9.580185e-02,4.822861e+02,2.333513e-02,1.974407e+03,1.192654e+04,5.348922e+04,1.706192e-01,9.757380e-05
9.716894e-02,4.788383e+02,2.317298e-02,1.960287e+03,1.155875e+04,5.179847e+04,1.694360e-01,9.689651e-05
9.855555e-02,4.755138e+02,2.301121e-02,1.946672e+03,1.119696e+04,5.015099e+04,1.682529e-01,9.622091e-05
9.996194e-02,4.721893e+02,2.284944e-02,1.933057e+03,1.084499e+04,4.853322e+04,1.670698e-01,9.554530e-05
1.013884e-01,4.688648e+02,2.268767e-02,1.919442e+03,1.050319e+04,4.696759e+04,1.658867e-01,9.486970e-05
1.028352e-01,4.655403e+02,2.252590e-02,1.905827e+03,1.016793e+04,4.544139e+04,1.647037e-01,9.419410e-05
1.043027e-01,4.622158e+02,2.236413e-02,1.892212e+03,9.842392e+03,4.394683e+04,1.635206e-01,9.351849e-05
1.057911e-01,4.589013e+02,2.220838e-02,1.878639e+03,9.526580e+03,4.249876e+04,1.623819e-01,9.286941e-05
1.073007e-01,4.557131e+02,2.205318e-02,1.865582e+03,9.217574e+03,4.109309e+04,1.612474e-01,9.222277e-05
1.088319e-01,4.525249e+02,2.189798e-02,1.852525e+03,8.916585e+03,3.971986e+04,1.601128e-01,9.157614e-05
1.103849e-01,4.493367e+02,2.174278e-02,1.839468e+03,8.626234e+03,3.838137e+04,1.589782e-01,9.092950e-05
1.119601e-01,4.461485e+02,2.158758e-02,1.826412e+03,8.342734e+03,3.709326e+04,1.578437e-01,9.028286e-05
1.135578e-01,4.429603e+02,2.143366e-02,1.813355e+03,8.066265e+03,3.583743e+04,1.567185e-01,8.964156e-05
1.151783e-01,4.398213e+02,2.128548e-02,1.800500e+03,7.798610e+03,3.461445e+04,1.556353e-01,8.902408e-05
1.168219e-01,4.367775e+02,2.113731e-02,1.788034e+03,7.539520e+03,3.342492e+04,1.545520e-01,8.840661e-05
1.184889e-01,4.337336e+02,2.098913e-02,1.775569e+03,7.287253e+03,3.228090e+04,1.534688e-01,8.778913e-05
1.201798e-01,4.306897e+02,2.084096e-02,1.763104e+03,7.041875e+03,3.116855e+04,1.523856e-01,8.717166e-05
1.218947e-01,4.276459e+02,2.069278e-02,1.750638e+03,6.803583e+03,3.008793e+04,1.513024e-01,8.655419e-05
1.236342e-01,4.246020e+02,2.054461e-02,1.738173e+03,6.574083e+03,2.903903e+04,1.502192e-01,8.593671e-05
1.253984e-01,4.215581e+02,2.039643e-02,1.725708e+03,6.351104e+03,2.802176e+04,1.491360e-01,8.531924e-05
1.271879e-01,4.185143e+02,2.025313e-02,1.713242e+03,6.134628e+03,2.704232e+04,1.480884e-01,8.472202e-05
1.290029e-01,4.155898e+02,2.011086e-02,1.701266e+03,5.924613e+03,2.609311e+04,1.470483e-01,8.412907e-05
1.308437e-01,4.126672e+02,1.996859e-02,1.689298e+03,5.720994e+03,2.517331e+04,1.460082e-01,8.353611e-05
1.327109e-01,4.097446e+02,1.982632e-02,1.677330e+03,5.523792e+03,2.428250e+04,1.449682e-01,8.294316e-05
1.346047e-01,4.068221e+02,1.968810e-02,1.665362e+03,5.333659e+03,2.342023e+04,1.439577e-01,8.236703e-05
1.365255e-01,4.040008e+02,1.955139e-02,1.653808e+03,5.149426e+03,2.258601e+04,1.429583e-01,8.179715e-05
1.384737e-01,4.011924e+02,1.941467e-02,1.642307e+03,4.970996e+03,2.177924e+04,1.419588e-01,8.122727e-05
1.404497e-01,3.983839e+02,1.927796e-02,1.630807e+03,4.800101e+03,2.100018e+04,1.409594e-01,8.065739e-05
1.424539e-01,3.955755e+02,1.914125e-02,1.619306e+03,4.632732e+03,2.025989e+04,1.399600e-01,8.008751e-05
1.444868e-01,3.927670e+02,1.900453e-02,1.607805e+03,4.470643e+03,1.951960e+04,1.389605e-01,7.951763e-05
1.465486e-01,3.899586e+02,1.886782e-02,1.596305e+03,4.314753e+03,1.882798e+04,1.379611e-01,7.894775e-05
1.486398e-01,3.871502e+02,1.873496e-02,1.584804e+03,4.162704e+03,1.813906e+04,1.369898e-01,7.839387e-05
1.507609e-01,3.844432e+02,1.860512e-02,1.573719e+03,4.017321e+03,1.749210e+04,1.360406e-01,7.785253e-05
1.529123e-01,3.817760e+02,1.847527e-02,1.562796e+03,3.875127e+03,1.685016e+04,1.350914e-01,7.731120e-05
1.550944e-01,3.791087e+02,1.834543e-02,1.551874e+03,3.739368e+03,1.624678e+04,1.341421e-01,7.676987e-05
1.573076e-01,3.764415e+02,1.821559e-02,1.540951e+03,3.606735e+03,1.564786e+04,1.331929e-01,7.622854e-05
1.595523e-01,3.737742e+02,1.808575e-02,1.530029e+03,3.479801e+03,1.508654e+04,1.322437e-01,7.568720e-05
1.618292e-01,3.711070e+02,1.795591e-02,1.519107e+03,3.356356e+03,1.452936e+04,1.312945e-01,7.514587e-05
1.641385e-01,3.684398e+02,1.782701e-02,1.508184e+03,3.237520e+03,1.400599e+04,1.303521e-01,7.460844e-05
1.664807e-01,3.658100e+02,1.770277e-02,1.497415e+03,3.122841e+03,1.349007e+04,1.294439e-01,7.409038e-05
1.688564e-01,3.632579e+02,1.757853e-02,1.486965e+03,3.011446e+03,1.299987e+04,1.285356e-01,7.357233e-05
1.712660e-01,3.607057e+02,1.745430e-02,1.476514e+03,2.905080e+03,1.252282e+04,1.276274e-01,7.305427e-05
1.737100e-01,3.581536e+02,1.733006e-02,1.466063e+03,2.800529e+03,1.206312e+04,1.267191e-01,7.253621e-05
1.761888e-01,3.556014e+02,1.720643e-02,1.455612e+03,2.702012e+03,1.162256e+04,1.258153e-01,7.202068e-05
1.787030e-01,3.530773e+02,1.708698e-02,1.445276e+03,2.605060e+03,1.119093e+04,1.249420e-01,7.152250e-05
1.812531e-01,3.506235e+02,1.696752e-02,1.435228e+03,2.512627e+03,1.078449e+04,1.240687e-01,7.102432e-05
1.838396e-01,3.481696e+02,1.684807e-02,1.425179e+03,2.423039e+03,1.038607e+04,1.231954e-01,7.052614e-05
1.864630e-01,3.457158e+02,1.672861e-02,1.415131e+03,2.335973e+03,1.000415e+04,1.223221e-01,7.002796e-05
1.891238e-01,3.432619e+02,1.660916e-02,1.405083e+03,2.253259e+03,9.637217e+03,1.214489e-01,6.952978e-05
1.918227e-01,3.408081e+02,1.649010e-02,1.395035e+03,2.172357e+03,9.279144e+03,1.205784e-01,6.903323e-05
1.945600e-01,3.383786e+02,1.637567e-02,1.385086e+03,2.094844e+03,8.939631e+03,1.197419e-01,6.855593e-05
1.973363e-01,3.360280e+02,1.626124e-02,1.375461e+03,2.020238e+03,8.610173e+03,1.189053e-01,6.807863e-05
2.001523e-01,3.336773e+02,1.614681e-02,1.365835e+03,1.947528e+03,8.289706e+03,1.180687e-01,6.760133e-05
2.030085e-01,3.313267e+02,1.603239e-02,1.356210e+03,1.878220e+03,7.986550e+03,1.172322e-01,6.712403e-05
2.059055e-01,3.289760e+02,1.591796e-02,1.346584e+03,1.811212e+03,7.691837e+03,1.163956e-01,6.664673e-05
2.088437e-01,3.266254e+02,1.580353e-02,1.336959e+03,1.746193e+03,7.406042e+03,1.155590e-01,6.616944e-05
2.118239e-01,3.242896e+02,1.569377e-02,1.327394e+03,1.684762e+03,7.137746e+03,1.147566e-01,6.571156e-05
2.148467e-01,3.220354e+02,1.558404e-02,1.318164e+03,1.623331e+03,6.869450e+03,1.139544e-01,6.525376e-05
2.179125e-01,3.197811e+02,1.547430e-02,1.308933e+03,1.566433e+03,6.619988e+03,1.131521e-01,6.479596e-05
2.210222e-01,3.175268e+02,1.536456e-02,1.299703e+03,1.509606e+03,6.372043e+03,1.123498e-01,6.433816e-05
2.241761e-01,3.152726e+02,1.525483e-02,1.290472e+03,1.456455e+03,6.139732e+03,1.115475e-01,6.388036e-05
2.273751e-01,3.130183e+02,1.514640e-02,1.281242e+03,1.403778e+03,5.910101e+03,1.107548e-01,6.342801e-05
2.306198e-01,3.108071e+02,1.504163e-02,1.272188e+03,1.354280e+03,5.694375e+03,1.099889e-01,6.299086e-05
2.339107e-01,3.086549e+02,1.493686e-02,1.263375e+03,1.305353e+03,5.481278e+03,1.092230e-01,6.255371e-05
2.372487e-01,3.065027e+02,1.483210e-02,1.254562e+03,1.259370e+03,5.281406e+03,1.084570e-01,6.211656e-05
2.406342e-01,3.043505e+02,1.472733e-02,1.245749e+03,1.213838e+03,5.083268e+03,1.076911e-01,6.167941e-05
2.440681e-01,3.021983e+02,1.462256e-02,1.236937e+03,1.170751e+03,4.898426e+03,1.069251e-01,6.124227e-05
2.475509e-01,3.000461e+02,1.451779e-02,1.228124e+03,1.129139e+03,4.715166e+03,1.061592e-01,6.080512e-05
2.510835e-01,2.978939e+02,1.441302e-02,1.219311e+03,1.088952e+03,4.540994e+03,1.053932e-01,6.036797e-05
2.546664e-01,2.957473e+02,1.431204e-02,1.210521e+03,1.050165e+03,4.373897e+03,1.046549e-01,5.994655e-05
2.583005e-01,2.936808e+02,1.421144e-02,1.202060e+03,1.012751e+03,4.212725e+03,1.039195e-01,5.952676e-05
2.619865e-01,2.916144e+02,1.411085e-02,1.193599e+03,9.768677e+02,4.057346e+03,1.031841e-01,5.910697e-05
2.657251e-01,2.895480e+02,1.401025e-02,1.185138e+03,9.426168e+02,3.908232e+03,1.024486e-01,5.868717e-05
2.695170e-01,2.874816e+02,1.391284e-02,1.176676e+03,9.089154e+02,3.763836e+03,1.017365e-01,5.828061e-05
2.733630e-01,2.854932e+02,1.381618e-02,1.168535e+03,8.769808e+02,3.625780e+03,1.010297e-01,5.787715e-05
2.772639e-01,2.835075e+02,1.371951e-02,1.160404e+03,8.458700e+02,3.490721e+03,1.003230e-01,5.747370e-05
2.812204e-01,2.815218e+02,1.362285e-02,1.152274e+03,8.158377e+02,3.362667e+03,9.961628e-02,5.707024e-05
2.852335e-01,2.795360e+02,1.352618e-02,1.144143e+03,7.871447e+02,3.239138e+03,9.890956e-02,5.666678e-05
2.893037e-01,2.775503e+02,1.342952e-02,1.136012e+03,7.594919e+02,3.119722e+03,9.820283e-02,5.626333e-05
2.934321e-01,2.755645e+02,1.333286e-02,1.127881e+03,7.327413e+02,3.004407e+03,9.749611e-02,5.585987e-05
2.976194e-01,2.735788e+02,1.323931e-02,1.119751e+03,7.068907e+02,2.894061e+03,9.681216e-02,5.546937e-05
3.018664e-01,2.716729e+02,1.314750e-02,1.111947e+03,6.820876e+02,2.787957e+03,9.614097e-02,5.508612e-05
3.061741e-01,2.697870e+02,1.305570e-02,1.104225e+03,6.582635e+02,2.685522e+03,9.546977e-02,5.470288e-05
3.105432e-01,2.679011e+02,1.296389e-02,1.096503e+03,6.352475e+02,2.586702e+03,9.479858e-02,5.431963e-05
3.149746e-01,2.660152e+02,1.287209e-02,1.088782e+03,6.130281e+02,2.491427e+03,9.412739e-02,5.393639e-05
3.194693e-01,2.641293e+02,1.278028e-02,1.081060e+03,5.915905e+02,2.399841e+03,9.345619e-02,5.355314e-05
3.240282e-01,2.622434e+02,1.268847e-02,1.073338e+03,5.709267e+02,2.312026e+03,9.278500e-02,5.316990e-05
3.286521e-01,2.603575e+02,1.259765e-02,1.065616e+03,5.511380e+02,2.227346e+03,9.212099e-02,5.279074e-05
3.333419e-01,2.585046e+02,1.250981e-02,1.058030e+03,5.320434e+02,2.145726e+03,9.147875e-02,5.242397e-05
3.380987e-01,2.567001e+02,1.242197e-02,1.050642e+03,5.136260e+02,2.067079e+03,9.083651e-02,5.205721e-05
3.429234e-01,2.548956e+02,1.233413e-02,1.043253e+03,4.958677e+02,1.991318e+03,9.019428e-02,5.169044e-05
3.478170e-01,2.530911e+02,1.224628e-02,1.035865e+03,4.787495e+02,1.918353e+03,8.955204e-02,5.132367e-05
3.527803e-01,2.512866e+02,1.215914e-02,1.028477e+03,4.622519e+02,1.848090e+03,8.891493e-02,5.095982e-05
3.578145e-01,2.495075e+02,1.207468e-02,1.021193e+03,4.463551e+02,1.780437e+03,8.829742e-02,5.060713e-05
3.629205e-01,2.477725e+02,1.199022e-02,1.014089e+03,4.310938e+02,1.715302e+03,8.767991e-02,5.025444e-05
3.680994e-01,2.460374e+02,1.190576e-02,1.006985e+03,4.165326e+02,1.652595e+03,8.706240e-02,4.990174e-05
3.733522e-01,2.443024e+02,1.182130e-02,9.998808e+02,4.020990e+02,1.592271e+03,8.644489e-02,4.954905e-05
3.786799e-01,2.425673e+02,1.173684e-02,9.927770e+02,3.886047e+02,1.535125e+03,8.582738e-02,4.919635e-05
3.840837e-01,2.408323e+02,1.165294e-02,9.856731e+02,3.752084e+02,1.478194e+03,8.521428e-02,4.884601e-05
3.895646e-01,2.391204e+02,1.157203e-02,9.786640e+02,3.626760e+02,1.425127e+03,8.462457e-02,4.850809e-05
3.951237e-01,2.374583e+02,1.149113e-02,9.718591e+02,3.502654e+02,1.372487e+03,8.403486e-02,4.817018e-05
4.007621e-01,2.357963e+02,1.141022e-02,9.650542e+02,3.386027e+02,1.323104e+03,8.344514e-02,4.783226e-05
4.064810e-01,2.341343e+02,1.132931e-02,9.582493e+02,3.271226e+02,1.274491e+03,8.285543e-02,4.749435e-05
4.122815e-01,2.324722e+02,1.124841e-02,9.514445e+02,3.162485e+02,1.228449e+03,8.226572e-02,4.715644e-05
4.181648e-01,2.308102e+02,1.116775e-02,9.446396e+02,3.056418e+02,1.183603e+03,8.167601e-02,4.681958e-05
4.241320e-01,2.291641e+02,1.109016e-02,9.379004e+02,2.954846e+02,1.140594e+03,8.109148e-02,4.649548e-05
4.301844e-01,2.275702e+02,1.101257e-02,9.313746e+02,2.856948e+02,1.099257e+03,8.052806e-02,4.617137e-05
4.363231e-01,2.259764e+02,1.093498e-02,9.248488e+02,2.761909e+02,1.059011e+03,7.996464e-02,4.584726e-05
4.425494e-01,2.243825e+02,1.085739e-02,9.183231e+02,2.671627e+02,1.020933e+03,7.940122e-02,4.552316e-05
4.488646e-01,2.227886e+02,1.077980e-02,9.117973e+02,2.582964e+02,9.835716e+02,7.883780e-02,4.519905e-05
4.552700e-01,2.211947e+02,1.070342e-02,9.052716e+02,2.499360e+02,9.481562e+02,7.827438e-02,4.487997e-05
4.617667e-01,2.196370e+02,1.062934e-02,8.988943e+02,2.417728e+02,9.137855e+02,7.771769e-02,4.457049e-05
4.683561e-01,2.181153e+02,1.055526e-02,8.926641e+02,2.339139e+02,8.804863e+02,7.717735e-02,4.426100e-05
4.750395e-01,2.165936e+02,1.048118e-02,8.864339e+02,2.264015e+02,8.488766e+02,7.663702e-02,4.395152e-05
4.818184e-01,2.150718e+02,1.040711e-02,8.802037e+02,2.190661e+02,8.180243e+02,7.609669e-02,4.364203e-05
4.886939e-01,2.135501e+02,1.033303e-02,8.739735e+02,2.120933e+02,7.884593e+02,7.555635e-02,4.333255e-05
4.956676e-01,2.120283e+02,1.025895e-02,8.677433e+02,2.053471e+02,7.600956e+02,7.501602e-02,4.302306e-05
5.027408e-01,2.105066e+02,1.018487e-02,8.615132e+02,1.987822e+02,7.324985e+02,7.448437e-02,4.271358e-05
5.099149e-01,2.089937e+02,1.011371e-02,8.553190e+02,1.925649e+02,7.061097e+02,7.396656e-02,4.241622e-05
5.171914e-01,2.075326e+02,1.004259e-02,8.493371e+02,1.865291e+02,6.807374e+02,7.344875e-02,4.211902e-05
5.245718e-01,2.060715e+02,9.971461e-03,8.433552e+02,1.806696e+02,6.561045e+02,7.293093e-02,4.182182e-05
5.320574e-01,2.046103e+02,9.900336e-03,8.373733e+02,1.751008e+02,6.324361e+02,7.241312e-02,4.152461e-05
5.396499e-01,2.031520e+02,9.831685e-03,8.314028e+02,1.697142e+02,6.097829e+02,7.189531e-02,4.123771e-05
5.473507e-01,2.017480e+02,9.763337e-03,8.256546e+02,1.644940e+02,5.878225e+02,7.138418e-02,4.095208e-05
5.551614e-01,2.003439e+02,9.694989e-03,8.199065e+02,1.594858e+02,5.665667e+02,7.089106e-02,4.066645e-05
5.630836e-01,1.989399e+02,9.626641e-03,8.141583e+02,1.546872e+02,5.462955e+02,7.039794e-02,4.038081e-05
5.711188e-01,1.975359e+02,9.558294e-03,8.084102e+02,1.500427e+02,5.267292e+02,6.990482e-02,4.009518e-05
5.792687e-01,1.961318e+02,9.489946e-03,8.026620e+02,1.455533e+02,5.078038e+02,6.941169e-02,3.980954e-05
5.875349e-01,1.947278e+02,9.421598e-03,7.969139e+02,1.412532e+02,4.895170e+02,6.891857e-02,3.952391e-05
5.959190e-01,1.933238e+02,9.355731e-03,7.911658e+02,1.371253e+02,4.720002e+02,6.842545e-02,3.924860e-05
6.044228e-01,1.919818e+02,9.290819e-03,7.856720e+02,1.331383e+02,4.551477e+02,6.793233e-02,3.897727e-05
6.130479e-01,1.906484e+02,9.225908e-03,7.802129e+02,1.292911e+02,4.388674e+02,6.745316e-02,3.870595e-05
6.217961e-01,1.893149e+02,9.160996e-03,7.747538e+02,1.255819e+02,4.231508e+02,6.698413e-02,3.843462e-05
6.306692e-01,1.879815e+02,9.096085e-03,7.692948e+02,1.220353e+02,4.079872e+02,6.651510e-02,3.816330e-05
6.396688e-01,1.866481e+02,9.031173e-03,7.638358e+02,1.186231e+02,3.933926e+02,6.604607e-02,3.789197e-05
6.487969e-01,1.853146e+02,8.966262e-03,7.583767e+02,1.153347e+02,3.793926e+02,6.557704e-02,3.762065e-05
6.580553e-01,1.839812e+02,8.902271e-03,7.529177e+02,1.121988e+02,3.658828e+02,6.510801e-02,3.735316e-05
6.674457e-01,1.826757e+02,8.840161e-03,7.475734e+02,1.091768e+02,3.528510e+02,6.464211e-02,3.709350e-05
6.769702e-01,1.813998e+02,8.778051e-03,7.423500e+02,1.061971e+02,3.402843e+02,6.419514e-02,3.683385e-05
6.866306e-01,1.801239e+02,8.715940e-03,7.371266e+02,1.034327e+02,3.281691e+02,6.374817e-02,3.657419e-05
6.964288e-01,1.788480e+02,8.653830e-03,7.319032e+02,1.006683e+02,3.164916e+02,6.330120e-02,3.631453e-05
7.063669e-01,1.775721e+02,8.592409e-03,7.266798e+02,9.812197e+01,3.052375e+02,6.285423e-02,3.605774e-05
7.164468e-01,1.763181e+02,8.532691e-03,7.215462e+02,9.558949e+01,2.943927e+02,6.240726e-02,3.580805e-05
7.266705e-01,1.750914e+02,8.472972e-03,7.165240e+02,9.318255e+01,2.839535e+02,6.196029e-02,3.555835e-05
7.370401e-01,1.738646e+02,8.413254e-03,7.115019e+02,9.090035e+01,2.739485e+02,6.151332e-02,3.530865e-05
7.475577e-01,1.726379e+02,8.353535e-03,7.064797e+02,8.867637e+01,2.642562e+02,6.108821e-02,3.505896e-05
7.582253e-01,1.714111e+02,8.293816e-03,7.014575e+02,8.656683e+01,2.548357e+02,6.066371e-02,3.480926e-05
7.690452e-01,1.701843e+02,8.234741e-03,6.964354e+02,8.455683e+01,2.459642e+02,6.023921e-02,3.456224e-05
7.800195e-01,1.689781e+02,8.177712e-03,6.914972e+02,8.259796e+01,2.371433e+02,5.981471e-02,3.432375e-05
7.911504e-01,1.678029e+02,8.120682e-03,6.866864e+02,8.076104e+01,2.287755e+02,5.939021e-02,3.408525e-05
8.024402e-01,1.666277e+02,8.063652e-03,6.818755e+02,7.897999e+01,2.207313e+02,5.896570e-02,3.384676e-05
8.138910e-01,1.654526e+02,8.006622e-03,6.770647e+02,7.725161e+01,2.129664e+02,5.854120e-02,3.360827e-05
8.255053e-01,1.642774e+02,7.949592e-03,6.722538e+02,7.565062e+01,2.054746e+02,5.812733e-02,3.336977e-05
8.372852e-01,1.631022e+02,7.892562e-03,6.674430e+02,7.404963e+01,1.982488e+02,5.772114e-02,3.313128e-05
8.492333e-01,1.619423e+02,7.836239e-03,6.627461e+02,7.260894e+01,1.912814e+02,5.731495e-02,3.289573e-05
8.613519e-01,1.608153e+02,7.781752e-03,6.581765e+02,7.117190e+01,1.845648e+02,5.690877e-02,3.266783e-05
8.736434e-01,1.596883e+02,7.727266e-03,6.535413e+02,6.984571e+01,1.780910e+02,5.650258e-02,3.243993e-05
8.861103e-01,1.585613e+02,7.672779e-03,6.489062e+02,6.855919e+01,1.718559e+02,5.610483e-02,3.221203e-05
8.987552e-01,1.574343e+02,7.618292e-03,6.442710e+02,6.735126e+01,1.659620e+02,5.571428e-02,3.198413e-05
9.115804e-01,1.563073e+02,7.563805e-03,6.396359e+02,6.620407e+01,1.600682e+02,5.532373e-02,3.175623e-05
9.245887e-01,1.552100e+02,7.510150e-03,6.352470e+02,6.511631e+01,1.545792e+02,5.493318e-02,3.153180e-05
9.377826e-01,1.541341e+02,7.457896e-03,6.308655e+02,6.409924e+01,1.491173e+02,5.454264e-02,3.131321e-05
9.511648e-01,1.530581e+02,7.405643e-03,6.264839e+02,6.313251e+01,1.440066e+02,5.415209e-02,3.109461e-05
9.647379e-01,1.519822e+02,7.353389e-03,6.221024e+02,6.223810e+01,1.389341e+02,5.376960e-02,3.087602e-05
9.785048e-01,1.509062e+02,7.301135e-03,6.177210e+02,6.139938e+01,1.341868e+02,5.339548e-02,3.065743e-05
9.924681e-01,1.498303e+02,7.248882e-03,6.133395e+02,6.063703e+01,1.294665e+02,5.302136e-02,3.043884e-05
1.006631e+00,1.487543e+02,7.197653e-03,6.088572e+02,5.987469e+01,1.250654e+02,5.264723e-02,3.022603e-05
1.020995e+00,1.476880e+02,7.147597e-03,6.043429e+02,5.925082e+01,1.207011e+02,5.227311e-02,3.001985e-05
1.035565e+00,1.466550e+02,7.097542e-03,6.001139e+02,5.863174e+01,1.165909e+02,5.189899e-02,2.981367e-05
1.050342e+00,1.456219e+02,7.047486e-03,5.958849e+02,5.808107e+01,1.125604e+02,5.153114e-02,2.960749e-05
1.065331e+00,1.445888e+02,6.997430e-03,5.916560e+02,5.758751e+01,1.087150e+02,5.117235e-02,2.940131e-05
1.080533e+00,1.435609e+02,6.947374e-03,5.874719e+02,5.717021e+01,1.049962e+02,5.081356e-02,2.919512e-05
1.095952e+00,1.425682e+02,6.898157e-03,5.835180e+02,5.678546e+01,1.013933e+02,5.045478e-02,2.899233e-05
1.111592e+00,1.415754e+02,6.850488e-03,5.794321e+02,5.649908e+01,9.796514e+01,5.009599e-02,2.879579e-05
1.127454e+00,1.405827e+02,6.802818e-03,5.753462e+02,5.623986e+01,9.460341e+01,4.973720e-02,2.859925e-05
1.143543e+00,1.395899e+02,6.755149e-03,5.712604e+02,5.607422e+01,9.142682e+01,4.938939e-02,2.840271e-05
1.159861e+00,1.385972e+02,6.707479e-03,5.671745e+02,5.595845e+01,8.833278e+01,4.904685e-02,2.820617e-05
1.176413e+00,1.376044e+02,6.659810e-03,5.630886e+02,5.590583e+01,8.534410e+01,4.870430e-02,2.800963e-05
1.193200e+00,1.366117e+02,6.612140e-03,5.590028e+02,5.594376e+01,8.249847e+01,4.836175e-02,2.781309e-05
1.210227e+00,1.356669e+02,6.564471e-03,5.552926e+02,5.602582e+01,7.972264e+01,4.801920e-02,2.761655e-05
1.227497e+00,1.347240e+02,6.518339e-03,5.514660e+02,5.621383e+01,7.706832e+01,4.767665e-02,2.742623e-05
1.245013e+00,1.337812e+02,6.472998e-03,5.475714e+02,5.646608e+01,7.451804e+01,4.733410e-02,2.723910e-05
1.262780e+00,1.328384e+02,6.427657e-03,5.436769e+02,5.682202e+01,7.203847e+01,4.699591e-02,2.705198e-05
1.280800e+00,1.318956e+02,6.382316e-03,5.397824e+02,5.729747e+01,6.967149e+01,4.666701e-02,2.686486e-05
1.299077e+00,1.309527e+02,6.336975e-03,5.358879e+02,5.777291e+01,6.739564e+01,4.633811e-02,2.667774e-05
1.317615e+00,1.300099e+02,6.291634e-03,5.319933e+02,5.840974e+01,6.518857e+01,4.600921e-02,2.649061e-05
1.336417e+00,1.290902e+02,6.246767e-03,5.282533e+02,5.916578e+01,6.307109e+01,4.568317e-02,2.630541e-05
1.355488e+00,1.281880e+02,6.203559e-03,5.245516e+02,6.004330e+01,6.104773e+01,4.536711e-02,2.612692e-05
1.374830e+00,1.272859e+02,6.160350e-03,5.208499e+02,6.105467e+01,5.908967e+01,4.505106e-02,2.594843e-05
1.394449e+00,1.263838e+02,6.117141e-03,5.171482e+02,6.221437e+01,5.719813e+01,4.473500e-02,2.576994e-05
1.414348e+00,1.254817e+02,6.073932e-03,5.134465e+02,6.353957e+01,5.539839e+01,4.441894e-02,2.559145e-05
1.434531e+00,1.245978e+02,6.030724e-03,5.098717e+02,6.505067e+01,5.366767e+01,4.410288e-02,2.541296e-05
1.455002e+00,1.237304e+02,5.987515e-03,5.064108e+02,6.678670e+01,5.199896e+01,4.378683e-02,2.523447e-05
1.475765e+00,1.228630e+02,5.944423e-03,5.029418e+02,6.876873e+01,5.039458e+01,4.347162e-02,2.505646e-05
1.496824e+00,1.219956e+02,5.903386e-03,4.993293e+02,7.102763e+01,4.887751e+01,4.317145e-02,2.488677e-05
1.518184e+00,1.211282e+02,5.862348e-03,4.957168e+02,7.360758e+01,4.739186e+01,4.287129e-02,2.471708e-05
1.539848e+00,1.202607e+02,5.821311e-03,4.921042e+02,7.656337e+01,4.598129e+01,4.257112e-02,2.454739e-05
1.561822e+00,1.194108e+02,5.780274e-03,4.886189e+02,7.996357e+01,4.463124e+01,4.227095e-02,2.437770e-05
1.584109e+00,1.185799e+02,5.739237e-03,4.852726e+02,8.389518e+01,4.334065e+01,4.197078e-02,2.420801e-05
1.606714e+00,1.177490e+02,5.698199e-03,4.819262e+02,8.846990e+01,4.211263e+01,4.167061e-02,2.403832e-05
1.629642e+00,1.169181e+02,5.657162e-03,4.785798e+02,9.380384e+01,4.096947e+01,4.137044e-02,2.386863e-05
1.652897e+00,1.160872e+02,5.617295e-03,4.751363e+02,1.001913e+02,3.983219e+01,4.107883e-02,2.370368e-05
1.676484e+00,1.152563e+02,5.578028e-03,4.716429e+02,1.077584e+02,3.879141e+01,4.079161e-02,2.354117e-05
1.700408e+00,1.144389e+02,5.538760e-03,4.682684e+02,1.170323e+02,3.777026e+01,4.050439e-02,2.337866e-05
1.724672e+00,1.136420e+02,5.499493e-03,4.650750e+02,1.285034e+02,3.683715e+01,4.021717e-02,2.321615e-05
1.749284e+00,1.128452e+02,5.460226e-03,4.618817e+02,1.429406e+02,3.592780e+01,3.992995e-02,2.305363e-05
1.774246e+00,1.120483e+02,5.421897e-03,4.586063e+02,1.615111e+02,3.510651e+01,3.964959e-02,2.289493e-05
1.799564e+00,1.112514e+02,5.384141e-03,4.552806e+02,1.862085e+02,3.430701e+01,3.937343e-02,2.273856e-05
1.825244e+00,1.104546e+02,5.346386e-03,4.519549e+02,2.203641e+02,3.360356e+01,3.909727e-02,2.258218e-05
1.851291e+00,1.096817e+02,5.308630e-03,4.488320e+02,2.694986e+02,3.291444e+01,3.882111e-02,2.242581e-05
1.877708e+00,1.089209e+02,5.270875e-03,4.458119e+02,3.442486e+02,3.233805e+01,3.854495e-02,2.226943e-05
1.904503e+00,1.081601e+02,5.233119e-03,4.427918e+02,4.650531e+02,3.178200e+01,3.826879e-02,2.211306e-05
1.931681e+00,1.073994e+02,5.196271e-03,4.396792e+02,6.738006e+02,3.132765e+01,3.799926e-02,2.196037e-05
1.959246e+00,1.066386e+02,5.160103e-03,4.364974e+02,1.041010e+03,3.090979e+01,3.773472e-02,2.181045e-05
1.987204e+00,1.058779e+02,5.123936e-03,4.333155e+02,1.561704e+03,3.058789e+01,3.747017e-02,2.166052e-05
2.015562e+00,1.051171e+02,5.087768e-03,4.301336e+02,1.735842e+03,3.034837e+01,3.720562e-02,2.151060e-05
2.044324e+00,1.043656e+02,5.051600e-03,4.270254e+02,1.273769e+03,3.019887e+01,3.694108e-02,2.136067e-05
2.073497e+00,1.036352e+02,5.015432e-03,4.240838e+02,8.210304e+02,3.015831e+01,3.667653e-02,2.121075e-05
2.103085e+00,1.029047e+02,4.979990e-03,4.210999e+02,5.695415e+02,3.023878e+01,3.641729e-02,2.106378e-05
2.133096e+00,1.021743e+02,4.945304e-03,4.180717e+02,4.450076e+02,3.045010e+01,3.616358e-02,2.091988e-05
2.163536e+00,1.014498e+02,4.910619e-03,4.150919e+02,3.872233e+02,3.080525e+01,3.590988e-02,2.077598e-05
2.194410e+00,1.007479e+02,4.875933e-03,4.122945e+02,3.690696e+02,3.138008e+01,3.565617e-02,2.063209e-05
2.225724e+00,1.000460e+02,4.841248e-03,4.094971e+02,3.780767e+02,3.213604e+01,3.540246e-02,2.048819e-05
2.257485e+00,9.934402e+01,4.806562e-03,4.066997e+02,4.106625e+02,3.317967e+01,3.514876e-02,2.034429e-05
2.289699e+00,9.864208e+01,4.773065e-03,4.037920e+02,4.700640e+02,3.457425e+01,3.490374e-02,2.020523e-05
2.322373e+00,9.794015e+01,4.739949e-03,4.008489e+02,5.647588e+02,3.638192e+01,3.466152e-02,2.006772e-05
2.355514e+00,9.723822e+01,4.706833e-03,3.979057e+02,7.119678e+02,3.874622e+01,3.441930e-02,1.993022e-05
2.389127e+00,9.653773e+01,4.673717e-03,3.949743e+02,9.482722e+02,4.187496e+01,3.417708e-02,1.979271e-05
2.423220e+00,9.587110e+01,4.640602e-03,3.923183e+02,1.348831e+03,4.594941e+01,3.393486e-02,1.965520e-05
2.457799e+00,9.520446e+01,4.607486e-03,3.896623e+02,2.084585e+03,5.145493e+01,3.369263e-02,1.951769e-05
2.492872e+00,9.453782e+01,4.574370e-03,3.870063e+02,3.561713e+03,5.897635e+01,3.345041e-02,1.938018e-05
2.528445e+00,9.387118e+01,4.541782e-03,3.842932e+02,6.510364e+03,6.958697e+01,3.321205e-02,1.924482e-05
2.564526e+00,9.320455e+01,4.509985e-03,3.814944e+02,9.521523e+03,8.500913e+01,3.297948e-02,1.911269e-05
2.601122e+00,9.253791e+01,4.478188e-03,3.786956e+02,7.099007e+03,1.085932e+02,3.274691e-02,1.898055e-05
2.638240e+00,9.187127e+01,4.446391e-03,3.758968e+02,3.751264e+03,1.468645e+02,3.251434e-02,1.884841e-05
2.675888e+00,9.122328e+01,4.414971e-03,3.732478e+02,2.052566e+03,2.147419e+02,3.228452e-02,1.871781e-05
2.714073e+00,9.058541e+01,4.384416e-03,3.706308e+02,1.238663e+03,3.499472e+02,3.206103e-02,1.859074e-05
2.752803e+00,8.994754e+01,4.353861e-03,3.680138e+02,8.126956e+02,6.626810e+02,3.183754e-02,1.846366e-05
2.792086e+00,8.930967e+01,4.323306e-03,3.653968e+02,5.681016e+02,1.431448e+03,3.161405e-02,1.833659e-05
2.831929e+00,8.867181e+01,4.292750e-03,3.627798e+02,4.164808e+02,2.024116e+03,3.139056e-02,1.820951e-05
2.872340e+00,8.804886e+01,4.262195e-03,3.602662e+02,3.171057e+02,1.059170e+03,3.116707e-02,1.808244e-05
2.913329e+00,8.743555e+01,4.231640e-03,3.578195e+02,2.485495e+02,4.815676e+02,3.094358e-02,1.795536e-05
2.954902e+00,8.682224e+01,4.201291e-03,3.553584e+02,1.994937e+02,2.566988e+02,3.072160e-02,1.782913e-05
2.997069e+00,8.620893e+01,4.172271e-03,3.528044e+02,1.635310e+02,1.565631e+02,3.050935e-02,1.770832e-05
3.039837e+00,8.559562e+01,4.143251e-03,3.502505e+02,1.363237e+02,1.050304e+02,3.029709e-02,1.758751e-05
3.083215e+00,8.498231e+01,4.114232e-03,3.476965e+02,1.153325e+02,7.550042e+01,3.008484e-02,1.746669e-05
3.127213e+00,8.438341e+01,4.085212e-03,3.452477e+02,9.896974e+01,5.703774e+01,2.987258e-02,1.734588e-05
3.171838e+00,8.379590e+01,4.056192e-03,3.428819e+02,8.596968e+01,4.485697e+01,2.966033e-02,1.722507e-05
3.217101e+00,8.320840e+01,4.027173e-03,3.405161e+02,7.563446e+01,3.636341e+01,2.944807e-02,1.710426e-05
3.263009e+00,8.262089e+01,3.998153e-03,3.381503e+02,6.741288e+01,3.021509e+01,2.923582e-02,1.698345e-05
3.309572e+00,8.203338e+01,3.970061e-03,3.357075e+02,6.105262e+01,2.563794e+01,2.903035e-02,1.686643e-05
3.356800e+00,8.144587e+01,3.942293e-03,3.332378e+02,5.639109e+01,2.212151e+01,2.882726e-02,1.675073e-05
3.404701e+00,8.086985e+01,3.914525e-03,3.308692e+02,5.379179e+01,1.935106e+01,2.862416e-02,1.663503e-05
3.453287e+00,8.030643e+01,3.886757e-03,3.286116e+02,5.413182e+01,1.713622e+01,2.842106e-02,1.651934e-05
3.502565e+00,7.974301e+01,3.858990e-03,3.263540e+02,6.057362e+01,1.532619e+01,2.821797e-02,1.640364e-05
3.552547e+00,7.917960e+01,3.831971e-03,3.240309e+02,8.191395e+01,1.383081e+01,2.802035e-02,1.629100e-05
3.603242e+00,7.861618e+01,3.805272e-03,3.216797e+02,1.204269e+02,1.257530e+01,2.782507e-02,1.617967e-05
3.654660e+00,7.805276e+01,3.778573e-03,3.193285e+02,9.678325e+01,1.151237e+01,2.762980e-02,1.606834e-05
3.706812e+00,7.750832e+01,3.751874e-03,3.171381e+02,5.769669e+01,1.060057e+01,2.743452e-02,1.595701e-05
3.759708e+00,7.697041e+01,3.725175e-03,3.150030e+02,4.024643e+01,9.810025e+00,2.723924e-02,1.584568e-05
3.813360e+00,7.643251e+01,3.698476e-03,3.128679e+02,3.203564e+01,9.123428e+00,2.704397e-02,1.573435e-05
3.867776e+00,7.589460e+01,3.672509e-03,3.106582e+02,2.737824e+01,8.514412e+00,2.685442e-02,1.562623e-05
3.922970e+00,7.535669e+01,3.646933e-03,3.084087e+02,2.436113e+01,7.973423e+00,2.666794e-02,1.551981e-05
3.978950e+00,7.481878e+01,3.621356e-03,3.061592e+02,2.219172e+01,7.489689e+00,2.648145e-02,1.541340e-05
4.035730e+00,7.428087e+01,3.595780e-03,3.039098e+02,2.056620e+01,7.054552e+00,2.629496e-02,1.530698e-05
4.093320e+00,7.375125e+01,3.570203e-03,3.017260e+02,1.926528e+01,6.662493e+00,2.610848e-02,1.520057e-05
4.151732e+00,7.323477e+01,3.544627e-03,2.996464e+02,1.822376e+01,6.309026e+00,2.592199e-02,1.509415e-05
4.210977e+00,7.271829e+01,3.519648e-03,2.975319e+02,1.737593e+01,5.985868e+00,2.573551e-02,1.498774e-05
4.271068e+00,7.220181e+01,3.495120e-03,2.953911e+02,1.668686e+01,5.689234e+00,2.555476e-02,1.488453e-05
4.332016e+00,7.169119e+01,3.470592e-03,2.932976e+02,1.613540e+01,5.415940e+00,2.537659e-02,1.478277e-05
4.393834e+00,7.119488e+01,3.446064e-03,2.913199e+02,1.569951e+01,5.166058e+00,2.519842e-02,1.468101e-05
4.456534e+00,7.069858e+01,3.421536e-03,2.893422e+02,1.536370e+01,4.934541e+00,2.502025e-02,1.457925e-05
4.520129e+00,7.020228e+01,3.397008e-03,2.873645e+02,1.514033e+01,4.719024e+00,2.484208e-02,1.447748e-05
4.584632e+00,6.970597e+01,3.373409e-03,2.853006e+02,1.501536e+01,4.519613e+00,2.466390e-02,1.437572e-05
4.650054e+00,6.920967e+01,3.349991e-03,2.832199e+02,1.499562e+01,4.335007e+00,2.449146e-02,1.427717e-05
4.716411e+00,6.871336e+01,3.326574e-03,2.811392e+02,1.507078e+01,4.161398e+00,2.432059e-02,1.417950e-05
4.783714e+00,6.822009e+01,3.303156e-03,2.790832e+02,1.526656e+01,3.996874e+00,2.414972e-02,1.408182e-05
4.851978e+00,6.774874e+01,3.279738e-03,2.772054e+02,1.558502e+01,3.844662e+00,2.397885e-02,1.398415e-05
4.921216e+00,6.727738e+01,3.256320e-03,2.753277e+02,1.604933e+01,3.702091e+00,2.380798e-02,1.388648e-05
4.991442e+00,6.680603e+01,3.232902e-03,2.734500e+02,1.667934e+01,3.566692e+00,2.363711e-02,1.378881e-05
5.062670e+00,6.633468e+01,3.209932e-03,2.715238e+02,1.751316e+01,3.438546e+00,2.347249e-02,1.369767e-05
5.134914e+00,6.586332e+01,3.187447e-03,2.695451e+02,1.857540e+01,3.320063e+00,2.330874e-02,1.360743e-05
5.208189e+00,6.539197e+01,3.164962e-03,2.675665e+02,1.994918e+01,3.207311e+00,2.314498e-02,1.351719e-05
5.282510e+00,6.492061e+01,3.142477e-03,2.655878e+02,2.172207e+01,3.100184e+00,2.298122e-02,1.342695e-05
5.357892e+00,6.446408e+01,3.120328e-03,2.637254e+02,2.402843e+01,2.998505e+00,2.281747e-02,1.333671e-05
5.434349e+00,6.401307e+01,3.098721e-03,2.618752e+02,2.705549e+01,2.903601e+00,2.265371e-02,1.324647e-05
5.511898e+00,6.356206e+01,3.077114e-03,2.600251e+02,3.110501e+01,2.813424e+00,2.249592e-02,1.315934e-05
5.590553e+00,6.311104e+01,3.055506e-03,2.581750e+02,3.667883e+01,2.727660e+00,2.233997e-02,1.307316e-05
5.670330e+00,6.266003e+01,3.033899e-03,2.563249e+02,4.458475e+01,2.646149e+00,2.218403e-02,1.298699e-05
5.751246e+00,6.222097e+01,3.012292e-03,2.545576e+02,5.631707e+01,2.568716e+00,2.202808e-02,1.290081e-05
5.833316e+00,6.178732e+01,2.990684e-03,2.528278e+02,7.488810e+01,2.495679e+00,2.187214e-02,1.281464e-05
5.916558e+00,6.135367e+01,2.969311e-03,2.510818e+02,1.067025e+02,2.426503e+00,2.171619e-02,1.272846e-05
6.000987e+00,6.092003e+01,2.948789e-03,2.492762e+02,1.685252e+02,2.360715e+00,2.156024e-02,1.264229e-05
6.086621e+00,6.048638e+01,2.928268e-03,2.474706e+02,3.131716e+02,2.298185e+00,2.140485e-02,1.255640e-05
6.173478e+00,6.005273e+01,2.907746e-03,2.456650e+02,7.844538e+02,2.238781e+00,2.125652e-02,1.247420e-05
6.261573e+00,5.963096e+01,2.887225e-03,2.439471e+02,3.286079e+03,2.182875e+00,2.110819e-02,1.239201e-05
6.350926e+00,5.921589e+01,2.866703e-03,2.422787e+02,2.612786e+03,2.130121e+00,2.095986e-02,1.230981e-05
6.441554e+00,5.880082e+01,2.846182e-03,2.406102e+02,6.359298e+02,2.078288e+00,2.081153e-02,1.222762e-05
6.533475e+00,5.838575e+01,2.825660e-03,2.389418e+02,2.583902e+02,2.031215e+00,2.066321e-02,1.214542e-05
6.626708e+00,5.797068e+01,2.805867e-03,2.372108e+02,1.392893e+02,1.984424e+00,2.051488e-02,1.206322e-05
6.721271e+00,5.755561e+01,2.786230e-03,2.354662e+02,8.888861e+01,1.942402e+00,2.037098e-02,1.198335e-05
6.817184e+00,5.714626e+01,2.766594e-03,2.337723e+02,6.390177e+01,1.900429e+00,2.022963e-02,1.190480e-05
6.914465e+00,5.674856e+01,2.746958e-03,2.321817e+02,5.072522e+01,1.862949e+00,2.008828e-02,1.182626e-05
7.013135e+00,5.635086e+01,2.727322e-03,2.305911e+02,4.424720e+01,1.825565e+00,1.994693e-02,1.174772e-05
7.113213e+00,5.595315e+01,2.708276e-03,2.289488e+02,4.256208e+01,1.792217e+00,1.980558e-02,1.166917e-05
7.214718e+00,5.555545e+01,2.689396e-03,2.272921e+02,4.577429e+01,1.759210e+00,1.966423e-02,1.159063e-05
7.317673e+00,5.515775e+01,2.670516e-03,2.256354e+02,5.632739e+01,1.729661e+00,1.952288e-02,1.151209e-05
7.422096e+00,5.476955e+01,2.651635e-03,2.240556e+02,8.246115e+01,1.700847e+00,1.938484e-02,1.143528e-05
7.528010e+00,5.438828e+01,2.632755e-03,2.225321e+02,1.551910e+02,1.674829e+00,1.925060e-02,1.136047e-05
7.635434e+00,5.400701e+01,2.613874e-03,2.210085e+02,4.525603e+02,1.650058e+00,1.911636e-02,1.128566e-05
7.744392e+00,5.362574e+01,2.595617e-03,2.194351e+02,1.838156e+03,1.627359e+00,1.898211e-02,1.121084e-05
7.854905e+00,5.324447e+01,2.577586e-03,2.178436e+02,5.055817e+02,1.606964e+00,1.884787e-02,1.113603e-05
7.966995e+00,5.286320e+01,2.559556e-03,2.162520e+02,1.529140e+02,1.588173e+00,1.871362e-02,1.106122e-05
8.080684e+00,5.248839e+01,2.541525e-03,2.147122e+02,7.187449e+01,1.569382e+00,1.857938e-02,1.098640e-05
8.195996e+00,5.212262e+01,2.523494e-03,2.132450e+02,4.230777e+01,1.555038e+00,1.844556e-02,1.091182e-05
8.312953e+00,5.175684e+01,2.505464e-03,2.117777e+02,2.843442e+01,1.540731e+00,1.831711e-02,1.084005e-05
8.431579e+00,5.139107e+01,2.487433e-03,2.102722e+02,2.086997e+01,1.528539e+00,1.818866e-02,1.076829e-05
8.551898e+00,5.102529e+01,2.470022e-03,2.087461e+02,1.628470e+01,1.518581e+00,1.806020e-02,1.069652e-05
8.673933e+00,5.065951e+01,2.452795e-03,2.072200e+02,1.332921e+01,1.508866e+00,1.793175e-02,1.062476e-05
8.797711e+00,5.030603e+01,2.435569e-03,2.057929e+02,1.134527e+01,1.502518e+00,1.780346e-02,1.055308e-05
8.923254e+00,4.995434e+01,2.418342e-03,2.043803e+02,9.992479e+00,1.498085e+00,1.767996e-02,1.048393e-05
9.050589e+00,4.960266e+01,2.401115e-03,2.029677e+02,9.101644e+00,1.495573e+00,1.755645e-02,1.041477e-05
9.179741e+00,4.925098e+01,2.383888e-03,2.015032e+02,8.582904e+00,1.493164e+00,1.743294e-02,1.034562e-05
9.310737e+00,4.889930e+01,2.367272e-03,2.000340e+02,8.453753e+00,1.495128e+00,1.730944e-02,1.027647e-05
9.443601e+00,4.855217e+01,2.350750e-03,1.985966e+02,8.856661e+00,1.497350e+00,1.718593e-02,1.020731e-05
9.578361e+00,4.821441e+01,2.334229e-03,1.972249e+02,1.029464e+01,1.502990e+00,1.706243e-02,1.013816e-05
9.715045e+00,4.787666e+01,2.317708e-03,1.958531e+02,1.466095e+01,1.510883e+00,1.694403e-02,1.007104e-05
9.853679e+00,4.753891e+01,2.301187e-03,1.944813e+02,3.341118e+01,1.520694e+00,1.682571e-02,1.000396e-05
9.994291e+00,4.720116e+01,2.284666e-03,1.931096e+02,2.348814e+02,1.533449e+00,1.670740e-02,9.936874e-06
1.013691e+01,4.686340e+01,2.268800e-03,1.917039e+02,5.609565e+01,1.549757e+00,1.658908e-02,9.875234e-06
1.028156e+01,4.652850e+01,2.252961e-03,1.902985e+02,1.758208e+01,1.567275e+00,1.647076e-02,9.813823e-06
1.042828e+01,4.620421e+01,2.237122e-03,1.889933e+02,1.117908e+01,1.590153e+00,1.635245e-02,9.752411e-06
1.057709e+01,4.587993e+01,2.221283e-03,1.876881e+02,9.590762e+00,1.615405e+00,1.623850e-02,9.691000e-06
1.072803e+01,4.555564e+01,2.205445e-03,1.863594e+02,9.714493e+00,1.645275e+00,1.612503e-02,9.629589e-06
1.088112e+01,4.523135e+01,2.189606e-03,1.850038e+02,1.115527e+01,1.677709e+00,1.601156e-02,9.568178e-06
1.103639e+01,4.490707e+01,2.174405e-03,1.836482e+02,1.471339e+01,1.715253e+00,1.589809e-02,9.508973e-06
1.119388e+01,4.459448e+01,2.159322e-03,1.823969e+02,2.403747e+01,1.759103e+00,1.578461e-02,9.450173e-06
1.135362e+01,4.428378e+01,2.144239e-03,1.811624e+02,6.375586e+01,1.808914e+00,1.567201e-02,9.391373e-06
1.151564e+01,4.397308e+01,2.129155e-03,1.799068e+02,4.808658e+02,1.865018e+00,1.556368e-02,9.332574e-06
1.167996e+01,4.366238e+01,2.114072e-03,1.786318e+02,9.509587e+01,1.928253e+00,1.545534e-02,9.273774e-06
1.184664e+01,4.335168e+01,2.098989e-03,1.773448e+02,1.777789e+02,1.999618e+00,1.534701e-02,9.214975e-06
1.201569e+01,4.304098e+01,2.083905e-03,1.760295e+02,1.154739e+03,2.081460e+00,1.523867e-02,9.156175e-06
1.218715e+01,4.273203e+01,2.068935e-03,1.747308e+02,9.501617e+01,2.175856e+00,1.513034e-02,9.097768e-06
1.236106e+01,4.243467e+01,2.054589e-03,1.735426e+02,3.148300e+01,2.281793e+00,1.502201e-02,9.041531e-06
1.253746e+01,4.213730e+01,2.040242e-03,1.723506e+02,1.703600e+01,2.404174e+00,1.491367e-02,8.985294e-06
1.271637e+01,4.183994e+01,2.025896e-03,1.711175e+02,1.174793e+01,2.546123e+00,1.480885e-02,8.929056e-06
1.289783e+01,4.154258e+01,2.011550e-03,1.698844e+02,9.449402e+00,2.711096e+00,1.470483e-02,8.872819e-06
1.308188e+01,4.124521e+01,1.997203e-03,1.686512e+02,8.547913e+00,2.903680e+00,1.460081e-02,8.816581e-06
1.326856e+01,4.095397e+01,1.982857e-03,1.674487e+02,8.540277e+00,3.130353e+00,1.449680e-02,8.760344e-06
1.345790e+01,4.066890e+01,1.968994e-03,1.663024e+02,9.422309e+00,3.399703e+00,1.439569e-02,8.705795e-06
1.364995e+01,4.038382e+01,1.955322e-03,1.651562e+02,1.165013e+01,3.723331e+00,1.429573e-02,8.651917e-06
1.384473e+01,4.009874e+01,1.941651e-03,1.640100e+02,1.671843e+01,4.117224e+00,1.419578e-02,8.598039e-06
1.404230e+01,3.981366e+01,1.927980e-03,1.628288e+02,3.017095e+01,4.603947e+00,1.409582e-02,8.544161e-06
1.424268e+01,3.952858e+01,1.914308e-03,1.616247e+02,8.579861e+01,5.216219e+00,1.399587e-02,8.490282e-06
1.444593e+01,3.924640e+01,1.900637e-03,1.604423e+02,1.049137e+03,6.001403e+00,1.389591e-02,8.436404e-06
1.465207e+01,3.897416e+01,1.886966e-03,1.593448e+02,2.220201e+02,7.036841e+00,1.379596e-02,8.382526e-06
1.486116e+01,3.870192e+01,1.873670e-03,1.582473e+02,4.481013e+01,8.443969e+00,1.369875e-02,8.329969e-06
1.507322e+01,3.842968e+01,1.860686e-03,1.571498e+02,1.966099e+01,1.043222e+01,1.360382e-02,8.278507e-06
1.528832e+01,3.815744e+01,1.847702e-03,1.560524e+02,1.183184e+01,1.338762e+01,1.350889e-02,8.227044e-06
1.550648e+01,3.788520e+01,1.834718e-03,1.549150e+02,8.506562e+00,1.813093e+01,1.341396e-02,8.175582e-06
1.572776e+01,3.761296e+01,1.821734e-03,1.537618e+02,6.874571e+00,2.661792e+01,1.331903e-02,8.124120e-06
1.595220e+01,3.734680e+01,1.808749e-03,1.526640e+02,6.033656e+00,4.563656e+01,1.322410e-02,8.072657e-06
1.617984e+01,3.708662e+01,1.795765e-03,1.516205e+02,5.650019e+00,1.714768e+02,1.312917e-02,8.021195e-06
1.641072e+01,3.682643e+01,1.782868e-03,1.505771e+02,5.583628e+00,2.076216e+02,1.303487e-02,7.970110e-06
1.664490e+01,3.656625e+01,1.770444e-03,1.495202e+02,5.816760e+00,1.383265e+03,1.294404e-02,7.921093e-06
1.688243e+01,3.630606e+01,1.758020e-03,1.484315e+02,6.458089e+00,1.650902e+03,1.285321e-02,7.872076e-06
1.712334e+01,3.604588e+01,1.745597e-03,1.473367e+02,7.943864e+00,1.919192e+02,1.276238e-02,7.823059e-06
1.736769e+01,3.579067e+01,1.733173e-03,1.462853e+02,1.245929e+01,6.914956e+01,1.267155e-02,7.774043e-06
1.761553e+01,3.554142e+01,1.720804e-03,1.452858e+02,4.695891e+01,3.607867e+01,1.258111e-02,7.725026e-06
1.786690e+01,3.529216e+01,1.708858e-03,1.442863e+02,9.240692e+01,2.294787e+01,1.249377e-02,7.676009e-06
1.812186e+01,3.504290e+01,1.696913e-03,1.432761e+02,1.690373e+01,1.677989e+01,1.240644e-02,7.626993e-06
1.838046e+01,3.479364e+01,1.684967e-03,1.422297e+02,1.291860e+01,1.378119e+01,1.231910e-02,7.578166e-06
1.864275e+01,3.454438e+01,1.673022e-03,1.411833e+02,1.418268e+01,1.263742e+01,1.223176e-02,7.531283e-06
1.890879e+01,3.429941e+01,1.661077e-03,1.401733e+02,1.835570e+01,1.296637e+01,1.214443e-02,7.484401e-06
1.917861e+01,3.406067e+01,1.649164e-03,1.392163e+02,2.781673e+01,1.501685e+01,1.205733e-02,7.437518e-06
1.945229e+01,3.382194e+01,1.637721e-03,1.382594e+02,5.539844e+01,2.000964e+01,1.197366e-02,7.390636e-06
1.972988e+01,3.358320e+01,1.626278e-03,1.372909e+02,2.491765e+02,3.197105e+01,1.188999e-02,7.343753e-06
2.001142e+01,3.334447e+01,1.614835e-03,1.363012e+02,8.085879e+02,6.798231e+01,1.180632e-02,7.297069e-06
2.029699e+01,3.310573e+01,1.603392e-03,1.352975e+02,1.212609e+02,2.765957e+02,1.172265e-02,7.255113e-06
2.058663e+01,3.286978e+01,1.591949e-03,1.343125e+02,1.809707e+02,6.157798e+03,1.163898e-02,7.213158e-06
2.088040e+01,3.264056e+01,1.580507e-03,1.333912e+02,1.333648e+03,1.871713e+02,1.155531e-02,7.171202e-06
2.117836e+01,3.241134e+01,1.569525e-03,1.324699e+02,1.062906e+03,5.524046e+01,1.147500e-02,7.129246e-06
2.148058e+01,3.218212e+01,1.558551e-03,1.315277e+02,1.448131e+02,4.974050e+01,1.139475e-02,7.087291e-06
2.178711e+01,3.195290e+01,1.547577e-03,1.305703e+02,5.620199e+01,5.114860e+01,1.131449e-02,7.045335e-06
2.209801e+01,3.172368e+01,1.536604e-03,1.296130e+02,3.193677e+01,1.379384e+01,1.123424e-02,7.004844e-06
2.241335e+01,3.150350e+01,1.525630e-03,1.287231e+02,2.349973e+01,9.201651e+00,1.115399e-02,6.964376e-06
2.273319e+01,3.128389e+01,1.514781e-03,1.278374e+02,2.295068e+01,8.635778e+00,1.107465e-02,6.923908e-06
2.305759e+01,3.106427e+01,1.504304e-03,1.269516e+02,3.460598e+01,1.768689e+01,1.099803e-02,6.883440e-06
2.338662e+01,3.084465e+01,1.493827e-03,1.260659e+02,1.263119e+02,1.496389e+02,1.092142e-02,6.842972e-06
2.372035e+01,3.062504e+01,1.483350e-03,1.251653e+02,7.502940e+02,1.002635e+01,1.084480e-02,6.802504e-06
2.405884e+01,3.040542e+01,1.472874e-03,1.242357e+02,5.653063e+01,5.525856e+00,1.076818e-02,6.762592e-06
2.440216e+01,3.018780e+01,1.462397e-03,1.233252e+02,1.994066e+01,5.346816e+00,1.069157e-02,6.723466e-06
2.475038e+01,2.997761e+01,1.451920e-03,1.224861e+02,1.126587e+01,8.230321e+00,1.061495e-02,6.684339e-06
2.510357e+01,2.976743e+01,1.441443e-03,1.216418e+02,7.930243e+00,3.046403e+01,1.053833e-02,6.645212e-06
2.546180e+01,2.955724e+01,1.431339e-03,1.207710e+02,6.385513e+00,4.466866e+02,1.046444e-02,6.606085e-06
2.582514e+01,2.934705e+01,1.421280e-03,1.199001e+02,5.676597e+00,1.519735e+01,1.039088e-02,6.567633e-06
2.619366e+01,2.913686e+01,1.411220e-03,1.190293e+02,5.536278e+00,5.120002e+00,1.031732e-02,6.529889e-06
2.656745e+01,2.893170e+01,1.401160e-03,1.181850e+02,6.070240e+00,2.844897e+00,1.024376e-02,6.492146e-06
2.694657e+01,2.873020e+01,1.391414e-03,1.173755e+02,8.368942e+00,1.951213e+00,1.017248e-02,6.454403e-06
2.733109e+01,2.852869e+01,1.381748e-03,1.165660e+02,2.834437e+01,1.495701e+00,1.010179e-02,6.416660e-06
2.772111e+01,2.832719e+01,1.372081e-03,1.157566e+02,4.936194e+01,1.223648e+00,1.003110e-02,6.378917e-06
2.811669e+01,2.812569e+01,1.362415e-03,1.149204e+02,1.295133e+01,1.043374e+00,9.960416e-03,6.341174e-06
2.851792e+01,2.792418e+01,1.352748e-03,1.140688e+02,1.517809e+01,9.162499e-01,9.889727e-03,6.303586e-06
2.892487e+01,2.772546e+01,1.343082e-03,1.132400e+02,2.886424e+01,8.216824e-01,9.819038e-03,6.267442e-06
2.933763e+01,2.753302e+01,1.333415e-03,1.124649e+02,1.357474e+02,7.493369e-01,9.748349e-03,6.231297e-06
2.975628e+01,2.734059e+01,1.324054e-03,1.116899e+02,3.103128e+02,6.918191e-01,9.679892e-03,6.195153e-06
3.018090e+01,2.714816e+01,1.314873e-03,1.109149e+02,1.425191e+03,6.464524e-01,9.612758e-03,6.159009e-06
3.061158e+01,2.695572e+01,1.305693e-03,1.101398e+02,6.187495e+01,6.098473e-01,9.545624e-03,6.122865e-06
3.104841e+01,2.676329e+01,1.296512e-03,1.093335e+02,2.510887e+01,5.805245e-01,9.478490e-03,6.086720e-06
3.149147e+01,2.657086e+01,1.287332e-03,1.085191e+02,4.490047e+01,5.576259e-01,9.411356e-03,6.050576e-06
3.194085e+01,2.638342e+01,1.278151e-03,1.077501e+02,5.064057e+01,5.392935e-01,9.344222e-03,6.018805e-06
3.239665e+01,2.619951e+01,1.268971e-03,1.070132e+02,1.642334e+01,5.258846e-01,9.277088e-03,5.988853e-06
3.285895e+01,2.601560e+01,1.259883e-03,1.062764e+02,4.176390e+01,5.172078e-01,9.210635e-03,5.958901e-06
3.332785e+01,2.583169e+01,1.251099e-03,1.055284e+02,1.145865e+02,5.121286e-01,9.146398e-03,5.928949e-06
3.380344e+01,2.564779e+01,1.242315e-03,1.047583e+02,3.264988e+01,5.110481e-01,9.082162e-03,5.898997e-06
3.428582e+01,2.546388e+01,1.233531e-03,1.039851e+02,3.030248e+01,5.146377e-01,9.017926e-03,5.869487e-06
3.477508e+01,2.528412e+01,1.224746e-03,1.032481e+02,7.039930e+02,5.225219e-01,8.953690e-03,5.840506e-06
3.527132e+01,2.510793e+01,1.216028e-03,1.025423e+02,8.931983e+01,5.362894e-01,8.889934e-03,5.811525e-06
3.577464e+01,2.493174e+01,1.207582e-03,1.018364e+02,3.931027e+01,5.568091e-01,8.828172e-03,5.782543e-06
3.628514e+01,2.475555e+01,1.199136e-03,1.011203e+02,1.460061e+01,5.864582e-01,8.766410e-03,5.753562e-06
3.680293e+01,2.457937e+01,1.190689e-03,1.003814e+02,4.665226e+01,6.282232e-01,8.704648e-03,5.724581e-06
3.732811e+01,2.440318e+01,1.182243e-03,9.964240e+01,7.194096e+01,6.899138e-01,8.642887e-03,5.695599e-06
3.786079e+01,2.423062e+01,1.173797e-03,9.893425e+01,1.013335e+01,7.852909e-01,8.581125e-03,5.666618e-06
3.840106e+01,2.406187e+01,1.165403e-03,9.825845e+01,7.963708e+00,9.540764e-01,8.519767e-03,5.638289e-06
3.894904e+01,2.389313e+01,1.157312e-03,9.758265e+01,1.569811e+02,1.334475e+00,8.460786e-03,5.610432e-06
3.950485e+01,2.372438e+01,1.149221e-03,9.689689e+01,8.311280e+00,2.827750e+00,8.401806e-03,5.582575e-06
4.006858e+01,2.355563e+01,1.141131e-03,9.619793e+01,3.928753e+00,6.734605e+01,8.342825e-03,5.554718e-06
4.064036e+01,2.338688e+01,1.133040e-03,9.548792e+01,3.440892e+00,5.068558e+00,8.283845e-03,5.526861e-06
4.122030e+01,2.322064e+01,1.124949e-03,9.479741e+01,3.774448e+00,2.237123e+00,8.224864e-03,5.499004e-06
4.180852e+01,2.305862e+01,1.116880e-03,9.414683e+01,4.916545e+00,2.298715e+00,8.165883e-03,5.471147e-06
4.240513e+01,2.289660e+01,1.109121e-03,9.349624e+01,7.974769e+00,3.237321e+00,8.107386e-03,5.443290e-06
4.301025e+01,2.273458e+01,1.101361e-03,9.282881e+01,2.020858e+01,6.177814e+00,8.051037e-03,5.416245e-06
4.362401e+01,2.257256e+01,1.093602e-03,9.215275e+01,1.254601e+02,2.242994e+01,7.994687e-03,5.389542e-06
4.424652e+01,2.241069e+01,1.085843e-03,9.147782e+01,1.674114e+02,2.373781e+03,7.938337e-03,5.362839e-06
4.487792e+01,2.225545e+01,1.078084e-03,9.085232e+01,2.103872e+01,1.886850e+01,7.881988e-03,5.336136e-06
4.551833e+01,2.210022e+01,1.070441e-03,9.022683e+01,1.710163e+01,6.483477e+00,7.825638e-03,5.309433e-06
4.616788e+01,2.194498e+01,1.063033e-03,8.960133e+01,3.324559e+02,4.964013e+00,7.769931e-03,5.282730e-06
4.682669e+01,2.178975e+01,1.055626e-03,8.897584e+01,4.753580e+02,6.178005e+00,7.715891e-03,5.256027e-06
4.749491e+01,2.163452e+01,1.048218e-03,8.833734e+01,2.705458e+01,1.184869e+01,7.661852e-03,5.229323e-06
4.817267e+01,2.147928e+01,1.040810e-03,8.768086e+01,9.559646e+00,4.708497e+01,7.607812e-03,5.202774e-06
4.886009e+01,2.132600e+01,1.033402e-03,8.704306e+01,6.513987e+00,2.659041e+03,7.553772e-03,5.176822e-06
4.955733e+01,2.117743e+01,1.025995e-03,8.645048e+01,7.747067e+00,3.204592e+01,7.499733e-03,5.150869e-06
5.026451e+01,2.102886e+01,1.018587e-03,8.585245e+01,1.435009e+01,9.022213e+00,7.446522e-03,5.126204e-06
5.098179e+01,2.088029e+01,1.011467e-03,8.523749e+01,7.079483e+01,4.423820e+00,7.394707e-03,5.103710e-06
5.170930e+01,2.073172e+01,1.004354e-03,8.462252e+01,1.761155e+02,2.828186e+00,7.342893e-03,5.081216e-06
5.244719e+01,2.058315e+01,9.972417e-04,8.400656e+01,1.638452e+02,2.155487e+00,7.291079e-03,5.058722e-06
5.319561e+01,2.043863e+01,9.901292e-04,8.341481e+01,8.307266e+01,1.901865e+00,7.239265e-03,5.036228e-06
5.395472e+01,2.029620e+01,9.832603e-04,8.284316e+01,2.200997e+02,1.920509e+00,7.187451e-03,5.013735e-06
5.472465e+01,2.015376e+01,9.764255e-04,8.227152e+01,1.841530e+01,2.232660e+00,7.136168e-03,4.991241e-06
5.550557e+01,2.001133e+01,9.695907e-04,8.169844e+01,9.314391e+00,3.048669e+00,7.086419e-03,4.968747e-06
5.629764e+01,1.986890e+01,9.627560e-04,8.110751e+01,4.743893e+02,5.172175e+00,7.036670e-03,4.946259e-06
5.710101e+01,1.972647e+01,9.559212e-04,8.050548e+01,6.497019e+00,1.271273e+01,6.986921e-03,4.924590e-06
5.791584e+01,1.958652e+01,9.490864e-04,7.992461e+01,5.089149e+00,9.097267e+01,6.937172e-03,4.902920e-06
5.874230e+01,1.945050e+01,9.422517e-04,7.937729e+01,1.303699e+01,1.456107e+02,6.887423e-03,4.881251e-06
5.958056e+01,1.931448e+01,9.356603e-04,7.882997e+01,4.114583e+02,1.399647e+01,6.839564e-03,4.859582e-06
6.043077e+01,1.917846e+01,9.291691e-04,7.828266e+01,8.804325e+00,5.016872e+00,6.791900e-03,4.837912e-06
6.129312e+01,1.904245e+01,9.226780e-04,7.773534e+01,5.538547e+00,2.675643e+00,6.744235e-03,4.816243e-06
6.216778e+01,1.890643e+01,9.161868e-04,7.716366e+01,2.339695e+01,1.776148e+00,6.696570e-03,4.794573e-06
6.305491e+01,1.877041e+01,9.096957e-04,7.658855e+01,3.477428e+02,1.402900e+00,6.648906e-03,4.772904e-06
6.395471e+01,1.863840e+01,9.032045e-04,7.604990e+01,1.253884e+01,1.358977e+00,6.601241e-03,4.751745e-06
6.486734e+01,1.850841e+01,8.967134e-04,7.552954e+01,1.605761e+01,1.856998e+00,6.553938e-03,4.730871e-06
6.579300e+01,1.837841e+01,8.903105e-04,7.500918e+01,1.092757e+01,5.658246e+00,6.508319e-03,4.709996e-06
6.673187e+01,1.824842e+01,8.840995e-04,7.447980e+01,2.927637e+00,4.449620e+02,6.462700e-03,4.689121e-06
6.768414e+01,1.811842e+01,8.778885e-04,7.393504e+01,2.618025e+00,3.891047e+00,6.417081e-03,4.668247e-06
6.864999e+01,1.798843e+01,8.716775e-04,7.338903e+01,7.827886e+00,1.321885e+00,6.371462e-03,4.647372e-06
6.962963e+01,1.786181e+01,8.654665e-04,7.287238e+01,6.469759e+02,7.934667e-01,6.325843e-03,4.626498e-06
7.062324e+01,1.773727e+01,8.593211e-04,7.237392e+01,5.990354e+00,6.027943e-01,6.281250e-03,4.605623e-06
7.163104e+01,1.761273e+01,8.533493e-04,7.187547e+01,1.837302e+00,5.193200e-01,6.237516e-03,4.589920e-06
7.265322e+01,1.748820e+01,8.473774e-04,7.136794e+01,1.117356e+00,4.861463e-01,6.193782e-03,4.574713e-06
7.368998e+01,1.736366e+01,8.414056e-04,7.084608e+01,9.309079e-01,4.855508e-01,6.150048e-03,4.559505e-06
7.474154e+01,1.723912e+01,8.354337e-04,7.032422e+01,1.022685e+00,5.156859e-01,6.106315e-03,4.544297e-06
7.580810e+01,1.711757e+01,8.294619e-04,6.982768e+01,2.374093e+00,5.860811e-01,6.062581e-03,4.529089e-06
7.688989e+01,1.699828e+01,8.235508e-04,6.935036e+01,2.359992e+01,7.263965e-01,6.019381e-03,4.513881e-06
7.798711e+01,1.687900e+01,8.178478e-04,6.887304e+01,4.962227e+01,1.023905e+00,5.977616e-03,4.498674e-06
7.909998e+01,1.675971e+01,8.121448e-04,6.838717e+01,2.471967e+02,1.802075e+00,5.935850e-03,4.483466e-06
8.022874e+01,1.664042e+01,8.064418e-04,6.789349e+01,9.630369e+00,5.288031e+00,5.894085e-03,4.468258e-06
8.137361e+01,1.652114e+01,8.007388e-04,6.739117e+01,7.218260e+00,4.298189e+02,5.852320e-03,4.453386e-06
8.253481e+01,1.640455e+01,7.950358e-04,6.691354e+01,2.176816e+00,5.932225e+01,5.810555e-03,4.438664e-06
8.371259e+01,1.629094e+01,7.893328e-04,6.646531e+01,1.155658e+01,3.525567e+00,5.768789e-03,4.423941e-06
8.490717e+01,1.617732e+01,7.836971e-04,6.601708e+01,1.635764e+01,2.213340e+00,5.728043e-03,4.409219e-06
8.611880e+01,1.606371e+01,7.782484e-04,6.554995e+01,2.337573e+00,4.216491e+00,5.688127e-03,4.394496e-06
8.734771e+01,1.595009e+01,7.727998e-04,6.507630e+01,1.067220e+00,3.536017e+02,5.648211e-03,4.379774e-06
8.859417e+01,1.583648e+01,7.673511e-04,6.460265e+01,1.022592e+00,5.280429e+00,5.608296e-03,4.365052e-06
8.985841e+01,1.572286e+01,7.619024e-04,6.412900e+01,2.764755e+00,1.620768e+00,5.568380e-03,4.350329e-06
9.114069e+01,1.560925e+01,7.564537e-04,6.365535e+01,3.650624e+00,1.082878e+00,5.528465e-03,4.335607e-06
9.244127e+01,1.550014e+01,7.510349e-04,6.321809e+01,1.671246e+02,1.049848e+00,5.489390e-03,4.321090e-06
9.376041e+01,1.539206e+01,7.456693e-04,6.278908e+01,7.801114e+00,1.394076e+00,5.451151e-03,4.306751e-06
9.509837e+01,1.528398e+01,7.403037e-04,6.234995e+01,6.416151e+00,3.205024e+00,5.412911e-03,4.292411e-06
9.645543e+01,1.517590e+01,7.349382e-04,6.190079e+01,1.568456e+02,2.456261e+02,5.374672e-03,4.278072e-06
9.783185e+01,1.506782e+01,7.295726e-04,6.145163e+01,2.471080e+01,5.641756e+00,5.336432e-03,4.263733e-06
9.922792e+01,1.495974e+01,7.242070e-04,6.100247e+01,8.780676e+00,1.171878e+01,5.298193e-03,4.249394e-06
1.006439e+02,1.485370e+01,7.188414e-04,6.056926e+01,9.822807e+00,4.949788e+01,5.260668e-03,4.236439e-06
1.020801e+02,1.475069e+01,7.134758e-04,6.015971e+01,3.384174e+01,4.363457e+00,5.224007e-03,4.225156e-06
1.035368e+02,1.464768e+01,7.081103e-04,5.975017e+01,5.301427e+00,4.735095e+00,5.187345e-03,4.213872e-06
1.050143e+02,1.454467e+01,7.027135e-04,5.933755e+01,1.052327e+01,1.135233e+02,5.150683e-03,4.202589e-06
1.065128e+02,1.444167e+01,6.972691e-04,5.890675e+01,1.494077e+01,9.432675e+00,5.114022e-03,4.191306e-06
1.080327e+02,1.433866e+01,6.918247e-04,5.847594e+01,5.329274e+00,2.298369e+01,5.077360e-03,4.180023e-06
1.095744e+02,1.423565e+01,6.863803e-04,5.804513e+01,2.673122e+02,1.758133e+01,5.041193e-03,4.168739e-06
1.111380e+02,1.413398e+01,6.809359e-04,5.762692e+01,3.631348e+00,3.409695e+01,5.005995e-03,4.157456e-06
1.127239e+02,1.403614e+01,6.754915e-04,5.724227e+01,2.821109e+01,4.789169e+00,4.970796e-03,4.146173e-06
1.143325e+02,1.393829e+01,6.701972e-04,5.683955e+01,1.917953e+01,8.875532e+00,4.935597e-03,4.134890e-06
1.159641e+02,1.384045e+01,6.649791e-04,5.643683e+01,1.402781e+01,2.603995e+01,4.900398e-03,4.123822e-06
1.176189e+02,1.374260e+01,6.597611e-04,5.603411e+01,6.654155e+00,5.499290e+00,4.865199e-03,4.112866e-06
1.192973e+02,1.364476e+01,6.545431e-04,5.563139e+01,4.545915e+00,1.437142e+01,4.831458e-03,4.101910e-06
1.209997e+02,1.354691e+01,6.493250e-04,5.522867e+01,3.293409e+00,1.660332e+03,4.797735e-03,4.090954e-06
1.227263e+02,1.344907e+01,6.442562e-04,5.482497e+01,2.685532e+01,1.337360e+01,4.764012e-03,4.079998e-06
1.244776e+02,1.335500e+01,6.392688e-04,5.443834e+01,5.260402e+02,3.567955e+00,4.730289e-03,4.069042e-06
1.262539e+02,1.326136e+01,6.342814e-04,5.405566e+01,1.780270e+02,1.755730e+00,4.696567e-03,4.058086e-06
1.280556e+02,1.316772e+01,6.292940e-04,5.367297e+01,5.715683e+00,1.150335e+00,4.662844e-03,4.047130e-06
1.298829e+02,1.307409e+01,6.243067e-04,5.329028e+01,1.050786e+02,9.237014e-01,4.629494e-03,4.036174e-06
1.317364e+02,1.298045e+01,6.193193e-04,5.290759e+01,1.784573e+01,8.993936e-01,4.597220e-03,4.025218e-06
1.336163e+02,1.288996e+01,6.143848e-04,5.254937e+01,1.895792e+01,1.107139e+00,4.564946e-03,4.014294e-06
1.355230e+02,1.279992e+01,6.096500e-04,5.217950e+01,3.201501e+00,1.978717e+00,4.532673e-03,4.003576e-06
1.374569e+02,1.270988e+01,6.049152e-04,5.180922e+01,4.121245e+01,9.477107e+00,4.500399e-03,3.992857e-06
1.394184e+02,1.261984e+01,6.001804e-04,5.143894e+01,3.659551e+00,1.296354e+02,4.468125e-03,3.982139e-06
1.414079e+02,1.252980e+01,5.954456e-04,5.106865e+01,9.347257e+01,5.693035e+00,4.436685e-03,3.971420e-06
1.434258e+02,1.243976e+01,5.907108e-04,5.069837e+01,1.750572e+00,2.121648e+02,4.405746e-03,3.966935e-06
1.454725e+02,1.235270e+01,5.859760e-04,5.035544e+01,4.211985e+01,6.413834e+00,4.374807e-03,3.962490e-06
1.475484e+02,1.226616e+01,5.813501e-04,5.000819e+01,1.565080e+01,7.042522e+00,4.343868e-03,3.958046e-06
1.496539e+02,1.217963e+01,5.768384e-04,4.966094e+01,8.722493e+02,3.369996e+00,4.312929e-03,3.953602e-06
1.517895e+02,1.209309e+01,5.723267e-04,4.931370e+01,1.579779e+01,1.042225e+00,4.281990e-03,3.949157e-06
1.539555e+02,1.200656e+01,5.678150e-04,4.896645e+01,6.444930e+01,1.156219e+00,4.251542e-03,3.944713e-06
1.561525e+02,1.192201e+01,5.633033e-04,4.860906e+01,1.040326e+02,1.271401e+01,4.221997e-03,3.940269e-06
1.583808e+02,1.183888e+01,5.587916e-04,4.824444e+01,2.896026e+00,2.463898e+00,4.192453e-03,3.935824e-06
1.606408e+02,1.175575e+01,5.544779e-04,4.789142e+01,1.839840e+01,8.475731e-01,4.162908e-03,3.931380e-06
1.629332e+02,1.167262e+01,5.501643e-04,4.755363e+01,4.690272e+00,1.225934e+00,4.133363e-03,3.926936e-06
1.652583e+02,1.158949e+01,5.458507e-04,4.721476e+01,1.717446e+00,8.304492e+01,4.103818e-03,3.922491e-06
1.676165e+02,1.150636e+01,5.415371e-04,4.687588e+01,1.294540e+01,2.507964e+00,4.074274e-03,3.918047e-06
1.700084e+02,1.142470e+01,5.372235e-04,4.654791e+01,3.215644e+01,6.776543e+00,4.045555e-03,3.913603e-06
1.724344e+02,1.134534e+01,5.329321e-04,4.622487e+01,9.815171e+00,5.895392e+00,4.017320e-03,3.909158e-06
1.748951e+02,1.126599e+01,5.288047e-04,4.589850e+01,7.325886e+00,1.120689e+00,3.989085e-03,3.904714e-06
1.773908e+02,1.118663e+01,5.246774e-04,4.557212e+01,6.446751e+00,3.556557e+00,3.960850e-03,3.900270e-06
1.799222e+02,1.110728e+01,5.205501e-04,4.524574e+01,1.221310e+01,3.997725e+00,3.932615e-03,3.895825e-06
1.824897e+02,1.102792e+01,5.164228e-04,4.491937e+01,6.743924e+01,1.322947e+00,3.904379e-03,3.891381e-06
1.850938e+02,1.094857e+01,5.122954e-04,4.459299e+01,6.686278e+01,9.609137e+01,3.876835e-03,3.886937e-06
1.877351e+02,1.087109e+01,5.083078e-04,4.428157e+01,6.628632e+01,1.133777e+00,3.849787e-03,3.882492e-06
1.904141e+02,1.079558e+01,5.043496e-04,4.397641e+01,6.570987e+01,4.421579e+00,3.822739e-03,3.878773e-06
1.931313e+02,1.072008e+01,5.003913e-04,4.366537e+01,6.513341e+01,3.136982e+00,3.795690e-03,3.875177e-06
1.958873e+02,1.064458e+01,4.964330e-04,4.335433e+01,6.455695e+01,1.125266e+02,3.768642e-03,3.871581e-06
1.986826e+02,1.056907e+01,4.924748e-04,4.304329e+01,6.399860e+01,1.491030e+00,3.741594e-03,3.867984e-06
2.015178e+02,1.049357e+01,4.886095e-04,4.273226e+01,6.344621e+01,1.011911e+00,3.715121e-03,3.864388e-06
2.043935e+02,1.041806e+01,4.848256e-04,4.242122e+01,6.289382e+01,3.344748e+01,3.689150e-03,3.860791e-06
2.073102e+02,1.034372e+01,4.810416e-04,4.211854e+01,6.234143e+01,1.062601e+01,3.663180e-03,3.859345e-06
2.102685e+02,1.027136e+01,4.772576e-04,4.182778e+01,6.178903e+01,1.190315e+01,3.637210e-03,3.857912e-06
2.132690e+02,1.019900e+01,4.734737e-04,4.152917e+01,6.125040e+01,1.334308e+00,3.611239e-03,3.856480e-06
2.163124e+02,1.012664e+01,4.696897e-04,4.123057e+01,6.071957e+01,4.590217e+01,3.585269e-03,3.855047e-06
2.193992e+02,1.005428e+01,4.659759e-04,4.093196e+01,6.018874e+01,4.549673e+01,3.559734e-03,3.853614e-06
2.225300e+02,9.983312e+00,4.623596e-04,4.064500e+01,5.965792e+01,4.509129e+01,3.534802e-03,3.852182e-06
2.257055e+02,9.913641e+00,4.587433e-04,4.036670e+01,5.912709e+01,4.468586e+01,3.509871e-03,3.850749e-06
2.289264e+02,9.843971e+00,4.551270e-04,4.007887e+01,5.861318e+01,4.428042e+01,3.484939e-03,3.849316e-06
2.321931e+02,9.774300e+00,4.515106e-04,3.979105e+01,5.810182e+01,4.387499e+01,3.460008e-03,3.847884e-06
2.355065e+02,9.704629e+00,4.479058e-04,3.950323e+01,5.759046e+01,4.348703e+01,3.435148e-03,3.846451e-06
2.388672e+02,9.634958e+00,4.444578e-04,3.921541e+01,5.707911e+01,4.309995e+01,3.411264e-03,3.845018e-06
2.422759e+02,9.567270e+00,4.410099e-04,3.894321e+01,5.657485e+01,4.271287e+01,3.387381e-03,3.843585e-06
2.457331e+02,9.500448e+00,4.375619e-04,3.867630e+01,5.608118e+01,4.232579e+01,3.363498e-03,3.842153e-06
2.492398e+02,9.433626e+00,4.341140e-04,3.839960e+01,5.558751e+01,4.194166e+01,3.339615e-03,3.840720e-06
2.527964e+02,9.366804e+00,4.306660e-04,3.812290e+01,5.509383e+01,4.157300e+01,3.315731e-03,3.839287e-06
2.564038e+02,9.299981e+00,4.272181e-04,3.784620e+01,5.460341e+01,4.120433e+01,3.291848e-03,3.837855e-06
2.600627e+02,9.233159e+00,4.238257e-04,3.756950e+01,5.412589e+01,4.083566e+01,3.268312e-03,3.836422e-06
2.637738e+02,9.168862e+00,4.205422e-04,3.731394e+01,5.364838e+01,4.046700e+01,3.245458e-03,3.834989e-06
2.675379e+02,9.105132e+00,4.172587e-04,3.706238e+01,5.317087e+01,4.009833e+01,3.222603e-03,3.833557e-06
2.713557e+02,9.041402e+00,4.139752e-04,3.679796e+01,5.269686e+01,3.973204e+01,3.199748e-03,3.832124e-06
2.752279e+02,8.977671e+00,4.106917e-04,3.653353e+01,5.223418e+01,3.938135e+01,3.176893e-03,3.830691e-06
2.791554e+02,8.913941e+00,4.074082e-04,3.626910e+01,5.177151e+01,3.903065e+01,3.154038e-03,3.829258e-06
2.831390e+02,8.850211e+00,4.042310e-04,3.600467e+01,5.130884e+01,3.867995e+01,3.131852e-03,3.827826e-06
2.871794e+02,8.786481e+00,4.010983e-04,3.574024e+01,5.085277e+01,3.832925e+01,3.109945e-03,3.826393e-06
2.912774e+02,8.723982e+00,3.979656e-04,3.548299e+01,5.040379e+01,3.798000e+01,3.088038e-03,3.824960e-06
2.954340e+02,8.663362e+00,3.948328e-04,3.523451e+01,4.995481e+01,3.764576e+01,3.066131e-03,3.823528e-06
2.996498e+02,8.602743e+00,3.917001e-04,3.498602e+01,4.950583e+01,3.731152e+01,3.044224e-03,3.822095e-06
3.039258e+02,8.542123e+00,3.885674e-04,3.473754e+01,4.907217e+01,3.697728e+01,3.022317e-03,3.820662e-06
3.082629e+02,8.481503e+00,3.855012e-04,3.448906e+01,4.863989e+01,3.664304e+01,3.000838e-03,3.819229e-06
3.126618e+02,8.420884e+00,3.825222e-04,3.424057e+01,4.820761e+01,3.630880e+01,2.979921e-03,3.817797e-06
3.171235e+02,8.360264e+00,3.795432e-04,3.399209e+01,4.777533e+01,3.598242e+01,2.959004e-03,3.817741e-06
3.216488e+02,8.301656e+00,3.765643e-04,3.375904e+01,4.734305e+01,3.566494e+01,2.938086e-03,3.823209e-06
3.262388e+02,8.243842e+00,3.735853e-04,3.352440e+01,4.691587e+01,3.534746e+01,2.917169e-03,3.828677e-06
3.308942e+02,8.186028e+00,3.706063e-04,3.328948e+01,4.650263e+01,3.502998e+01,2.896251e-03,3.834145e-06
3.356161e+02,8.128214e+00,3.676274e-04,3.305455e+01,4.608938e+01,3.471250e+01,2.875334e-03,3.839613e-06
3.404053e+02,8.070400e+00,3.647693e-04,3.281963e+01,4.567614e+01,3.439502e+01,2.855078e-03,3.845081e-06
3.452629e+02,8.012586e+00,3.619158e-04,3.257599e+01,4.526289e+01,3.408894e+01,2.835090e-03,3.850549e-06
3.501898e+02,7.954853e+00,3.590623e-04,3.233168e+01,4.485030e+01,3.378833e+01,2.815103e-03,3.856017e-06
3.551871e+02,7.899173e+00,3.562088e-04,3.210393e+01,4.445405e+01,3.348772e+01,2.795115e-03,3.861485e-06
3.602556e+02,7.843492e+00,3.534147e-04,3.187618e+01,4.405781e+01,3.318711e+01,2.775127e-03,3.866952e-06
3.653964e+02,7.787811e+00,3.506684e-04,3.164843e+01,4.366157e+01,3.288651e+01,2.755140e-03,3.872420e-06
3.706107e+02,7.732130e+00,3.479221e-04,3.142069e+01,4.326533e+01,3.258590e+01,2.735710e-03,3.877888e-06
3.758993e+02,7.677747e+00,3.451759e-04,3.120360e+01,4.287167e+01,3.229023e+01,2.716565e-03,3.883356e-06
3.812634e+02,7.624214e+00,3.424296e-04,3.098638e+01,4.249074e+01,3.200355e+01,2.697419e-03,3.888824e-06
3.867040e+02,7.570682e+00,3.397138e-04,3.076608e+01,4.210980e+01,3.171686e+01,2.678274e-03,3.894292e-06
3.922223e+02,7.517149e+00,3.370842e-04,3.054579e+01,4.172887e+01,3.143018e+01,2.659128e-03,3.899760e-06
3.978193e+02,7.463617e+00,3.344547e-04,3.032549e+01,4.134793e+01,3.114350e+01,2.639983e-03,3.905407e-06
4.034962e+02,7.410085e+00,3.318251e-04,3.010520e+01,4.097551e+01,3.085682e+01,2.621366e-03,3.916371e-06
4.092541e+02,7.356552e+00,3.291956e-04,2.988490e+01,4.060844e+01,3.057062e+01,2.603081e-03,3.927335e-06
4.150942e+02,7.305375e+00,3.265660e-04,2.968262e+01,4.024137e+01,3.028960e+01,2.584797e-03,3.938300e-06
4.210176e+02,7.254315e+00,3.240011e-04,2.947824e+01,3.987431e+01,3.000858e+01,2.566512e-03,3.949264e-06
4.270255e+02,7.203254e+00,3.214877e-04,2.926709e+01,3.951148e+01,2.972756e+01,2.548228e-03,3.960229e-06
4.331192e+02,7.152194e+00,3.189743e-04,2.905594e+01,3.915706e+01,2.944654e+01,2.529943e-03,3.971193e-06
4.392998e+02,7.101134e+00,3.164609e-04,2.884479e+01,3.880264e+01,2.917421e+01,2.511659e-03,3.982157e-06
4.455686e+02,7.050073e+00,3.139475e-04,2.863365e+01,3.844821e+01,2.890576e+01,2.493964e-03,3.993122e-06
4.519269e+02,6.999760e+00,3.114341e-04,2.842689e+01,3.809728e+01,2.863732e+01,2.476494e-03,4.004086e-06
4.583759e+02,6.951178e+00,3.090068e-04,2.822930e+01,3.775444e+01,2.836887e+01,2.459024e-03,4.015051e-06
4.649169e+02,6.902595e+00,3.065979e-04,2.803171e+01,3.741160e+01,2.810043e+01,2.441554e-03,4.026015e-06
4.715513e+02,6.854013e+00,3.041891e-04,2.783412e+01,3.706876e+01,2.783590e+01,2.424084e-03,4.036979e-06
4.782804e+02,6.805430e+00,3.017802e-04,2.763653e+01,3.673111e+01,2.757985e+01,2.406614e-03,4.047944e-06
4.851054e+02,6.756848e+00,2.993713e-04,2.743894e+01,3.639894e+01,2.732379e+01,2.389700e-03,4.058908e-06
4.920279e+02,6.708265e+00,2.970484e-04,2.723917e+01,3.606676e+01,2.706774e+01,2.372910e-03,4.069873e-06
4.990492e+02,6.660208e+00,2.947460e-04,2.703624e+01,3.573459e+01,2.681168e+01,2.356119e-03,4.080837e-06
5.061706e+02,6.614008e+00,2.924436e-04,2.684995e+01,3.541096e+01,2.656333e+01,2.339329e-03,4.088611e-06
5.133937e+02,6.567809e+00,2.901412e-04,2.666366e+01,3.508865e+01,2.631984e+01,2.322539e-03,4.095890e-06
5.207198e+02,6.521609e+00,2.878388e-04,2.647738e+01,3.476634e+01,2.607634e+01,2.305748e-03,4.103168e-06
5.281505e+02,6.475409e+00,2.855364e-04,2.629109e+01,3.444790e+01,2.583285e+01,2.289481e-03,4.110447e-06
5.356872e+02,6.429209e+00,2.832772e-04,2.610252e+01,3.413474e+01,2.558935e+01,2.273338e-03,4.117726e-06
5.433315e+02,6.383010e+00,2.810913e-04,2.590668e+01,3.382158e+01,2.534585e+01,2.257194e-03,4.125005e-06
5.510849e+02,6.337107e+00,2.789055e-04,2.571339e+01,3.351015e+01,2.510844e+01,2.241051e-03,4.132283e-06
5.589489e+02,6.293042e+00,2.767197e-04,2.553591e+01,3.320940e+01,2.487545e+01,2.224907e-03,4.139562e-06
5.669251e+02,6.248977e+00,2.745339e-04,2.535842e+01,3.290866e+01,2.464246e+01,2.208820e-03,4.146841e-06
5.750151e+02,6.204912e+00,2.723481e-04,2.518094e+01,3.260792e+01,2.441163e+01,2.193414e-03,4.154120e-06
5.832206e+02,6.160847e+00,2.701622e-04,2.499814e+01,3.230717e+01,2.418850e+01,2.178009e-03,4.161398e-06
5.915432e+02,6.116783e+00,2.680433e-04,2.481310e+01,3.200643e+01,2.396538e+01,2.162603e-03,4.168677e-06
5.999845e+02,6.073158e+00,2.659605e-04,2.463133e+01,3.170569e+01,2.374226e+01,2.147198e-03,4.175956e-06
6.085463e+02,6.030898e+00,2.638777e-04,2.445971e+01,3.141987e+01,2.351913e+01,2.131792e-03,4.183235e-06
6.172303e+02,5.988637e+00,2.617949e-04,2.428808e+01,3.113409e+01,2.329601e+01,2.116387e-03,4.190513e-06
6.260382e+02,5.946377e+00,2.597121e-04,2.411646e+01,3.084830e+01,2.307698e+01,2.100982e-03,4.197792e-06
6.349717e+02,5.904117e+00,2.576440e-04,2.394484e+01,3.056251e+01,2.286601e+01,2.086021e-03,4.205071e-06
6.440328e+02,5.861856e+00,2.556526e-04,2.376887e+01,3.027673e+01,2.265503e+01,2.071236e-03,4.212350e-06
6.532232e+02,5.820249e+00,2.536613e-04,2.359675e+01,2.999556e+01,2.244405e+01,2.056450e-03,4.219710e-06
6.625447e+02,5.779858e+00,2.516699e-04,2.343730e+01,2.972299e+01,2.223308e+01,2.041664e-03,4.227147e-06
6.719992e+02,5.739467e+00,2.496785e-04,2.327785e+01,2.945043e+01,2.202210e+01,2.027241e-03,4.234583e-06
6.815887e+02,5.699076e+00,2.476871e-04,2.311275e+01,2.917786e+01,2.181381e+01,2.013039e-03,4.242020e-06
6.913149e+02,5.658686e+00,2.457198e-04,2.294449e+01,2.890529e+01,2.161270e+01,1.998836e-03,4.249456e-06
7.011800e+02,5.618295e+00,2.438145e-04,2.277623e+01,2.863413e+01,2.141159e+01,1.984633e-03,4.256892e-06
7.111859e+02,5.577904e+00,2.419091e-04,2.260796e+01,2.837336e+01,2.121048e+01,1.970431e-03,4.267424e-06
7.213345e+02,5.537513e+00,2.400038e-04,2.243970e+01,2.811259e+01,2.101053e+01,1.956228e-03,4.282484e-06
7.316280e+02,5.498720e+00,2.380984e-04,2.228452e+01,2.785181e+01,2.081781e+01,1.942026e-03,4.297545e-06
7.420683e+02,5.460392e+00,2.361931e-04,2.213314e+01,2.759104e+01,2.062509e+01,1.928150e-03,4.312606e-06
7.526577e+02,5.422064e+00,2.343648e-04,2.197628e+01,2.733292e+01,2.043237e+01,1.914668e-03,4.327666e-06
7.633981e+02,5.383736e+00,2.325374e-04,2.181726e+01,2.708275e+01,2.023965e+01,1.901186e-03,4.342727e-06
7.742918e+02,5.345408e+00,2.307101e-04,2.165824e+01,2.683257e+01,2.004820e+01,1.887704e-03,4.357787e-06
7.853410e+02,5.307080e+00,2.288828e-04,2.149921e+01,2.658240e+01,1.986269e+01,1.874223e-03,4.372848e-06
7.965478e+02,5.268752e+00,2.270554e-04,2.134019e+01,2.633223e+01,1.967719e+01,1.860741e-03,4.387909e-06
8.079146e+02,5.231932e+00,2.252736e-04,2.119274e+01,2.608873e+01,1.949168e+01,1.847259e-03,4.402969e-06
8.194436e+02,5.195414e+00,2.235117e-04,2.104761e+01,2.584816e+01,1.930617e+01,1.833813e-03,4.418030e-06
8.311370e+02,5.158896e+00,2.217499e-04,2.089860e+01,2.560759e+01,1.912066e+01,1.820918e-03,4.433091e-06
8.429974e+02,5.122378e+00,2.199881e-04,2.074675e+01,2.536702e+01,1.893516e+01,1.808024e-03,4.448564e-06
8.550270e+02,5.085860e+00,2.182771e-04,2.059490e+01,2.513008e+01,1.875640e+01,1.795130e-03,4.465968e-06
8.672282e+02,5.049343e+00,2.165823e-04,2.044305e+01,2.489824e+01,1.857981e+01,1.782236e-03,4.483371e-06
8.796036e+02,5.013552e+00,2.148875e-04,2.029751e+01,2.466641e+01,1.840322e+01,1.769351e-03,4.500775e-06
8.921556e+02,4.978637e+00,2.131928e-04,2.015539e+01,2.443458e+01,1.822663e+01,1.756958e-03,4.518178e-06
9.048867e+02,4.943722e+00,2.114980e-04,2.001156e+01,2.420580e+01,1.805004e+01,1.744565e-03,4.535582e-06
9.177994e+02,4.908807e+00,2.098033e-04,1.986772e+01,2.398196e+01,1.787345e+01,1.732173e-03,4.552986e-06
9.308964e+02,4.873892e+00,2.081744e-04,1.972389e+01,2.375812e+01,1.770517e+01,1.719780e-03,4.570389e-06
9.441804e+02,4.838977e+00,2.065569e-04,1.958005e+01,2.353428e+01,1.753833e+01,1.707387e-03,4.587793e-06
9.576538e+02,4.804701e+00,2.049394e-04,1.944118e+01,2.331461e+01,1.737149e+01,1.694994e-03,4.605196e-06
9.713196e+02,4.770914e+00,2.033219e-04,1.930306e+01,2.309813e+01,1.720465e+01,1.683056e-03,4.622600e-06
9.851803e+02,4.737128e+00,2.017044e-04,1.916447e+01,2.288165e+01,1.703781e+01,1.671132e-03,4.640004e-06
9.992389e+02,4.703341e+00,2.000869e-04,1.902588e+01,2.266517e+01,1.687097e+01,1.659208e-03,4.657407e-06
1.013498e+03,4.670253e+00,1.992077e-04,1.888899e+01,2.245586e+01,1.670727e+01,1.647284e-03,4.674811e-06
1.027961e+03,4.637769e+00,1.983705e-04,1.875607e+01,2.224696e+01,1.654375e+01,1.635360e-03,4.692215e-06
1.042630e+03,4.605284e+00,1.975332e-04,1.862315e+01,2.203806e+01,1.638023e+01,1.623436e-03,4.709618e-06
1.057508e+03,4.572800e+00,1.966959e-04,1.849023e+01,2.182916e+01,1.622285e+01,1.611905e-03,4.727022e-06
1.072599e+03,4.540316e+00,1.958586e-04,1.835732e+01,2.162543e+01,1.606624e+01,1.600422e-03,4.744425e-06
1.087905e+03,4.507831e+00,1.950214e-04,1.822440e+01,2.142426e+01,1.590963e+01,1.588940e-03,4.761829e-06
1.103429e+03,4.475347e+00,1.941841e-04,1.809148e+01,2.122309e+01,1.575302e+01,1.577457e-03,4.779233e-06
1.119175e+03,4.443644e+00,1.933468e-04,1.796289e+01,2.102193e+01,1.559640e+01,1.565975e-03,4.796636e-06
1.135146e+03,4.412771e+00,1.925140e-04,1.783889e+01,2.082525e+01,1.544105e+01,1.554575e-03,4.814040e-06
1.151344e+03,4.381897e+00,1.917051e-04,1.771489e+01,2.063116e+01,1.529252e+01,1.543622e-03,4.831444e-06
1.167774e+03,4.351024e+00,1.908961e-04,1.759089e+01,2.043707e+01,1.514398e+01,1.532670e-03,4.848847e-06
1.184438e+03,4.320150e+00,1.900872e-04,1.746689e+01,2.024298e+01,1.499544e+01,1.521717e-03,4.866251e-06
1.201340e+03,4.289277e+00,1.892783e-04,1.733821e+01,2.005422e+01,1.484690e+01,1.510765e-03,4.885556e-06
1.218483e+03,4.258404e+00,1.884694e-04,1.720767e+01,1.986664e+01,1.469931e+01,1.499812e-03,4.905613e-06
1.235871e+03,4.227810e+00,1.876605e-04,1.707921e+01,1.967906e+01,1.455749e+01,1.488859e-03,4.925670e-06
1.253507e+03,4.198251e+00,1.868515e-04,1.695840e+01,1.949267e+01,1.441568e+01,1.477907e-03,4.945727e-06
1.271395e+03,4.168692e+00,1.860637e-04,1.683758e+01,1.931109e+01,1.427386e+01,1.467310e-03,4.965785e-06
1.289538e+03,4.139133e+00,1.852812e-04,1.671677e+01,1.912951e+01,1.413205e+01,1.456802e-03,4.985842e-06
1.307939e+03,4.109574e+00,1.844986e-04,1.659595e+01,1.894794e+01,1.399530e+01,1.446294e-03,5.005899e-06
1.326604e+03,4.080301e+00,1.837161e-04,1.647649e+01,1.877056e+01,1.386023e+01,1.435787e-03,5.025956e-06
1.345534e+03,4.051865e+00,1.829335e-04,1.636099e+01,1.859456e+01,1.372517e+01,1.425573e-03,5.046014e-06
1.364735e+03,4.023429e+00,1.821510e-04,1.624549e+01,1.841855e+01,1.359010e+01,1.415484e-03,5.066071e-06
1.384210e+03,3.994994e+00,1.813684e-04,1.612998e+01,1.824498e+01,1.345503e+01,1.405395e-03,5.086128e-06
1.403963e+03,3.966558e+00,1.805859e-04,1.601448e+01,1.807415e+01,1.332148e+01,1.395305e-03,5.106185e-06
1.423997e+03,3.938122e+00,1.798202e-04,1.589846e+01,1.790332e+01,1.319299e+01,1.385216e-03,5.131160e-06
1.444318e+03,3.910032e+00,1.790655e-04,1.578144e+01,1.773410e+01,1.306450e+01,1.375127e-03,5.161320e-06
1.464928e+03,3.882732e+00,1.783108e-04,1.567223e+01,1.756810e+01,1.293601e+01,1.365038e-03,5.191479e-06
1.485833e+03,3.855432e+00,1.775560e-04,1.556302e+01,1.740210e+01,1.280753e+01,1.355224e-03,5.221639e-06
1.507036e+03,3.828132e+00,1.768013e-04,1.545381e+01,1.723828e+01,1.268271e+01,1.345652e-03,5.251798e-06
1.528541e+03,3.800832e+00,1.760466e-04,1.534459e+01,1.707887e+01,1.256025e+01,1.336080e-03,5.281958e-06
1.550353e+03,3.773618e+00,1.752919e-04,1.523499e+01,1.691947e+01,1.243780e+01,1.326507e-03,5.312117e-06
1.572477e+03,3.747438e+00,1.745371e-04,1.512071e+01,1.676007e+01,1.231534e+01,1.316935e-03,5.342277e-06
1.594916e+03,3.721257e+00,1.737824e-04,1.500642e+01,1.660066e+01,1.219288e+01,1.307363e-03,5.372437e-06
1.617676e+03,3.695077e+00,1.730495e-04,1.489922e+01,1.644126e+01,1.207288e+01,1.297791e-03,5.402596e-06
1.640760e+03,3.668897e+00,1.723212e-04,1.479238e+01,1.628730e+01,1.195574e+01,1.288278e-03,5.432756e-06
1.664174e+03,3.642717e+00,1.715928e-04,1.468555e+01,1.613589e+01,1.183860e+01,1.279127e-03,5.462915e-06
1.687921e+03,3.616536e+00,1.708645e-04,1.457871e+01,1.598448e+01,1.172145e+01,1.269976e-03,5.493633e-06
1.712008e+03,3.591401e+00,1.701361e-04,1.447595e+01,1.583307e+01,1.160759e+01,1.260825e-03,5.525967e-06
1.736439e+03,3.566408e+00,1.694078e-04,1.437374e+01,1.568166e+01,1.149587e+01,1.251674e-03,5.558301e-06
1.761218e+03,3.541415e+00,1.686794e-04,1.427152e+01,1.553346e+01,1.138415e+01,1.242559e-03,5.590635e-06
1.786350e+03,3.516421e+00,1.679510e-04,1.416931e+01,1.538916e+01,1.127243e+01,1.233766e-03,5.622968e-06
1.811841e+03,3.491428e+00,1.672451e-04,1.406710e+01,1.524486e+01,1.116071e+01,1.224974e-03,5.655302e-06
1.837696e+03,3.466434e+00,1.665409e-04,1.396489e+01,1.510056e+01,1.104899e+01,1.216182e-03,5.687636e-06
1.863920e+03,3.441441e+00,1.658366e-04,1.386173e+01,1.495627e+01,1.094232e+01,1.207390e-03,5.719970e-06
1.890519e+03,3.417634e+00,1.651324e-04,1.376420e+01,1.481568e+01,1.083679e+01,1.198598e-03,5.752304e-06
1.917496e+03,3.393852e+00,1.644282e-04,1.366688e+01,1.467777e+01,1.073126e+01,1.189822e-03,5.784637e-06
1.944859e+03,3.370069e+00,1.637240e-04,1.356956e+01,1.453985e+01,1.062573e+01,1.181328e-03,5.816971e-06
1.972612e+03,3.346287e+00,1.630198e-04,1.347223e+01,1.440194e+01,1.052019e+01,1.172834e-03,5.849305e-06
2.000762e+03,3.322504e+00,1.623162e-04,1.337491e+01,1.426418e+01,1.041475e+01,1.164340e-03,5.881592e-06
2.029312e+03,3.298722e+00,1.616367e-04,1.327758e+01,1.413203e+01,1.031234e+01,1.155847e-03,5.912179e-06
2.058271e+03,3.274939e+00,1.609571e-04,1.318026e+01,1.399988e+01,1.020993e+01,1.147353e-03,5.942767e-06
2.087642e+03,3.252011e+00,1.602775e-04,1.308700e+01,1.386773e+01,1.010752e+01,1.138859e-03,5.973354e-06
2.117433e+03,3.229218e+00,1.595979e-04,1.299439e+01,1.373558e+01,1.000511e+01,1.130640e-03,6.003942e-06
2.147649e+03,3.206424e+00,1.589183e-04,1.290178e+01,1.360735e+01,9.902698e+00,1.122430e-03,6.034529e-06
2.178296e+03,3.183630e+00,1.582387e-04,1.280916e+01,1.348043e+01,9.804508e+00,1.114219e-03,6.065117e-06
2.209380e+03,3.160847e+00,1.575591e-04,1.271371e+01,1.335352e+01,9.706867e+00,1.106009e-03,6.095704e-06
2.240908e+03,3.138899e+00,1.568796e-04,1.262586e+01,1.322661e+01,9.609226e+00,1.097798e-03,6.126291e-06
2.272886e+03,3.116951e+00,1.562054e-04,1.253801e+01,1.310311e+01,9.511584e+00,1.089679e-03,6.156879e-06
2.305320e+03,3.095003e+00,1.555488e-04,1.244979e+01,1.298098e+01,9.416487e+00,1.081855e-03,6.187466e-06
2.338217e+03,3.073055e+00,1.548922e-04,1.235824e+01,1.285886e+01,9.323222e+00,1.074030e-03,6.219261e-06
2.371584e+03,3.051107e+00,1.542357e-04,1.226669e+01,1.273673e+01,9.229957e+00,1.066206e-03,6.251489e-06
2.405426e+03,3.029328e+00,1.535791e-04,1.217653e+01,1.261855e+01,9.136691e+00,1.058381e-03,6.283716e-06
2.439752e+03,3.008272e+00,1.529225e-04,1.209229e+01,1.250082e+01,9.043426e+00,1.050557e-03,6.315944e-06
2.474567e+03,2.987215e+00,1.522659e-04,1.200805e+01,1.238308e+01,8.953753e+00,1.042732e-03,6.348172e-06
2.509879e+03,2.966159e+00,1.516093e-04,1.192314e+01,1.226648e+01,8.865042e+00,1.034908e-03,6.380399e-06
2.545695e+03,2.945103e+00,1.509716e-04,1.183611e+01,1.215279e+01,8.776331e+00,1.027411e-03,6.412627e-06
2.582022e+03,2.924047e+00,1.503364e-04,1.174763e+01,1.203910e+01,8.687620e+00,1.019960e-03,6.444855e-06
2.618868e+03,2.903291e+00,1.497013e-04,1.166093e+01,1.192542e+01,8.598909e+00,1.012508e-03,6.477082e-06
2.656239e+03,2.883203e+00,1.490661e-04,1.157820e+01,1.181486e+01,8.512983e+00,1.005056e-03,6.509310e-06
2.694144e+03,2.863116e+00,1.484309e-04,1.149547e+01,1.170492e+01,8.428533e+00,9.976048e-04,6.541537e-06
2.732589e+03,2.843028e+00,1.477958e-04,1.141273e+01,1.159498e+01,8.344084e+00,9.901532e-04,6.573765e-06
2.771583e+03,2.822941e+00,1.471606e-04,1.133000e+01,1.148696e+01,8.259634e+00,9.829901e-04,6.605993e-06
2.811134e+03,2.802853e+00,1.465255e-04,1.124772e+01,1.138050e+01,8.175308e+00,9.758296e-04,6.639979e-06
2.851249e+03,2.782766e+00,1.459058e-04,1.116882e+01,1.127405e+01,8.094705e+00,9.686691e-04,6.673967e-06
2.891936e+03,2.762678e+00,1.452932e-04,1.108992e+01,1.116893e+01,8.014102e+00,9.615086e-04,6.707955e-06
2.933204e+03,2.743461e+00,1.446806e-04,1.101102e+01,1.106572e+01,7.933500e+00,9.543649e-04,6.741942e-06
2.975061e+03,2.724353e+00,1.440680e-04,1.093212e+01,1.096250e+01,7.852897e+00,9.474737e-04,6.775930e-06
3.017515e+03,2.705245e+00,1.434554e-04,1.085086e+01,1.086110e+01,7.773341e+00,9.405826e-04,6.809918e-06
3.060575e+03,2.686137e+00,1.428428e-04,1.077205e+01,1.076230e+01,7.695287e+00,9.336914e-04,6.843905e-06
3.104250e+03,2.667029e+00,1.422302e-04,1.069591e+01,1.066351e+01,7.617234e+00,9.268003e-04,6.877893e-06
3.148548e+03,2.647920e+00,1.416176e-04,1.061977e+01,1.056471e+01,7.539180e+00,9.199092e-04,6.911881e-06
3.193477e+03,2.628998e+00,1.410051e-04,1.054362e+01,1.046591e+01,7.461126e+00,9.131800e-04,6.956877e-06
3.239048e+03,2.610773e+00,1.404119e-04,1.046748e+01,1.036712e+01,7.386649e+00,9.065714e-04,7.006754e-06
3.285270e+03,2.592549e+00,1.398207e-04,1.039133e+01,1.027239e+01,7.312550e+00,8.999627e-04,7.056631e-06
3.332151e+03,2.574324e+00,1.392295e-04,1.031519e+01,1.017894e+01,7.238452e+00,8.933541e-04,7.106508e-06
3.379701e+03,2.556099e+00,1.386384e-04,1.024330e+01,1.008548e+01,7.164353e+00,8.867455e-04,7.156385e-06
3.427929e+03,2.537875e+00,1.380472e-04,1.017204e+01,9.992030e+00,7.090254e+00,8.801368e-04,7.206262e-06
3.476846e+03,2.519650e+00,1.374560e-04,1.009955e+01,9.898577e+00,7.017064e+00,8.737410e-04,7.256139e-06
3.526460e+03,2.502273e+00,1.368648e-04,1.002543e+01,9.807644e+00,6.946812e+00,8.674395e-04,7.306016e-06
3.576783e+03,2.485645e+00,1.362738e-04,9.951305e+00,9.718931e+00,6.876561e+00,8.611381e-04,7.355893e-06
3.627824e+03,2.469016e+00,1.357022e-04,9.878471e+00,9.630219e+00,6.806310e+00,8.548367e-04,7.405770e-06
3.679593e+03,2.452387e+00,1.351306e-04,9.808451e+00,9.541506e+00,6.736058e+00,8.485352e-04,7.456309e-06
3.732101e+03,2.435759e+00,1.345590e-04,9.738431e+00,9.452794e+00,6.667534e+00,8.422338e-04,7.510286e-06
3.785358e+03,2.419130e+00,1.339874e-04,9.668411e+00,9.366891e+00,6.600794e+00,8.359323e-04,7.564263e-06
3.839375e+03,2.402501e+00,1.334158e-04,9.598391e+00,9.282420e+00,6.534055e+00,8.297864e-04,7.618241e-06
3.894163e+03,2.385873e+00,1.328442e-04,9.528371e+00,9.197949e+00,6.467315e+00,8.237296e-04,7.672218e-06
3.949733e+03,2.369244e+00,1.322727e-04,9.462488e+00,9.113478e+00,6.400575e+00,8.176727e-04,7.726195e-06
4.006096e+03,2.352615e+00,1.317032e-04,9.397491e+00,9.029417e+00,6.334579e+00,8.116158e-04,7.780172e-06
4.063263e+03,2.335986e+00,1.311516e-04,9.329699e+00,8.948766e+00,6.271404e+00,8.055590e-04,7.834150e-06
4.121246e+03,2.319358e+00,1.306000e-04,9.261907e+00,8.868116e+00,6.208228e+00,7.995021e-04,7.888127e-06
4.180056e+03,2.302729e+00,1.300484e-04,9.194115e+00,8.787465e+00,6.145053e+00,7.934453e-04,7.942104e-06
4.239706e+03,2.286100e+00,1.294968e-04,9.126323e+00,8.706814e+00,6.081878e+00,7.875070e-04,7.996081e-06
4.300206e+03,2.269472e+00,1.289452e-04,9.059204e+00,8.629032e+00,6.018703e+00,7.816737e-04,8.050058e-06
4.361570e+03,2.252843e+00,1.283936e-04,8.997005e+00,8.551841e+00,5.957731e+00,7.758404e-04,8.104036e-06
4.423810e+03,2.236214e+00,1.278420e-04,8.934805e+00,8.474651e+00,5.897454e+00,7.700071e-04,8.160131e-06
4.486938e+03,2.219586e+00,1.272904e-04,8.872606e+00,8.397461e+00,5.837177e+00,7.641737e-04,8.218302e-06
4.550967e+03,2.204379e+00,1.267447e-04,8.807941e+00,8.322777e+00,5.777012e+00,7.583404e-04,8.276473e-06
4.615909e+03,2.189539e+00,1.262118e-04,8.742641e+00,8.248740e+00,5.719202e+00,7.525812e-04,8.334644e-06
4.681778e+03,2.174699e+00,1.256789e-04,8.677341e+00,8.174702e+00,5.661391e+00,7.470213e-04,8.392815e-06
4.748587e+03,2.159860e+00,1.251459e-04,8.613945e+00,8.100665e+00,5.603580e+00,7.414615e-04,8.450986e-06
4.816350e+03,2.145020e+00,1.246130e-04,8.554839e+00,8.029452e+00,5.545770e+00,7.359017e-04,8.509157e-06
4.885079e+03,2.130180e+00,1.240801e-04,8.495553e+00,7.958300e+00,5.489363e+00,7.303419e-04,8.567328e-06
4.954789e+03,2.115340e+00,1.235471e-04,8.436267e+00,7.887148e+00,5.433940e+00,7.247821e-04,8.625499e-06
5.025494e+03,2.100501e+00,1.230142e-04,8.374922e+00,7.816947e+00,5.378517e+00,7.192223e-04,8.681910e-06
5.097208e+03,2.085661e+00,1.224979e-04,8.312752e+00,7.748446e+00,5.323094e+00,7.138877e-04,8.735179e-06
5.169946e+03,2.070821e+00,1.219824e-04,8.250581e+00,7.679945e+00,5.268420e+00,7.086042e-04,8.788447e-06
5.243721e+03,2.055982e+00,1.214669e-04,8.189384e+00,7.611444e+00,5.215618e+00,7.033206e-04,8.841715e-06
5.318549e+03,2.041142e+00,1.209513e-04,8.132845e+00,7.545181e+00,5.162816e+00,6.980371e-04,8.894984e-06
5.394445e+03,2.026302e+00,1.204358e-04,8.076305e+00,7.479126e+00,5.110014e+00,6.927535e-04,8.948252e-06
5.471424e+03,2.011462e+00,1.199202e-04,8.019765e+00,7.413070e+00,5.057211e+00,6.874699e-04,9.001520e-06
5.549501e+03,1.997423e+00,1.194047e-04,7.961699e+00,7.348446e+00,5.004409e+00,6.821864e-04,9.054789e-06
5.628693e+03,1.983849e+00,1.188891e-04,7.902747e+00,7.284655e+00,4.952987e+00,6.770966e-04,9.108057e-06
5.709014e+03,1.970275e+00,1.183876e-04,7.843465e+00,7.220863e+00,4.902547e+00,6.720637e-04,9.161325e-06
5.790482e+03,1.956701e+00,1.178904e-04,7.786680e+00,7.158112e+00,4.852107e+00,6.670308e-04,9.214594e-06
5.873112e+03,1.943127e+00,1.173932e-04,7.731463e+00,7.096422e+00,4.802573e+00,6.619979e-04,9.267862e-06
5.956922e+03,1.929553e+00,1.168960e-04,7.676247e+00,7.034733e+00,4.754343e+00,6.569650e-04,9.321130e-06
6.041927e+03,1.915979e+00,1.163988e-04,7.621030e+00,6.974445e+00,4.706114e+00,6.519321e-04,9.378230e-06
6.128146e+03,1.902405e+00,1.159015e-04,7.565813e+00,6.915608e+00,4.657885e+00,6.468992e-04,9.435448e-06
6.215594e+03,1.888831e+00,1.154043e-04,7.510597e+00,6.856770e+00,4.609656e+00,6.418664e-04,9.492667e-06
6.304291e+03,1.875257e+00,1.149071e-04,7.458149e+00,6.797933e+00,4.561427e+00,6.370145e-04,9.549885e-06
6.394254e+03,1.861682e+00,1.144099e-04,7.406437e+00,6.739096e+00,4.515522e+00,6.321715e-04,9.607104e-06
6.485500e+03,1.848108e+00,1.139299e-04,7.353362e+00,6.680259e+00,4.470012e+00,6.273285e-04,9.664323e-06
6.578048e+03,1.835461e+00,1.134500e-04,7.299603e+00,6.624309e+00,4.424503e+00,6.224855e-04,9.721541e-06
6.671917e+03,1.822986e+00,1.129702e-04,7.245845e+00,6.568901e+00,4.378994e+00,6.176425e-04,9.778760e-06
6.767125e+03,1.810512e+00,1.124903e-04,7.193192e+00,6.513492e+00,4.333485e+00,6.127995e-04,9.835978e-06
6.863692e+03,1.798038e+00,1.120105e-04,7.142916e+00,6.458083e+00,4.288252e+00,6.080908e-04,9.893197e-06
6.961638e+03,1.785563e+00,1.115306e-04,7.092640e+00,6.402674e+00,4.244947e+00,6.034685e-04,9.950415e-06
7.060980e+03,1.773089e+00,1.110508e-04,7.042363e+00,6.349114e+00,4.201642e+00,5.988462e-04,1.000763e-05
7.161741e+03,1.760615e+00,1.105723e-04,6.992087e+00,6.296726e+00,4.158338e+00,5.942239e-04,1.008096e-05
7.263939e+03,1.748140e+00,1.101084e-04,6.941811e+00,6.244337e+00,4.115443e+00,5.896016e-04,1.015609e-05
7.367596e+03,1.735666e+00,1.096444e-04,6.891535e+00,6.191949e+00,4.074010e+00,5.849793e-04,1.023122e-05
7.472731e+03,1.723191e+00,1.091805e-04,6.840304e+00,6.139560e+00,4.032577e+00,5.805364e-04,1.030635e-05
7.579367e+03,1.711401e+00,1.087165e-04,6.791060e+00,6.089164e+00,3.991144e+00,5.761138e-04,1.038148e-05
7.687525e+03,1.699847e+00,1.082526e-04,6.743125e+00,6.039456e+00,3.949710e+00,5.716912e-04,1.045661e-05
7.797226e+03,1.688294e+00,1.077886e-04,6.695191e+00,5.989748e+00,3.909062e+00,5.672686e-04,1.053174e-05
7.908493e+03,1.676740e+00,1.073247e-04,6.647256e+00,5.940041e+00,3.869103e+00,5.628460e-04,1.060687e-05
8.021347e+03,1.665186e+00,1.068636e-04,6.599322e+00,5.890784e+00,3.830549e+00,5.584362e-04,1.068200e-05
8.135812e+03,1.653633e+00,1.064150e-04,6.551388e+00,5.843472e+00,3.798058e+00,5.540818e-04,1.075713e-05
8.251911e+03,1.642079e+00,1.059665e-04,6.503857e+00,5.796160e+00,3.765567e+00,5.497274e-04,1.083861e-05
8.369665e+03,1.630525e+00,1.055179e-04,6.459348e+00,5.748847e+00,3.733076e+00,5.453730e-04,1.092070e-05
8.489101e+03,1.618972e+00,1.050693e-04,6.414840e+00,5.701535e+00,3.700922e+00,5.410602e-04,1.100279e-05
8.610241e+03,1.607963e+00,1.046207e-04,6.369156e+00,5.656181e+00,3.669778e+00,5.368718e-04,1.108488e-05
8.733109e+03,1.597009e+00,1.041721e-04,6.323261e+00,5.611022e+00,3.638633e+00,5.326834e-04,1.116697e-05
8.857731e+03,1.586055e+00,1.037235e-04,6.276168e+00,5.565862e+00,3.607489e+00,5.284950e-04,1.124907e-05
8.984131e+03,1.575101e+00,1.032796e-04,6.229075e+00,5.520703e+00,3.576345e+00,5.243065e-04,1.133116e-05
9.112334e+03,1.564147e+00,1.028458e-04,6.185900e+00,5.477245e+00,3.545200e+00,5.201181e-04,1.141325e-05
9.242368e+03,1.553193e+00,1.024120e-04,6.142787e+00,5.434030e+00,3.514589e+00,5.159956e-04,1.149534e-05
9.374257e+03,1.542239e+00,1.019782e-04,6.099675e+00,5.390814e+00,3.484989e+00,5.119983e-04,1.157743e-05
9.508027e+03,1.531376e+00,1.015445e-04,6.056452e+00,5.347704e+00,3.455389e+00,5.080010e-04,1.165952e-05
9.643707e+03,1.521945e+00,1.011107e-04,6.011491e+00,5.306252e+00,3.425789e+00,5.040037e-04,1.174161e-05
9.781323e+03,1.512515e+00,1.006769e-04,5.966709e+00,5.264801e+00,3.396189e+00,5.000064e-04,1.182370e-05
9.920903e+03,1.503085e+00,1.002431e-04,5.925747e+00,5.223349e+00,3.366589e+00,4.960091e-04,1.190579e-05
1.006247e+04,1.493655e+00,9.962038e-05,5.884784e+00,5.182709e+00,3.337163e+00,4.921854e-04,1.198553e-05
1.020607e+04,1.484225e+00,9.875673e-05,5.843211e+00,5.143105e+00,3.307958e+00,4.885830e-04,1.206225e-05
1.035171e+04,1.474794e+00,9.789308e-05,5.800609e+00,5.103502e+00,3.278753e+00,4.849806e-04,1.213898e-05
1.049943e+04,1.465364e+00,9.702942e-05,5.758006e+00,5.063898e+00,3.249547e+00,4.813782e-04,1.221571e-05
1.064925e+04,1.455934e+00,9.616577e-05,5.717046e+00,5.024583e+00,3.221413e+00,4.777758e-04,1.229244e-05
1.080122e+04,1.446504e+00,9.530212e-05,5.677700e+00,4.986776e+00,3.193450e+00,4.741734e-04,1.236917e-05
1.095535e+04,1.437074e+00,9.445237e-05,5.638353e+00,4.948969e+00,3.165487e+00,4.705710e-04,1.244590e-05
1.111169e+04,1.427643e+00,9.363157e-05,5.599007e+00,4.911162e+00,3.137523e+00,4.669686e-04,1.252263e-05
1.127025e+04,1.418213e+00,9.281077e-05,5.557942e+00,4.873561e+00,3.109560e+00,4.633662e-04,1.259936e-05
1.143108e+04,1.408783e+00,9.198996e-05,5.516840e+00,4.837369e+00,3.081597e+00,4.597637e-04,1.267609e-05
1.159420e+04,1.399353e+00,9.116916e-05,5.477049e+00,4.801177e+00,3.054557e+00,4.561613e-04,1.275282e-05
1.175965e+04,1.389923e+00,9.034836e-05,5.439870e+00,4.764985e+00,3.028124e+00,4.525589e-04,1.283178e-05
1.192746e+04,1.380493e+00,8.956238e-05,5.402690e+00,4.729247e+00,3.001692e+00,4.489565e-04,1.291442e-05
1.209766e+04,1.371062e+00,8.877732e-05,5.364318e+00,4.694512e+00,2.975260e+00,4.453541e-04,1.299706e-05
1.227030e+04,1.361632e+00,8.799226e-05,5.325823e+00,4.659778e+00,2.948828e+00,4.417517e-04,1.307970e-05
1.244539e+04,1.352202e+00,8.720721e-05,5.286838e+00,4.625043e+00,2.922396e+00,4.381493e-04,1.316234e-05
1.262299e+04,1.342772e+00,8.643266e-05,5.247186e+00,4.591222e+00,2.896147e+00,4.345469e-04,1.324498e-05
1.280312e+04,1.333342e+00,8.568354e-05,5.209721e+00,4.557808e+00,2.870958e+00,4.309445e-04,1.332762e-05
1.298582e+04,1.323912e+00,8.493443e-05,5.173093e+00,4.524395e+00,2.845768e+00,4.273421e-04,1.341026e-05
1.317113e+04,1.314481e+00,8.418532e-05,5.136466e+00,4.491279e+00,2.820579e+00,4.237397e-04,1.349290e-05
1.335908e+04,1.305051e+00,8.343621e-05,5.099838e+00,4.459066e+00,2.795389e+00,4.201373e-04,1.357554e-05
1.354972e+04,1.295621e+00,8.268709e-05,5.063210e+00,4.426854e+00,2.770988e+00,4.165349e-04,1.365818e-05
1.374307e+04,1.286191e+00,8.195216e-05,5.026583e+00,4.394642e+00,2.746855e+00,4.129325e-04,1.374082e-05
1.393919e+04,1.276761e+00,8.123817e-05,4.992028e+00,4.363960e+00,2.722722e+00,4.093301e-04,1.382346e-05
1.413810e+04,1.267331e+00,8.052418e-05,4.957491e+00,4.333334e+00,2.698590e+00,4.057277e-04,1.392287e-05
1.433985e+04,1.257901e+00,7.981019e-05,4.922038e+00,4.302708e+00,2.674457e+00,4.021253e-04,1.403005e-05
1.454448e+04,1.248470e+00,7.909620e-05,4.886585e+00,4.272082e+00,2.650672e+00,3.985229e-04,1.413723e-05
1.475203e+04,1.239040e+00,7.839752e-05,4.851132e+00,4.241456e+00,2.627290e+00,3.949205e-04,1.424441e-05
1.496254e+04,1.229610e+00,7.771576e-05,4.815679e+00,4.210830e+00,2.603907e+00,3.913181e-04,1.435159e-05
1.517606e+04,1.221622e+00,7.703401e-05,4.782560e+00,4.181458e+00,2.580524e+00,3.881523e-04,1.445877e-05
1.539262e+04,1.213943e+00,7.635225e-05,4.749940e+00,4.152354e+00,2.557141e+00,3.850801e-04,1.456595e-05
1.561227e+04,1.206263e+00,7.567049e-05,4.717320e+00,4.123251e+00,2.533944e+00,3.820078e-04,1.467313e-05
1.583506e+04,1.198584e+00,7.498874e-05,4.684700e+00,4.094147e+00,2.511209e+00,3.789356e-04,1.478031e-05
1.606103e+04,1.190905e+00,7.433505e-05,4.651638e+00,4.065043e+00,2.488475e+00,3.758633e-04,1.488749e-05
1.629022e+04,1.183226e+00,7.368176e-05,4.617369e+00,4.036212e+00,2.465741e+00,3.727911e-04,1.499467e-05
1.652268e+04,1.175546e+00,7.302847e-05,4.583101e+00,4.008672e+00,2.443006e+00,3.697188e-04,1.510185e-05
1.675846e+04,1.167867e+00,7.237518e-05,4.551234e+00,3.981131e+00,2.421062e+00,3.666466e-04,1.521088e-05
1.699760e+04,1.160188e+00,7.174721e-05,4.519811e+00,3.953591e+00,2.399263e+00,3.635743e-04,1.532976e-05
1.724016e+04,1.152509e+00,7.112304e-05,4.488387e+00,3.926050e+00,2.377464e+00,3.605021e-04,1.544864e-05
1.748618e+04,1.144829e+00,7.049887e-05,4.456241e+00,3.898510e+00,2.355664e+00,3.574298e-04,1.556752e-05
1.773571e+04,1.137150e+00,6.987469e-05,4.423938e+00,3.872230e+00,2.333952e+00,3.543576e-04,1.568640e-05
1.798879e+04,1.129471e+00,6.925052e-05,4.393719e+00,3.846025e+00,2.313170e+00,3.512853e-04,1.580528e-05
1.824549e+04,1.121792e+00,6.862635e-05,4.363501e+00,3.819819e+00,2.292387e+00,3.482131e-04,1.592417e-05
1.850586e+04,1.114112e+00,6.802530e-05,4.333092e+00,3.793614e+00,2.271605e+00,3.451408e-04,1.604305e-05
1.876994e+04,1.106433e+00,6.743441e-05,4.302048e+00,3.767495e+00,2.250822e+00,3.420686e-04,1.616193e-05
1.903779e+04,1.098754e+00,6.684351e-05,4.270979e+00,3.742438e+00,2.230039e+00,3.389964e-04,1.628081e-05
1.930946e+04,1.091075e+00,6.625262e-05,4.240403e+00,3.717381e+00,2.209557e+00,3.359241e-04,1.639969e-05
1.958500e+04,1.083395e+00,6.566172e-05,4.211660e+00,3.692324e+00,2.189573e+00,3.328519e-04,1.651857e-05
1.986448e+04,1.075716e+00,6.507083e-05,4.182918e+00,3.667267e+00,2.169589e+00,3.297796e-04,1.663745e-05
2.014795e+04,1.068533e+00,6.449624e-05,4.153651e+00,3.643943e+00,2.150352e+00,3.270290e-04,1.675743e-05
2.043546e+04,1.061807e+00,6.393670e-05,4.123900e+00,3.622215e+00,2.131802e+00,3.245752e-04,1.687842e-05
2.072707e+04,1.055081e+00,6.337716e-05,4.094150e+00,3.600488e+00,2.113253e+00,3.221214e-04,1.699942e-05
2.102285e+04,1.048355e+00,6.281762e-05,4.065120e+00,3.578761e+00,2.094704e+00,3.196676e-04,1.712041e-05
2.132285e+04,1.041629e+00,6.225808e-05,4.037744e+00,3.557253e+00,2.076609e+00,3.172138e-04,1.724140e-05
2.162712e+04,1.034903e+00,6.169854e-05,4.010367e+00,3.536435e+00,2.058839e+00,3.147600e-04,1.736239e-05
2.193574e+04,1.028177e+00,6.115025e-05,3.982911e+00,3.515617e+00,2.041069e+00,3.123062e-04,1.748338e-05
2.224877e+04,1.021451e+00,6.061848e-05,3.954610e+00,3.494799e+00,2.023299e+00,3.098523e-04,1.760437e-05
2.256626e+04,1.014725e+00,6.008671e-05,3.926308e+00,3.474222e+00,2.005530e+00,3.073985e-04,1.772536e-05
2.288828e+04,1.007999e+00,5.955494e-05,3.897729e+00,3.454564e+00,1.987760e+00,3.049447e-04,1.784635e-05
2.321489e+04,1.001274e+00,5.902316e-05,3.870998e+00,3.434906e+00,1.970304e+00,3.024909e-04,1.796735e-05
2.354617e+04,9.945476e-01,5.849266e-05,3.844600e+00,3.415248e+00,1.952997e+00,3.000371e-04,1.808834e-05
2.388218e+04,9.878217e-01,5.798404e-05,3.818202e+00,3.395591e+00,1.935691e+00,2.975833e-04,1.820981e-05
2.422298e+04,9.816253e-01,5.747543e-05,3.791342e+00,3.375933e+00,1.918385e+00,2.951295e-04,1.834157e-05
2.456864e+04,9.757107e-01,5.696681e-05,3.764237e+00,3.356275e+00,1.901078e+00,2.926757e-04,1.847334e-05
2.491923e+04,9.697961e-01,5.645820e-05,3.738431e+00,3.336617e+00,1.883772e+00,2.902218e-04,1.860510e-05
2.527483e+04,9.638815e-01,5.595827e-05,3.713225e+00,3.317971e+00,1.866465e+00,2.877680e-04,1.873686e-05
2.563550e+04,9.579669e-01,5.547294e-05,3.688019e+00,3.299623e+00,1.849159e+00,2.853142e-04,1.886862e-05
2.600132e+04,9.520523e-01,5.498760e-05,3.662073e+00,3.281276e+00,1.831853e+00,2.828604e-04,1.900039e-05
2.637236e+04,9.461377e-01,5.450227e-05,3.635974e+00,3.262929e+00,1.814494e+00,2.804066e-04,1.913215e-05
2.674870e+04,9.402231e-01,5.401694e-05,3.611010e+00,3.244581e+00,1.797094e+00,2.779528e-04,1.926391e-05
2.713040e+04,9.343086e-01,5.353161e-05,3.586400e+00,3.226234e+00,1.779694e+00,2.754990e-04,1.939568e-05
2.751755e+04,9.283940e-01,5.305729e-05,3.561790e+00,3.207935e+00,1.762294e+00,2.730451e-04,1.952744e-05
2.791023e+04,9.224794e-01,5.259472e-05,3.537179e+00,3.190668e+00,1.744894e+00,2.705913e-04,1.965920e-05
2.830851e+04,9.165648e-01,5.213215e-05,3.512569e+00,3.173401e+00,1.728078e+00,2.681375e-04,1.979572e-05
2.871247e+04,9.106503e-01,5.166957e-05,3.487959e+00,3.156134e+00,1.711479e+00,2.656837e-04,1.993987e-05
2.912220e+04,9.047357e-01,5.120700e-05,3.464995e+00,3.138867e+00,1.694880e+00,2.632299e-04,2.008402e-05
2.953777e+04,8.988211e-01,5.075602e-05,3.442306e+00,3.121600e+00,1.678280e+00,2.607761e-04,2.022817e-05
2.995928e+04,8.929065e-01,5.031433e-05,3.419375e+00,3.104333e+00,1.661681e+00,2.583223e-04,2.037231e-05
3.038680e+04,8.876391e-01,4.987264e-05,3.395772e+00,3.084204e+00,1.647289e+00,2.558684e-04,2.051646e-05
3.082042e+04,8.824402e-01,4.943094e-05,3.372124e+00,3.063771e+00,1.633131e+00,2.534146e-04,2.066061e-05
3.126023e+04,8.772414e-01,4.898925e-05,3.348475e+00,3.043338e+00,1.618973e+00,2.509608e-04,2.080476e-05
3.170631e+04,8.720426e-01,4.854879e-05,3.325455e+00,3.022904e+00,1.604814e+00,2.485070e-04,2.094891e-05
3.215876e+04,8.668437e-01,4.812555e-05,3.303727e+00,3.002471e+00,1.590656e+00,2.460532e-04,2.109306e-05
3.261767e+04,8.616449e-01,4.770230e-05,3.282000e+00,2.982197e+00,1.576498e+00,2.435994e-04,2.123721e-05
3.308312e+04,8.564460e-01,4.727905e-05,3.260273e+00,2.962387e+00,1.562647e+00,2.411456e-04,2.138136e-05
3.355522e+04,8.512472e-01,4.685581e-05,3.237957e+00,2.942577e+00,1.549209e+00,2.386917e-04,2.152551e-05
3.403405e+04,8.460484e-01,4.645048e-05,3.215444e+00,2.922766e+00,1.535771e+00,2.362379e-04,2.167444e-05
3.451972e+04,8.408496e-01,4.604610e-05,3.193060e+00,2.902956e+00,1.522334e+00,2.337841e-04,2.183268e-05
3.501232e+04,8.356690e-01,4.564171e-05,3.172446e+00,2.883159e+00,1.508896e+00,2.313303e-04,2.199093e-05
3.551195e+04,8.312059e-01,4.523733e-05,3.151832e+00,2.863860e+00,1.495462e+00,2.288765e-04,2.214918e-05
3.601870e+04,8.267429e-01,4.483294e-05,3.131135e+00,2.844562e+00,1.482682e+00,2.264227e-04,2.230742e-05
3.653269e+04,8.222799e-01,4.442856e-05,3.109858e+00,2.825264e+00,1.469903e+00,2.239689e-04,2.246567e-05
3.705401e+04,8.178168e-01,4.404089e-05,3.088370e+00,2.805965e+00,1.457124e+00,2.215150e-04,2.262392e-05
3.758277e+04,8.133538e-01,4.365807e-05,3.066685e+00,2.786690e+00,1.444345e+00,2.190612e-04,2.278217e-05
3.811908e+04,8.088907e-01,4.327524e-05,3.045518e+00,2.767541e+00,1.431566e+00,2.166074e-04,2.294041e-05
3.866304e+04,8.044277e-01,4.289242e-05,3.025268e+00,2.748393e+00,1.418787e+00,2.141536e-04,2.309866e-05
3.921476e+04,7.999647e-01,4.250960e-05,3.005018e+00,2.729244e+00,1.406654e+00,2.116998e-04,2.325691e-05
3.977436e+04,7.955016e-01,4.212677e-05,2.984769e+00,2.710095e+00,1.394545e+00,2.092460e-04,2.341516e-05
4.034194e+04,7.910386e-01,4.175405e-05,2.964519e+00,2.690946e+00,1.382435e+00,2.071493e-04,2.357340e-05
4.091762e+04,7.865755e-01,4.138805e-05,2.944269e+00,2.671797e+00,1.370325e+00,2.052900e-04,2.374228e-05
4.150152e+04,7.821125e-01,4.102204e-05,2.924446e+00,2.652648e+00,1.358215e+00,2.034307e-04,2.391539e-05
4.209374e+04,7.776495e-01,4.065604e-05,2.905512e+00,2.633500e+00,1.346105e+00,2.015714e-04,2.408850e-05
4.269442e+04,7.731865e-01,4.030039e-05,2.886577e+00,2.614352e+00,1.334398e+00,1.997122e-04,2.426161e-05
4.330367e+04,7.687234e-01,3.995001e-05,2.866988e+00,2.595208e+00,1.322833e+00,1.978529e-04,2.443472e-05
4.392162e+04,7.642604e-01,3.959962e-05,2.847225e+00,2.576064e+00,1.311268e+00,1.959936e-04,2.460784e-05
4.454838e+04,7.597974e-01,3.924923e-05,2.827462e+00,2.556919e+00,1.299702e+00,1.941343e-04,2.478095e-05
4.518409e+04,7.556033e-01,3.889885e-05,2.808187e+00,2.537882e+00,1.288366e+00,1.922750e-04,2.495406e-05
4.582887e+04,7.520737e-01,3.854846e-05,2.790119e+00,2.519110e+00,1.277265e+00,1.904157e-04,2.512717e-05
4.648285e+04,7.485441e-01,3.821163e-05,2.772050e+00,2.500337e+00,1.266163e+00,1.885564e-04,2.530028e-05
4.714616e+04,7.450145e-01,3.787913e-05,2.753982e+00,2.481564e+00,1.255062e+00,1.866971e-04,2.547340e-05
4.781893e+04,7.414849e-01,3.754663e-05,2.735914e+00,2.462792e+00,1.243960e+00,1.848378e-04,2.564651e-05
4.850131e+04,7.379553e-01,3.721413e-05,2.717845e+00,2.444019e+00,1.233006e+00,1.829785e-04,2.582751e-05
4.919343e+04,7.344257e-01,3.688163e-05,2.699777e+00,2.425247e+00,1.222271e+00,1.811192e-04,2.601659e-05
4.989542e+04,7.308960e-01,3.654913e-05,2.682012e+00,2.406474e+00,1.211536e+00,1.792600e-04,2.620567e-05
5.060743e+04,7.273664e-01,3.625722e-05,2.665412e+00,2.393419e+00,1.202205e+00,1.774007e-04,2.639475e-05
5.132960e+04,7.238368e-01,3.597235e-05,2.648421e+00,2.381355e+00,1.193118e+00,1.755414e-04,2.658383e-05
5.206207e+04,7.203072e-01,3.568747e-05,2.630963e+00,2.369291e+00,1.184030e+00,1.736821e-04,2.677291e-05
5.280500e+04,7.167776e-01,3.540260e-05,2.613505e+00,2.357226e+00,1.174943e+00,1.718228e-04,2.696199e-05
5.355853e+04,7.132481e-01,3.511772e-05,2.596047e+00,2.345162e+00,1.165855e+00,1.699635e-04,2.715108e-05
5.432281e+04,7.097185e-01,3.483284e-05,2.578588e+00,2.333098e+00,1.156768e+00,1.681042e-04,2.734016e-05
5.509800e+04,7.062846e-01,3.455885e-05,2.561322e+00,2.321117e+00,1.144168e+00,1.662449e-04,2.752924e-05
5.588425e+04,7.035166e-01,3.428618e-05,2.545389e+00,2.309707e+00,1.124034e+00,1.643856e-04,2.771832e-05
5.668172e+04,7.007486e-01,3.401351e-05,2.529457e+00,2.298297e+00,1.103900e+00,1.625263e-04,2.790740e-05
5.749057e+04,6.979805e-01,3.374083e-05,2.513524e+00,2.286888e+00,1.084321e+00,1.606670e-04,2.809745e-05
5.831096e+04,6.952125e-01,3.346816e-05,2.497591e+00,2.275478e+00,1.065336e+00,1.588078e-04,2.830520e-05
5.914306e+04,6.924445e-01,3.320565e-05,2.481659e+00,2.264069e+00,1.046351e+00,1.569485e-04,2.851295e-05
5.998703e+04,6.896766e-01,3.294422e-05,2.465912e+00,2.252659e+00,1.027366e+00,1.550892e-04,2.872069e-05
6.084305e+04,6.869086e-01,3.268279e-05,2.450787e+00,2.223273e+00,1.009251e+00,1.535598e-04,2.892844e-05
6.171128e+04,6.841406e-01,3.242137e-05,2.435661e+00,2.195265e+00,9.914087e-01,1.520355e-04,2.913619e-05
6.259190e+04,6.813726e-01,3.215994e-05,2.420382e+00,2.169026e+00,9.735660e-01,1.505112e-04,2.934394e-05
6.348509e+04,6.786046e-01,3.190260e-05,2.404715e+00,2.145347e+00,9.561536e-01,1.489869e-04,2.955168e-05
6.439102e+04,6.758366e-01,3.165292e-05,2.389048e+00,2.121668e+00,9.390627e-01,1.474626e-04,2.975943e-05
6.530988e+04,6.733537e-01,3.140324e-05,2.373839e+00,2.098834e+00,9.261257e-01,1.459383e-04,2.996718e-05
6.624186e+04,6.714349e-01,3.115356e-05,2.359535e+00,2.077671e+00,9.132836e-01,1.444140e-04,3.017492e-05
6.718713e+04,6.695161e-01,3.090388e-05,2.345232e+00,2.056509e+00,9.004415e-01,1.428898e-04,3.038267e-05
6.814589e+04,6.675974e-01,3.065420e-05,2.330929e+00,2.035647e+00,8.876900e-01,1.413655e-04,3.059042e-05
6.911834e+04,6.656786e-01,3.040889e-05,2.316625e+00,2.014931e+00,8.754384e-01,1.398412e-04,3.080285e-05
7.010466e+04,6.637598e-01,3.017025e-05,2.302322e+00,1.994215e+00,8.631868e-01,1.383169e-04,3.103006e-05
7.110505e+04,6.618411e-01,2.993160e-05,2.288019e+00,1.973500e+00,8.511068e-01,1.367926e-04,3.125726e-05
7.211972e+04,6.599223e-01,2.969296e-05,2.273715e+00,1.952784e+00,8.394561e-01,1.352683e-04,3.148447e-05
7.314887e+04,6.580035e-01,2.945431e-05,2.260122e+00,1.932068e+00,8.278054e-01,1.337440e-04,3.171167e-05
7.419271e+04,6.560848e-01,2.921606e-05,2.246750e+00,1.911352e+00,8.161547e-01,1.322197e-04,3.193887e-05
7.525144e+04,6.544271e-01,2.898741e-05,2.233272e+00,1.890639e+00,8.045040e-01,1.306955e-04,3.216608e-05
7.632528e+04,6.536137e-01,2.875877e-05,2.219445e+00,1.869935e+00,7.935254e-01,1.291712e-04,3.239328e-05
7.741445e+04,6.528003e-01,2.853013e-05,2.205617e+00,1.849231e+00,7.825582e-01,1.276469e-04,3.262049e-05
7.851915e+04,6.519869e-01,2.830149e-05,2.191790e+00,1.828527e+00,7.715909e-01,1.261226e-04,3.284769e-05
7.963962e+04,6.511735e-01,2.807285e-05,2.177963e+00,1.807823e+00,7.606236e-01,1.245983e-04,3.307490e-05
8.077608e+04,6.503601e-01,2.786606e-05,2.164657e+00,1.787119e+00,7.531552e-01,1.232327e-04,3.330210e-05
8.192876e+04,6.495467e-01,2.766948e-05,2.151465e+00,1.766415e+00,7.473230e-01,1.219412e-04,3.354714e-05
8.309789e+04,6.487333e-01,2.747290e-05,2.138274e+00,1.746702e+00,7.414908e-01,1.206497e-04,3.379735e-05
8.428369e+04,6.479199e-01,2.727633e-05,2.125082e+00,1.727943e+00,7.356586e-01,1.193583e-04,3.404755e-05
8.548642e+04,6.475510e-01,2.707975e-05,2.112292e+00,1.710023e+00,7.299901e-01,1.180668e-04,3.429776e-05
8.670632e+04,6.478413e-01,2.688317e-05,2.100097e+00,1.693348e+00,7.243779e-01,1.167754e-04,3.454797e-05
8.794362e+04,6.481316e-01,2.668659e-05,2.087902e+00,1.677257e+00,7.187657e-01,1.154839e-04,3.479818e-05
8.919858e+04,6.484219e-01,2.649702e-05,2.075706e+00,1.662220e+00,7.131535e-01,1.141924e-04,3.504839e-05
9.047144e+04,6.487122e-01,2.630929e-05,2.063511e+00,1.647894e+00,7.075412e-01,1.129010e-04,3.529860e-05
9.176247e+04,6.490025e-01,2.612156e-05,2.051316e+00,1.634784e+00,7.019290e-01,1.116095e-04,3.554881e-05
9.307193e+04,6.492928e-01,2.593383e-05,2.039121e+00,1.621674e+00,6.965292e-01,1.103180e-04,3.579902e-05
9.440007e+04,6.495831e-01,2.574610e-05,2.026926e+00,1.608564e+00,6.911704e-01,1.090266e-04,3.604923e-05
9.574716e+04,6.503695e-01,2.555837e-05,2.015149e+00,1.596599e+00,6.858115e-01,1.077351e-04,3.629943e-05
9.711347e+04,6.515571e-01,2.537587e-05,2.003710e+00,1.585558e+00,6.804527e-01,1.064437e-04,3.654964e-05
9.849928e+04,6.527448e-01,2.519404e-05,1.992271e+00,1.574517e+00,6.750938e-01,1.051522e-04,3.680595e-05
9.990487e+04,6.539324e-01,2.501221e-05,1.980833e+00,1.563476e+00,6.697350e-01,1.038607e-04,3.708317e-05
1.013305e+05,6.566378e-01,2.485566e-05,1.969931e+00,1.511919e+00,6.655288e-01,1.028200e-04,3.736039e-05
1.027765e+05,6.594526e-01,2.470092e-05,1.959068e+00,1.501658e+00,6.614057e-01,1.017973e-04,3.763762e-05
1.042431e+05,6.622673e-01,2.454618e-05,1.948205e+00,1.491397e+00,6.572825e-01,1.007745e-04,3.791484e-05
1.057307e+05,6.650821e-01,2.439145e-05,1.937341e+00,1.481137e+00,6.531594e-01,9.975181e-05,3.819206e-05
1.072395e+05,6.678968e-01,2.423671e-05,1.926478e+00,1.456955e+00,6.490362e-01,9.872909e-05,3.846929e-05
1.087698e+05,6.707115e-01,2.408197e-05,1.915615e+00,1.434284e+00,6.449131e-01,9.770637e-05,3.874651e-05
1.103219e+05,6.739041e-01,2.392724e-05,1.904752e+00,1.421569e+00,6.407899e-01,9.668364e-05,3.902373e-05
1.118962e+05,6.785508e-01,2.377250e-05,1.893889e+00,1.408854e+00,6.366668e-01,9.566092e-05,3.930095e-05
1.134930e+05,6.831974e-01,2.362285e-05,1.883026e+00,1.396139e+00,6.326587e-01,9.463820e-05,3.957818e-05
1.151125e+05,6.878441e-01,2.347473e-05,1.872162e+00,1.383424e+00,6.286743e-01,9.361548e-05,3.985540e-05
1.167552e+05,6.924908e-01,2.332660e-05,1.861299e+00,1.370709e+00,6.246032e-01,9.259276e-05,4.013262e-05
1.184213e+05,6.971374e-01,2.317847e-05,1.850436e+00,1.357994e+00,6.199401e-01,9.157003e-05,4.040985e-05
1.201112e+05,7.019680e-01,2.303034e-05,1.839637e+00,1.343317e+00,6.152770e-01,9.054731e-05,4.070003e-05
1.218251e+05,7.094291e-01,2.288337e-05,1.829747e+00,1.328131e+00,6.106139e-01,8.952459e-05,4.102209e-05
1.235636e+05,7.168903e-01,2.274089e-05,1.819858e+00,1.316545e+00,6.059509e-01,8.850187e-05,4.134414e-05
1.253269e+05,7.243514e-01,2.259841e-05,1.809969e+00,1.306287e+00,6.012878e-01,8.747915e-05,4.166619e-05
1.271153e+05,7.318125e-01,2.245593e-05,1.800080e+00,1.296029e+00,5.966247e-01,8.645643e-05,4.198824e-05
1.289292e+05,7.392736e-01,2.231345e-05,1.790190e+00,1.285771e+00,5.920244e-01,8.543370e-05,4.231029e-05
1.307690e+05,7.486668e-01,2.217097e-05,1.780301e+00,1.275513e+00,5.875191e-01,8.441098e-05,4.263235e-05
1.326351e+05,7.607692e-01,2.202849e-05,1.770412e+00,1.265254e+00,5.826644e-01,8.338826e-05,4.295440e-05
1.345278e+05,7.728716e-01,2.188836e-05,1.760523e+00,1.255112e+00,5.758986e-01,8.236554e-05,4.327645e-05
1.364475e+05,7.849741e-01,2.175035e-05,1.750633e+00,1.245371e+00,5.691327e-01,8.134282e-05,4.359850e-05
1.383946e+05,7.970765e-01,2.161233e-05,1.740744e+00,1.235630e+00,5.623669e-01,8.032009e-05,4.392055e-05
1.403695e+05,8.100783e-01,2.151049e-05,1.730855e+00,1.225889e+00,5.556010e-01,7.929737e-05,4.424261e-05
1.423726e+05,8.270149e-01,2.156687e-05,1.720966e+00,1.216148e+00,5.490902e-01,7.827465e-05,4.456466e-05
1.444043e+05,8.439515e-01,2.162325e-05,1.711077e+00,1.206407e+00,5.426710e-01,7.725193e-05,4.488671e-05
1.464649e+05,8.608881e-01,2.167963e-05,1.701187e+00,1.196665e+00,5.362517e-01,7.622921e-05,4.520876e-05
1.485550e+05,8.778247e-01,2.173601e-05,1.691298e+00,1.185203e+00,5.298325e-01,7.520649e-05,4.553081e-05
1.506749e+05,8.971582e-01,2.179239e-05,1.681424e+00,1.174310e+00,5.244226e-01,7.427013e-05,4.585286e-05
1.528250e+05,9.216604e-01,2.184877e-05,1.671581e+00,1.166102e+00,5.211890e-01,7.352002e-05,4.621891e-05
1.550058e+05,9.461625e-01,2.190515e-05,1.661739e+00,1.157895e+00,5.179555e-01,7.276991e-05,4.663123e-05
1.572178e+05,9.706647e-01,2.196153e-05,1.651896e+00,1.149687e+00,5.147220e-01,7.201979e-05,4.704355e-05
1.594613e+05,9.951669e-01,2.201791e-05,1.642053e+00,1.141480e+00,5.114885e-01,7.126968e-05,4.745588e-05
1.617368e+05,1.028382e+00,2.207429e-05,1.632211e+00,1.133272e+00,5.082550e-01,7.051957e-05,4.786820e-05
1.640448e+05,1.064320e+00,2.213067e-05,1.622368e+00,1.125065e+00,5.050215e-01,6.976945e-05,4.828052e-05
1.663857e+05,1.100257e+00,2.218705e-05,1.612526e+00,1.116972e+00,5.018509e-01,6.901934e-05,4.869284e-05
1.687600e+05,1.136194e+00,2.224343e-05,1.602683e+00,1.109102e+00,4.987538e-01,6.826923e-05,4.910516e-05
1.711682e+05,1.179183e+00,2.229981e-05,1.592412e+00,1.101233e+00,4.956567e-01,6.751911e-05,4.951749e-05
1.736108e+05,1.229708e+00,2.235619e-05,1.581684e+00,1.093363e+00,4.925596e-01,6.676900e-05,4.992981e-05
1.760882e+05,1.280234e+00,2.241257e-05,1.570955e+00,1.085494e+00,4.894625e-01,6.601889e-05,5.034213e-05
1.786010e+05,1.330760e+00,2.246895e-05,1.560226e+00,1.077791e+00,4.863654e-01,6.526878e-05,5.075445e-05
1.811497e+05,1.390172e+00,2.268128e-05,1.549222e+00,1.070211e+00,4.832683e-01,6.451866e-05,5.116677e-05
1.837347e+05,1.460476e+00,2.308473e-05,1.537880e+00,1.062630e+00,4.804668e-01,6.376855e-05,5.157910e-05
1.863566e+05,1.530779e+00,2.348818e-05,1.526538e+00,1.055049e+00,4.778571e-01,6.301844e-05,5.199142e-05
1.890159e+05,1.601083e+00,2.389163e-05,1.515197e+00,1.047468e+00,4.752475e-01,6.226832e-05,5.240374e-05
1.917131e+05,1.686976e+00,2.429508e-05,1.503466e+00,1.039887e+00,4.726379e-01,6.151821e-05,5.281606e-05
1.944489e+05,1.781888e+00,2.469852e-05,1.491511e+00,1.032505e+00,4.700282e-01,6.076810e-05,5.322838e-05
1.972237e+05,1.876800e+00,2.510197e-05,1.479556e+00,1.025153e+00,4.674186e-01,6.001799e-05,5.364071e-05
2.000381e+05,1.972031e+00,2.550956e-05,1.467591e+00,1.017818e+00,4.648138e-01,5.927106e-05,5.405303e-05
2.028926e+05,2.090622e+00,2.622097e-05,1.454906e+00,1.011730e+00,4.625637e-01,5.875826e-05,5.446535e-05
2.057879e+05,2.209213e+00,2.693238e-05,1.442222e+00,1.005642e+00,4.603135e-01,5.824545e-05,5.487767e-05
2.087245e+05,2.327805e+00,2.764380e-05,1.429538e+00,9.995539e-01,4.580634e-01,5.773265e-05,5.528999e-05
2.117030e+05,2.452013e+00,2.835521e-05,1.416501e+00,9.934657e-01,4.558133e-01,5.721985e-05,5.570232e-05
2.147240e+05,2.580458e+00,2.907460e-05,1.403197e+00,9.873776e-01,4.535632e-01,5.670705e-05,5.621836e-05
2.177881e+05,2.708904e+00,2.988390e-05,1.389894e+00,9.817136e-01,4.513131e-01,5.619424e-05,5.677312e-05
2.208960e+05,2.830595e+00,3.069320e-05,1.376376e+00,9.762478e-01,4.490630e-01,5.568144e-05,5.732788e-05
2.240482e+05,2.935496e+00,3.150250e-05,1.362322e+00,9.707820e-01,4.468129e-01,5.516864e-05,5.788264e-05
2.272453e+05,3.040396e+00,3.231180e-05,1.348268e+00,9.653162e-01,4.445628e-01,5.465583e-05,5.843740e-05
2.304881e+05,3.138477e+00,3.307782e-05,1.334123e+00,9.598503e-01,4.414288e-01,5.414303e-05,5.899216e-05
2.337772e+05,3.197801e+00,3.359788e-05,1.319468e+00,9.543845e-01,4.374099e-01,5.363023e-05,5.954692e-05
2.371132e+05,3.235257e+00,3.411795e-05,1.304514e+00,9.484323e-01,4.333910e-01,5.311742e-05,6.016930e-05
2.404968e+05,3.238971e+00,3.463801e-05,1.289387e+00,9.386952e-01,4.293721e-01,5.260462e-05,6.085542e-05
2.439287e+05,3.212965e+00,3.515808e-05,1.274261e+00,9.289580e-01,4.253532e-01,5.209182e-05,6.154153e-05
2.474096e+05,3.152732e+00,3.567814e-05,1.259171e+00,9.192208e-01,4.213343e-01,5.157901e-05,6.222765e-05
2.509401e+05,3.070244e+00,3.619821e-05,1.243948e+00,9.102194e-01,4.178584e-01,5.106621e-05,6.291377e-05
2.545211e+05,2.954409e+00,3.671828e-05,1.228311e+00,9.032598e-01,4.158892e-01,5.055341e-05,6.365349e-05
2.581531e+05,2.838573e+00,3.723834e-05,1.212674e+00,8.963002e-01,4.139201e-01,5.004061e-05,6.449181e-05
2.618369e+05,2.709178e+00,3.677855e-05,1.197247e+00,8.893407e-01,4.119510e-01,4.952780e-05,6.533013e-05
2.655734e+05,2.566051e+00,3.532657e-05,1.182033e+00,8.823811e-01,4.099818e-01,4.901500e-05,6.616846e-05
2.693631e+05,2.422924e+00,3.393874e-05,1.166819e+00,8.729896e-01,4.080127e-01,4.850220e-05,6.709453e-05
2.732069e+05,2.281388e+00,3.259465e-05,1.151126e+00,8.607139e-01,4.060436e-01,4.798939e-05,6.811636e-05
2.771056e+05,2.140170e+00,3.132144e-05,1.135337e+00,8.500637e-01,4.040745e-01,4.747659e-05,6.913819e-05
2.810599e+05,2.006096e+00,3.008293e-05,1.119774e+00,8.394135e-01,4.021053e-01,4.696379e-05,7.019614e-05
2.850706e+05,1.891672e+00,2.889828e-05,1.104831e+00,8.287632e-01,4.001362e-01,4.645098e-05,7.143710e-05
2.891386e+05,1.777247e+00,2.777246e-05,1.089888e+00,8.177931e-01,3.982041e-01,4.593818e-05,7.267806e-05
2.932646e+05,1.662822e+00,2.667151e-05,1.074946e+00,8.036083e-01,3.962952e-01,4.542538e-05,7.405200e-05
2.974495e+05,1.548397e+00,2.562850e-05,1.060003e+00,7.894235e-01,3.943863e-01,4.491257e-05,7.554966e-05
3.016941e+05,1.445275e+00,2.454807e-05,1.045671e+00,7.778723e-01,3.926717e-01,4.447969e-05,7.708484e-05
3.059993e+05,1.359289e+00,2.341388e-05,1.032263e+00,7.703144e-01,3.912516e-01,4.416798e-05,7.886656e-05
3.103659e+05,1.274841e+00,2.235570e-05,1.018855e+00,7.627565e-01,3.898316e-01,4.385626e-05,8.070391e-05
3.147948e+05,1.207339e+00,2.132216e-05,1.005447e+00,7.551986e-01,3.884116e-01,4.354455e-05,8.285258e-05
3.192870e+05,1.139837e+00,2.033932e-05,9.920397e-01,7.476406e-01,3.869916e-01,4.323284e-05,8.515872e-05
3.238432e+05,1.072335e+00,1.941678e-05,9.793856e-01,7.397508e-01,3.855716e-01,4.292113e-05,8.771981e-05
3.284645e+05,1.015366e+00,1.852146e-05,9.679815e-01,7.265300e-01,3.841515e-01,4.260942e-05,9.074033e-05
3.331516e+05,9.619391e-01,1.767299e-05,9.569504e-01,7.186417e-01,3.827315e-01,4.229770e-05,9.410155e-05
3.379057e+05,9.154696e-01,1.685961e-05,9.459193e-01,7.107533e-01,3.813115e-01,4.198599e-05,9.792363e-05
3.427277e+05,8.734574e-01,1.608852e-05,9.357956e-01,7.028650e-01,3.798915e-01,4.167428e-05,1.023722e-04
3.476184e+05,8.314452e-01,1.534481e-05,9.263736e-01,6.949767e-01,3.784714e-01,4.136257e-05,1.075573e-04
3.525789e+05,7.936308e-01,1.475330e-05,9.176648e-01,6.873886e-01,3.771734e-01,4.105086e-05,1.137009e-04
3.576102e+05,7.597206e-01,1.427715e-05,9.096193e-01,6.798638e-01,3.758924e-01,4.073914e-05,1.209380e-04
3.627133e+05,7.288964e-01,1.381043e-05,9.027355e-01,6.723390e-01,3.746290e-01,4.042743e-05,1.298075e-04
3.678893e+05,7.008095e-01,1.336474e-05,8.968821e-01,6.648142e-01,3.735736e-01,4.011572e-05,1.405537e-04
3.731391e+05,6.727225e-01,1.293248e-05,8.910286e-01,6.581112e-01,3.725182e-01,3.980401e-05,1.540411e-04
3.784638e+05,6.475319e-01,1.251336e-05,8.861222e-01,6.520074e-01,3.714629e-01,3.949230e-05,1.710869e-04
3.838644e+05,6.239084e-01,1.210832e-05,8.832059e-01,6.459037e-01,3.704075e-01,3.918058e-05,1.928456e-04
3.893422e+05,6.030914e-01,1.171378e-05,8.808812e-01,6.397999e-01,3.693522e-01,3.886887e-05,2.216066e-04
3.948981e+05,5.830136e-01,1.133754e-05,8.785565e-01,6.337567e-01,3.682968e-01,3.855716e-05,2.599400e-04
4.005333e+05,5.632342e-01,1.097967e-05,8.764864e-01,6.280504e-01,3.672415e-01,3.825694e-05,3.117251e-04
4.062490e+05,5.463298e-01,1.076348e-05,8.768698e-01,6.223441e-01,3.661861e-01,3.806744e-05,3.825595e-04
4.120461e+05,5.301871e-01,1.054729e-05,8.772533e-01,6.166378e-01,3.651308e-01,3.787794e-05,4.783700e-04
4.179260e+05,5.154509e-01,1.033403e-05,8.776367e-01,6.109314e-01,3.640754e-01,3.768844e-05,6.009928e-04
4.238899e+05,5.007146e-01,1.012892e-05,8.780323e-01,6.052251e-01,3.630201e-01,3.749894e-05,7.319132e-04
4.299388e+05,4.873302e-01,9.923810e-06,8.784345e-01,5.980051e-01,3.620166e-01,3.730945e-05,8.236503e-04
4.360740e+05,4.745306e-01,9.727762e-06,8.788367e-01,5.923070e-01,3.611042e-01,3.711995e-05,8.173594e-04
4.422968e+05,4.630542e-01,9.532769e-06,8.791746e-01,5.866226e-01,3.588429e-01,3.693045e-05,7.154408e-04
4.486084e+05,4.515778e-01,9.340481e-06,8.794017e-01,5.809381e-01,3.550159e-01,3.674095e-05,5.789992e-04
4.550100e+05,4.413550e-01,9.155964e-06,8.780553e-01,5.752986e-01,3.511889e-01,3.655145e-05,4.555349e-04
4.615031e+05,4.316490e-01,8.971448e-06,8.753646e-01,5.699887e-01,3.473618e-01,3.636195e-05,3.604433e-04
4.680887e+05,4.224990e-01,8.791786e-06,8.696508e-01,5.646787e-01,3.435348e-01,3.617245e-05,2.911749e-04
4.747684e+05,4.133490e-01,8.618501e-06,8.639370e-01,5.593688e-01,3.397078e-01,3.598295e-05,2.414787e-04
4.815433e+05,4.045282e-01,8.445216e-06,8.547851e-01,5.540589e-01,3.358808e-01,3.579345e-05,2.055410e-04
4.884149e+05,3.961836e-01,8.272068e-06,8.419955e-01,5.487490e-01,3.320538e-01,3.560395e-05,1.788897e-04
4.953846e+05,3.883125e-01,8.102124e-06,8.292059e-01,5.409499e-01,3.282267e-01,3.541446e-05,1.591654e-04
5.024538e+05,3.810078e-01,7.932181e-06,8.145491e-01,5.347170e-01,3.252062e-01,3.525307e-05,1.488644e-04
5.096238e+05,3.747762e-01,7.762237e-06,7.963552e-01,5.305954e-01,3.237132e-01,3.514494e-05,1.478584e-04
5.168962e+05,3.685447e-01,7.592294e-06,7.781612e-01,5.264738e-01,3.222202e-01,3.503680e-05,1.468525e-04
5.242723e+05,3.625651e-01,7.424746e-06,7.582041e-01,5.223522e-01,3.179334e-01,3.492867e-05,1.458465e-04
5.317537e+05,3.567699e-01,7.262070e-06,7.369568e-01,5.182306e-01,3.120865e-01,3.482054e-05,1.448405e-04
5.393418e+05,3.509746e-01,7.099394e-06,7.157095e-01,5.145556e-01,3.102120e-01,3.471241e-05,1.438345e-04
5.470382e+05,3.458803e-01,1.217981e-03,6.933356e-01,5.116193e-01,3.083375e-01,3.460428e-05,1.428285e-04
5.548445e+05,3.408519e-01,7.855456e-03,6.708555e-01,5.086830e-01,3.064630e-01,3.449614e-05,1.418226e-04
5.627621e+05,3.358235e-01,1.099265e-02,6.486195e-01,5.042666e-01,3.045884e-01,3.438801e-05,1.408166e-04
5.707928e+05,3.308675e-01,1.412985e-02,6.268255e-01,5.002176e-01,3.027139e-01,3.427988e-05,1.398106e-04
5.789380e+05,3.265768e-01,1.726705e-02,6.048746e-01,4.964550e-01,3.008394e-01,3.417175e-05,1.388046e-04
5.871994e+05,3.222860e-01,2.040425e-02,5.843721e-01,4.926923e-01,2.989649e-01,3.406361e-05,1.377986e-04
5.955788e+05,3.179953e-01,2.354146e-02,5.640848e-01,4.889297e-01,2.970903e-01,3.395548e-05,1.367926e-04
6.040777e+05,3.140518e-01,2.628852e-02,5.452257e-01,4.851671e-01,2.952687e-01,3.387457e-05,1.357867e-04
6.126979e+05,3.104876e-01,2.860958e-02,5.279261e-01,4.814045e-01,2.934575e-01,3.382337e-05,1.347807e-04
6.214411e+05,3.069233e-01,3.093064e-02,5.106265e-01,4.776351e-01,2.916201e-01,3.377217e-05,1.337747e-04
6.303091e+05,3.033591e-01,3.325170e-02,4.933269e-01,4.738213e-01,2.893254e-01,3.372097e-05,1.327687e-04
6.393037e+05,2.997948e-01,3.557276e-02,4.760273e-01,4.700075e-01,2.870306e-01,3.366977e-05,1.317627e-04
6.484265e+05,2.962306e-01,3.789381e-02,4.587277e-01,4.661937e-01,2.855535e-01,3.361858e-05,1.307568e-04
6.576796e+05,2.932719e-01,4.028797e-02,4.447215e-01,4.629093e-01,2.846652e-01,3.356738e-05,1.297508e-04
6.670647e+05,2.904381e-01,4.269720e-02,4.313950e-01,4.599952e-01,2.837768e-01,3.351618e-05,1.287448e-04
6.765837e+05,2.876043e-01,4.510644e-02,4.180685e-01,4.570812e-01,2.828885e-01,3.346498e-05,1.277388e-04
6.862386e+05,2.847706e-01,4.751567e-02,4.047420e-01,4.541671e-01,2.820001e-01,3.341378e-05,1.267328e-04
6.960313e+05,2.819368e-01,4.992491e-02,3.914154e-01,4.512530e-01,2.774751e-01,3.336258e-05,1.257269e-04
7.059636e+05,2.793876e-01,5.291301e-02,3.799790e-01,4.483390e-01,2.732337e-01,3.333582e-05,1.247209e-04
7.160378e+05,2.770290e-01,5.628908e-02,3.698094e-01,4.454249e-01,2.662355e-01,3.332543e-05,1.237149e-04
7.262556e+05,2.746705e-01,5.966516e-02,3.596398e-01,4.425108e-01,2.611542e-01,3.331504e-05,1.227089e-04
7.366193e+05,2.723120e-01,6.304123e-02,3.494703e-01,4.395968e-01,2.591222e-01,3.330465e-05,1.217029e-04
7.471309e+05,2.699535e-01,6.641730e-02,3.393007e-01,4.366827e-01,2.570903e-01,3.329426e-05,1.206969e-04
7.577925e+05,2.678293e-01,7.097284e-02,3.310984e-01,4.338203e-01,2.514020e-01,3.328387e-05,1.196910e-04
7.686062e+05,2.657920e-01,7.596572e-02,3.236257e-01,4.309644e-01,2.456024e-01,3.327348e-05,1.186850e-04
7.795742e+05,2.637547e-01,8.095861e-02,3.161529e-01,4.281085e-01,2.413700e-01,3.326309e-05,1.176790e-04
7.906988e+05,2.617174e-01,8.595149e-02,3.086802e-01,4.252526e-01,2.373519e-01,3.325270e-05,1.166730e-04
8.019821e+05,2.597291e-01,9.112480e-02,3.016131e-01,4.223968e-01,2.321989e-01,3.324745e-05,1.156670e-04
8.134264e+05,2.579722e-01,9.715077e-02,2.947160e-01,4.195409e-01,2.292551e-01,3.326645e-05,1.146611e-04
8.250340e+05,2.562154e-01,1.031767e-01,2.880826e-01,4.166850e-01,2.242333e-01,3.328546e-05,1.136551e-04
8.368072e+05,2.544585e-01,1.092027e-01,2.817961e-01,4.138291e-01,2.200751e-01,3.330446e-05,1.126491e-04
8.487485e+05,2.527016e-01,1.152287e-01,2.757689e-01,4.109737e-01,2.159169e-01,3.332347e-05,1.116431e-04
8.608602e+05,2.511799e-01,1.213149e-01,2.702592e-01,4.081403e-01,2.127301e-01,3.334247e-05,1.106371e-04
8.731447e+05,2.496854e-01,1.274080e-01,2.647985e-01,4.053070e-01,2.107610e-01,3.336148e-05,1.096312e-04
8.856045e+05,2.481908e-01,1.335012e-01,2.595608e-01,4.024737e-01,2.087919e-01,3.338048e-05,1.086252e-04
8.982421e+05,2.466963e-01,1.395944e-01,2.545978e-01,3.996404e-01,2.068227e-01,3.339949e-05,1.076192e-04
9.110600e+05,2.454584e-01,1.453847e-01,2.501103e-01,3.968071e-01,2.054669e-01,3.343652e-05,1.066132e-04
9.240609e+05,2.442616e-01,1.511266e-01,2.456991e-01,3.939738e-01,2.042092e-01,3.347645e-05,1.056072e-04
9.372472e+05,2.430648e-01,1.568684e-01,2.412878e-01,3.911404e-01,2.029515e-01,3.351637e-05,1.046012e-04
9.506218e+05,2.420900e-01,1.625818e-01,2.371655e-01,3.883026e-01,2.016938e-01,3.355630e-05,1.035953e-04
9.641872e+05,2.411731e-01,1.677088e-01,2.333455e-01,3.854377e-01,2.004361e-01,3.359622e-05,1.025893e-04
9.779462e+05,2.402562e-01,1.728358e-01,2.296788e-01,3.825729e-01,1.991784e-01,3.363614e-05,1.015833e-04
9.919015e+05,2.393393e-01,1.779627e-01,2.261638e-01,3.797081e-01,1.979208e-01,3.367607e-05,1.005773e-04
1.006056e+06,2.385407e-01,1.825706e-01,2.230800e-01,3.768432e-01,1.967870e-01,3.372622e-05,1.000000e-04
1.020412e+06,2.379014e-01,1.864796e-01,2.205414e-01,3.739784e-01,1.958200e-01,3.379015e-05,1.000000e-04
1.034974e+06,2.372620e-01,1.903885e-01,2.180028e-01,3.711136e-01,1.948531e-01,3.385408e-05,1.000000e-04
1.049743e+06,2.366227e-01,1.942974e-01,2.154642e-01,3.682487e-01,1.938861e-01,3.391800e-05,1.000000e-04
1.064723e+06,2.359833e-01,1.970169e-01,2.145471e-01,3.654080e-01,1.929192e-01,3.398193e-05,1.000000e-04
1.079916e+06,2.353440e-01,1.997155e-01,2.136586e-01,3.625926e-01,1.919522e-01,3.404586e-05,1.000000e-04
1.095327e+06,2.347046e-01,2.024141e-01,2.127701e-01,3.597771e-01,1.909853e-01,3.410978e-05,1.000000e-04
1.110957e+06,2.342277e-01,2.042529e-01,2.128036e-01,3.569616e-01,1.900183e-01,3.417371e-05,1.000000e-04
1.126810e+06,2.338205e-01,2.057223e-01,2.132332e-01,3.541462e-01,1.890720e-01,3.423764e-05,1.000000e-04
1.142890e+06,2.334133e-01,2.071918e-01,2.136629e-01,3.513307e-01,1.881424e-01,3.430157e-05,1.000000e-04
1.159199e+06,2.330061e-01,2.079679e-01,2.146086e-01,3.485275e-01,1.872128e-01,3.436549e-05,1.000000e-04
1.175741e+06,2.325989e-01,2.082042e-01,2.159560e-01,3.457330e-01,1.862832e-01,3.442942e-05,1.000000e-04
1.192519e+06,2.321917e-01,2.084406e-01,2.173035e-01,3.429385e-01,1.853536e-01,3.449335e-05,1.000000e-04
1.209536e+06,2.319132e-01,2.082184e-01,2.193725e-01,3.401440e-01,1.844239e-01,3.455728e-05,1.000000e-04
1.226796e+06,2.317363e-01,2.076338e-01,2.220118e-01,3.373495e-01,1.834943e-01,3.462120e-05,1.000000e-04
1.244303e+06,2.315595e-01,2.070492e-01,2.246510e-01,3.345550e-01,1.825647e-01,3.468513e-05,1.000000e-04
1.262059e+06,2.313826e-01,2.064646e-01,2.280460e-01,3.317605e-01,1.818687e-01,3.474906e-05,1.000000e-04
1.280068e+06,2.312058e-01,2.058800e-01,2.318007e-01,3.289660e-01,1.812838e-01,3.481299e-05,1.000000e-04
1.298335e+06,2.310289e-01,2.052954e-01,2.355554e-01,3.261715e-01,1.806989e-01,3.487691e-05,1.000000e-04
1.316862e+06,2.309836e-01,2.047107e-01,2.414711e-01,3.233770e-01,1.801140e-01,3.494084e-05,1.000000e-04
1.335654e+06,2.309515e-01,2.041261e-01,2.476017e-01,3.205825e-01,1.795292e-01,3.500477e-05,1.000000e-04
1.354714e+06,2.309193e-01,2.035415e-01,2.541251e-01,3.177890e-01,1.789443e-01,3.506870e-05,1.000000e-04
1.374046e+06,2.308871e-01,2.029569e-01,2.618528e-01,3.150150e-01,1.783594e-01,3.513262e-05,1.000000e-04
1.393653e+06,2.308549e-01,2.023723e-01,2.695804e-01,3.122410e-01,1.777745e-01,3.519655e-05,1.000000e-04
1.413541e+06,2.308227e-01,2.019313e-01,2.779021e-01,3.094670e-01,1.771896e-01,3.526434e-05,1.000000e-04
1.433712e+06,2.307905e-01,2.015581e-01,2.865041e-01,3.066930e-01,1.766047e-01,3.533394e-05,1.000000e-04
1.454171e+06,2.307584e-01,2.011848e-01,2.954037e-01,3.039387e-01,1.760198e-01,3.540355e-05,1.000000e-04
1.474922e+06,2.307262e-01,2.008116e-01,3.054731e-01,3.012529e-01,1.754350e-01,3.547316e-05,1.000000e-04
1.495969e+06,2.306940e-01,2.004384e-01,3.155425e-01,2.985670e-01,1.748501e-01,3.554276e-05,1.000000e-04
1.517317e+06,2.306618e-01,2.000651e-01,3.304970e-01,2.955849e-01,1.744648e-01,3.561237e-05,1.000000e-04
1.538969e+06,2.306296e-01,1.996919e-01,3.465967e-01,2.925333e-01,1.741264e-01,3.568198e-05,1.000000e-04
1.560930e+06,2.305974e-01,1.993186e-01,3.664238e-01,2.894817e-01,1.737879e-01,3.575158e-05,1.000000e-04
1.583205e+06,2.305653e-01,1.989454e-01,3.900394e-01,2.864300e-01,1.734495e-01,3.582119e-05,1.000000e-04
1.605797e+06,2.305504e-01,1.985721e-01,4.147616e-01,2.833784e-01,1.731111e-01,3.588889e-05,1.000000e-04
1.628712e+06,2.305860e-01,1.981989e-01,4.433687e-01,2.803898e-01,1.727726e-01,3.595103e-05,1.000000e-04
1.651954e+06,2.306215e-01,1.978257e-01,4.730437e-01,2.775081e-01,1.724342e-01,3.601317e-05,1.000000e-04
1.675527e+06,2.306571e-01,1.974524e-01,5.026153e-01,2.746264e-01,1.720957e-01,3.607531e-05,1.000000e-04
1.699437e+06,2.306927e-01,1.970792e-01,5.311470e-01,2.717448e-01,1.717573e-01,3.613745e-05,1.000000e-04
1.723688e+06,2.307283e-01,1.967059e-01,5.554217e-01,2.688631e-01,1.714189e-01,3.619959e-05,1.000000e-04
1.748285e+06,2.307638e-01,1.963327e-01,5.796001e-01,2.659814e-01,1.710804e-01,3.626173e-05,1.000000e-04
1.773233e+06,2.330537e-01,1.959594e-01,5.945028e-01,2.627432e-01,1.706543e-01,3.632387e-05,1.000000e-04
1.798537e+06,2.356794e-01,1.955862e-01,6.087158e-01,2.594784e-01,1.702217e-01,3.638600e-05,1.000000e-04
1.824202e+06,2.372082e-01,1.948682e-01,6.184091e-01,2.562137e-01,1.697891e-01,3.643733e-05,1.000000e-04
1.850234e+06,2.386703e-01,1.941291e-01,6.277909e-01,2.529489e-01,1.693565e-01,3.648799e-05,1.000000e-04
1.876637e+06,2.401323e-01,1.933901e-01,6.331209e-01,2.497255e-01,1.689239e-01,3.653866e-05,1.000000e-04
1.903416e+06,2.415613e-01,1.926159e-01,6.381856e-01,2.466497e-01,1.684912e-01,3.658932e-05,1.000000e-04
1.930578e+06,2.427624e-01,1.915994e-01,6.404761e-01,2.435739e-01,1.680586e-01,3.663999e-05,1.000000e-04
1.958127e+06,2.439634e-01,1.905829e-01,6.361062e-01,2.404981e-01,1.676260e-01,3.669065e-05,1.000000e-04
1.986070e+06,2.451645e-01,1.895664e-01,6.187137e-01,2.374222e-01,1.671934e-01,3.674132e-05,1.000000e-04
2.014411e+06,2.460830e-01,1.885499e-01,5.958778e-01,2.335829e-01,1.660511e-01,3.678519e-05,1.000000e-04
2.043157e+06,2.467264e-01,1.875334e-01,5.721383e-01,2.290003e-01,1.642181e-01,3.682245e-05,1.000000e-04
2.072313e+06,2.471150e-01,1.865169e-01,5.480793e-01,2.245804e-01,1.623850e-01,3.685971e-05,1.000000e-04
2.101885e+06,2.474550e-01,1.855242e-01,5.236966e-01,2.202244e-01,1.605519e-01,3.689696e-05,1.000000e-04
2.131879e+06,2.471224e-01,1.848846e-01,4.959854e-01,2.158683e-01,1.587188e-01,3.693422e-05,1.000000e-04
2.162301e+06,2.467898e-01,1.842450e-01,4.703784e-01,2.116081e-01,1.569205e-01,3.697148e-05,1.000000e-04
2.193157e+06,2.464572e-01,1.836054e-01,4.478932e-01,2.075147e-01,1.551828e-01,3.700874e-05,1.000000e-04
2.224453e+06,2.487031e-01,1.834498e-01,4.303965e-01,2.034214e-01,1.534450e-01,3.703510e-05,1.000000e-04
2.256196e+06,2.516758e-01,1.834307e-01,4.149934e-01,1.994214e-01,1.517073e-01,3.705838e-05,1.000000e-04
2.288392e+06,2.546485e-01,1.834115e-01,4.024449e-01,1.955448e-01,1.499749e-01,3.708167e-05,1.000000e-04
2.321048e+06,2.568617e-01,1.837151e-01,3.921881e-01,1.916683e-01,1.483241e-01,3.710496e-05,1.000000e-04
2.354169e+06,2.586030e-01,1.841978e-01,3.835725e-01,1.879779e-01,1.466734e-01,3.712824e-05,1.000000e-04
2.387763e+06,2.603057e-01,1.846805e-01,3.777939e-01,1.843171e-01,1.450226e-01,3.715153e-05,1.000000e-04
2.421836e+06,2.630191e-01,1.854129e-01,3.746734e-01,1.806562e-01,1.433719e-01,3.716609e-05,1.000000e-04
2.456396e+06,2.663030e-01,1.862861e-01,3.742865e-01,1.771276e-01,1.417449e-01,3.717572e-05,1.000000e-04
2.491449e+06,2.695869e-01,1.871593e-01,3.800520e-01,1.736754e-01,1.401825e-01,3.718535e-05,1.000000e-04
2.527002e+06,2.756391e-01,1.880325e-01,3.909060e-01,1.702232e-01,1.386201e-01,3.719499e-05,1.000000e-04
2.563062e+06,2.832201e-01,1.889057e-01,4.037508e-01,1.669473e-01,1.370577e-01,3.720462e-05,1.000000e-04
2.599637e+06,2.921620e-01,1.897789e-01,4.172475e-01,1.636846e-01,1.354953e-01,3.721426e-05,1.000000e-04
2.636734e+06,3.036623e-01,1.906521e-01,4.311603e-01,1.604219e-01,1.339618e-01,3.720563e-05,1.000000e-04
2.674361e+06,3.168304e-01,1.915254e-01,4.450773e-01,1.573387e-01,1.324879e-01,3.719682e-05,1.000000e-04
2.712524e+06,3.307069e-01,1.923986e-01,4.626133e-01,1.542709e-01,1.310141e-01,3.718801e-05,1.000000e-04
2.751232e+06,3.460441e-01,1.932718e-01,4.873496e-01,1.512032e-01,1.295403e-01,3.717920e-05,1.000000e-04
2.790492e+06,3.613813e-01,1.941450e-01,5.040787e-01,1.482610e-01,1.280665e-01,3.717039e-05,1.000000e-04
2.830312e+06,3.792256e-01,1.954132e-01,5.010888e-01,1.453736e-01,1.265927e-01,3.716159e-05,1.000000e-04
2.870701e+06,3.978619e-01,1.968063e-01,4.899128e-01,1.424863e-01,1.251904e-01,3.715278e-05,1.000000e-04
2.911666e+06,4.162446e-01,1.983861e-01,4.772029e-01,1.397266e-01,1.237932e-01,3.714397e-05,1.000000e-04
2.953215e+06,4.346918e-01,2.004382e-01,4.654295e-01,1.370003e-01,1.223959e-01,3.713516e-05,1.000000e-04
2.995358e+06,4.532965e-01,2.024903e-01,4.545640e-01,1.342740e-01,1.209987e-01,3.712635e-05,1.000000e-04
3.038102e+06,4.732797e-01,2.055282e-01,4.465967e-01,1.298729e-01,1.175047e-01,3.709539e-05,1.000000e-04
3.081455e+06,4.934321e-01,2.086870e-01,4.401966e-01,1.252739e-01,1.137590e-01,3.706171e-05,1.000000e-04
3.125428e+06,5.152405e-01,2.124531e-01,4.343390e-01,1.209509e-01,1.102162e-01,3.702803e-05,1.000000e-04
3.170028e+06,5.382652e-01,2.171408e-01,4.296523e-01,1.167172e-01,1.067394e-01,3.699436e-05,1.000000e-04
3.215264e+06,5.614923e-01,2.222104e-01,4.290399e-01,1.126763e-01,1.034053e-01,3.696068e-05,1.000000e-04
3.261146e+06,5.838961e-01,2.272667e-01,4.337691e-01,1.086967e-01,1.001168e-01,3.692700e-05,1.000000e-04
3.307683e+06,6.061514e-01,2.323479e-01,4.392478e-01,1.049278e-01,9.698538e-02,3.689332e-05,1.000000e-04
3.354883e+06,6.276501e-01,2.375555e-01,4.485438e-01,1.012473e-01,9.393392e-02,3.685964e-05,1.000000e-04
3.402758e+06,6.490848e-01,2.428550e-01,4.578704e-01,9.770145e-02,9.100455e-02,3.682596e-05,1.000000e-04
3.451315e+06,6.694647e-01,2.496687e-01,4.677008e-01,9.433071e-02,8.808313e-02,3.679228e-05,1.000000e-04
3.500565e+06,6.898328e-01,2.565043e-01,4.778594e-01,9.100519e-02,8.532053e-02,3.675861e-05,1.000000e-04
3.550519e+06,7.072050e-01,2.652458e-01,4.880725e-01,8.784503e-02,8.267187e-02,3.672493e-05,1.000000e-04
3.601185e+06,7.244128e-01,2.739707e-01,4.983658e-01,8.474947e-02,8.006321e-02,3.669049e-05,1.000000e-04
3.652574e+06,7.391620e-01,2.819995e-01,5.120355e-01,8.182657e-02,7.753896e-02,3.662428e-05,1.000000e-04
3.704696e+06,7.536371e-01,2.900660e-01,5.260354e-01,7.893990e-02,7.511709e-02,3.655807e-05,1.000000e-04
3.757562e+06,7.653235e-01,2.948506e-01,5.433934e-01,7.618295e-02,7.270897e-02,3.649186e-05,1.000000e-04
3.811183e+06,7.765519e-01,2.984429e-01,5.582520e-01,7.356117e-02,7.043629e-02,3.642566e-05,1.000000e-04
3.865568e+06,7.853357e-01,3.018510e-01,5.635583e-01,7.097098e-02,6.822399e-02,3.635945e-05,1.000000e-04
3.920730e+06,7.936127e-01,3.059298e-01,5.689996e-01,6.851168e-02,6.607624e-02,3.629324e-05,1.000000e-04
3.976679e+06,8.010418e-01,3.111305e-01,5.759194e-01,6.610874e-02,6.398233e-02,3.622703e-05,1.000000e-04
4.033426e+06,8.080714e-01,3.158288e-01,5.734359e-01,6.313806e-02,6.124693e-02,3.616082e-05,1.000000e-04
4.090983e+06,8.133316e-01,3.201742e-01,5.634747e-01,5.980275e-02,5.806243e-02,3.609461e-05,1.000000e-04
4.149362e+06,8.185072e-01,3.212408e-01,5.538181e-01,5.667536e-02,5.507333e-02,3.602840e-05,1.000000e-04
4.208573e+06,8.219319e-01,3.212338e-01,5.462898e-01,5.371498e-02,5.224139e-02,3.596219e-05,1.000000e-04
4.268630e+06,8.256400e-01,3.184288e-01,5.510875e-01,5.090112e-02,4.954742e-02,3.589598e-05,1.000000e-04
4.329543e+06,8.293626e-01,3.152089e-01,5.553188e-01,4.824496e-02,4.700209e-02,3.582977e-05,1.000000e-04
4.391326e+06,8.324783e-01,3.118272e-01,5.589444e-01,4.570291e-02,4.456439e-02,3.576356e-05,1.000000e-04
4.453990e+06,8.350033e-01,3.095588e-01,5.577313e-01,4.330028e-02,4.225830e-02,3.569735e-05,1.000000e-04
4.517549e+06,8.381272e-01,3.080178e-01,5.557354e-01,4.106002e-02,4.010563e-02,3.563114e-05,1.000000e-04
4.582014e+06,8.410258e-01,3.079212e-01,5.537394e-01,3.889148e-02,3.802081e-02,3.556494e-05,1.000000e-04
4.647400e+06,8.437876e-01,3.083814e-01,5.502522e-01,3.687461e-02,3.607955e-02,3.549873e-05,1.000000e-04
4.713718e+06,8.468554e-01,3.090163e-01,5.461951e-01,3.493121e-02,3.420790e-02,3.543252e-05,1.000000e-04
4.780983e+06,8.492309e-01,3.095046e-01,5.421381e-01,3.310531e-02,3.244763e-02,3.536631e-05,1.000000e-04
4.849208e+06,8.525519e-01,3.101260e-01,5.380114e-01,3.136600e-02,3.076956e-02,3.530010e-05,1.000000e-04
4.918406e+06,8.551593e-01,3.116576e-01,5.338578e-01,2.973009e-02,2.918969e-02,3.523389e-05,1.000000e-04
4.988592e+06,8.570519e-01,3.141617e-01,5.297041e-01,2.816099e-02,2.767333e-02,3.516768e-05,1.000000e-04
5.059780e+06,8.584821e-01,3.226943e-01,5.262693e-01,2.621312e-02,2.584050e-02,3.510147e-05,1.000000e-04
5.131983e+06,8.593895e-01,3.367181e-01,5.231010e-01,2.431918e-02,2.403745e-02,3.503526e-05,1.000000e-04
5.205216e+06,8.603010e-01,3.565292e-01,5.200209e-01,2.255991e-02,2.235770e-02,3.496905e-05,1.000000e-04
5.279495e+06,8.607650e-01,3.802794e-01,5.158858e-01,2.092258e-02,2.079525e-02,3.490284e-05,1.000000e-04
5.354833e+06,8.608578e-01,4.166237e-01,5.119877e-01,1.941607e-02,1.934960e-02,3.483663e-05,1.000000e-04
5.431247e+06,8.607063e-01,4.439823e-01,5.090102e-01,1.800940e-02,1.799689e-02,3.477042e-05,1.000000e-04
5.508751e+06,8.602303e-01,4.817882e-01,5.076011e-01,1.670754e-02,1.673745e-02,3.470422e-05,1.000000e-04
5.587361e+06,8.602237e-01,5.195135e-01,5.096874e-01,1.550385e-02,1.557288e-02,3.463801e-05,1.000000e-04
5.667093e+06,8.594707e-01,5.478645e-01,5.171760e-01,1.438278e-02,1.448261e-02,3.457180e-05,1.000000e-04
5.747962e+06,8.585761e-01,5.661905e-01,5.266018e-01,1.333879e-02,1.347222e-02,3.450559e-05,1.000000e-04
5.829986e+06,8.573459e-01,5.745979e-01,5.348117e-01,1.237436e-02,1.253405e-02,3.443938e-05,1.000000e-04
5.913180e+06,8.560409e-01,5.752129e-01,5.418491e-01,1.147646e-02,1.165805e-02,3.437317e-05,1.000000e-04
5.997561e+06,8.547939e-01,5.735990e-01,5.484697e-01,1.064291e-02,1.084353e-02,3.430696e-05,1.000000e-04
6.083147e+06,8.533222e-01,5.706644e-01,5.545962e-01,9.667173e-03,9.962003e-03,3.423141e-05,1.000000e-04
6.169953e+06,8.518439e-01,5.677064e-01,5.607080e-01,8.773712e-03,9.148989e-03,3.415557e-05,1.000000e-04
6.257999e+06,8.497658e-01,5.648192e-01,5.631254e-01,7.956322e-03,8.404257e-03,3.407974e-05,1.000000e-04
6.347301e+06,8.473748e-01,5.626445e-01,5.636202e-01,7.222054e-03,7.720532e-03,3.400391e-05,1.000000e-04
6.437877e+06,8.447127e-01,5.604699e-01,5.613229e-01,6.554089e-03,7.088227e-03,3.392808e-05,1.000000e-04
6.529745e+06,8.415730e-01,5.587834e-01,5.565642e-01,5.944644e-03,6.510860e-03,3.385225e-05,1.000000e-04
6.622925e+06,8.378343e-01,5.578459e-01,5.571570e-01,5.395182e-03,5.976682e-03,3.377642e-05,1.000000e-04
6.717434e+06,8.338785e-01,5.566240e-01,5.880356e-01,4.897217e-03,5.488040e-03,3.370059e-05,1.000000e-04
6.813292e+06,8.297913e-01,5.554148e-01,6.074613e-01,4.443332e-03,5.039539e-03,3.362476e-05,1.000000e-04
6.910518e+06,8.248821e-01,5.542122e-01,6.120445e-01,4.030230e-03,4.629773e-03,3.354893e-05,1.000000e-04
7.009131e+06,8.200073e-01,5.529876e-01,6.066063e-01,3.652772e-03,4.247691e-03,3.347310e-05,1.000000e-04
7.109152e+06,8.150712e-01,5.515457e-01,6.056879e-01,3.279943e-03,3.880401e-03,3.339727e-05,1.000000e-04
7.210600e+06,8.101284e-01,5.500843e-01,6.065126e-01,2.941200e-03,3.541878e-03,3.332144e-05,1.000000e-04
7.313495e+06,8.051287e-01,5.484030e-01,6.077024e-01,2.640150e-03,3.234346e-03,3.324561e-05,1.000000e-04
7.417859e+06,7.999810e-01,5.465919e-01,6.091147e-01,2.368631e-03,2.954446e-03,3.316978e-05,1.000000e-04
7.523712e+06,7.941577e-01,5.445250e-01,6.084248e-01,2.125795e-03,2.698672e-03,3.309445e-05,1.000000e-04
7.631076e+06,7.882038e-01,5.415658e-01,6.075139e-01,1.906948e-03,2.462901e-03,3.302086e-05,1.000000e-04
7.739971e+06,7.816954e-01,5.385969e-01,6.056551e-01,1.712078e-03,2.249379e-03,3.294728e-05,1.000000e-04
7.850421e+06,7.752518e-01,5.349245e-01,6.037066e-01,1.535530e-03,2.054804e-03,3.287370e-05,1.000000e-04
7.962447e+06,7.688856e-01,5.311858e-01,6.018897e-01,1.378562e-03,1.875911e-03,3.280011e-05,1.000000e-04
8.076071e+06,7.622529e-01,5.281818e-01,6.017121e-01,1.235139e-03,1.713204e-03,3.272653e-05,1.000000e-04
8.191317e+06,7.554915e-01,5.255430e-01,6.023495e-01,1.106298e-03,1.565662e-03,3.265294e-05,1.000000e-04
8.308207e+06,7.487446e-01,5.228970e-01,6.043435e-01,9.902535e-04,1.430481e-03,3.257936e-05,1.000000e-04
8.426765e+06,7.419203e-01,5.201379e-01,6.070487e-01,8.873514e-04,1.306370e-03,3.250578e-05,1.000000e-04
8.547015e+06,7.351799e-01,5.163345e-01,6.100571e-01,7.946148e-04,1.193751e-03,3.243219e-05,1.000000e-04
8.668982e+06,7.291524e-01,5.108928e-01,6.127239e-01,7.115908e-04,1.090788e-03,3.235861e-05,1.000000e-04
8.792688e+06,7.232263e-01,5.053462e-01,6.149406e-01,6.372563e-04,9.966734e-04,3.228502e-05,1.000000e-04
8.918160e+06,7.170161e-01,4.995698e-01,6.155096e-01,5.709455e-04,9.102052e-04,3.221144e-05,1.000000e-04
9.045422e+06,7.106786e-01,4.943403e-01,6.140571e-01,5.114090e-04,8.336577e-04,3.213818e-05,1.000000e-04
9.174501e+06,7.041343e-01,4.901778e-01,6.112300e-01,4.586667e-04,7.655714e-04,3.206551e-05,1.000000e-04
9.305421e+06,6.975900e-01,4.862939e-01,6.064032e-01,4.116297e-04,7.033641e-04,3.199285e-05,1.000000e-04
9.438210e+06,6.910130e-01,4.828194e-01,6.001460e-01,3.690497e-04,6.457867e-04,3.192018e-05,1.000000e-04
9.572893e+06,6.844491e-01,4.814971e-01,5.937068e-01,3.312063e-04,5.931357e-04,3.184751e-05,1.000000e-04
9.709499e+06,6.779068e-01,4.805644e-01,5.880313e-01,2.969631e-04,5.447621e-04,3.177485e-05,1.000000e-04
9.848054e+06,6.713644e-01,4.796372e-01,5.831542e-01,2.665961e-04,5.001991e-04,3.170218e-05,1.000000e-04
9.988586e+06,6.647499e-01,4.787114e-01,5.804291e-01,2.390260e-04,4.593126e-04,3.162951e-05,1.000000e-04
1.013112e+07,6.583874e-01,4.764406e-01,5.799538e-01,2.153826e-04,4.258281e-04,3.155684e-05,1.000000e-04
1.027569e+07,6.520549e-01,4.739770e-01,5.799527e-01,1.940142e-04,3.952538e-04,3.148418e-05,1.000000e-04
1.042233e+07,6.457886e-01,4.715337e-01,5.800618e-01,1.746739e-04,3.666811e-04,3.141151e-05,1.000000e-04
1.057106e+07,6.406613e-01,4.694907e-01,5.807018e-01,1.574209e-04,3.402135e-04,3.133884e-05,1.000000e-04
1.072191e+07,6.366027e-01,4.680173e-01,5.806921e-01,1.417867e-04,3.156753e-04,3.126617e-05,1.000000e-04
1.087491e+07,6.331940e-01,4.665672e-01,5.805256e-01,1.277483e-04,2.928948e-04,3.119351e-05,1.000000e-04
1.103009e+07,6.306990e-01,4.653040e-01,5.799419e-01,1.150762e-04,2.718727e-04,3.111698e-05,1.000000e-04
1.118749e+07,6.293466e-01,4.648902e-01,5.768738e-01,1.036772e-04,2.522054e-04,3.102428e-05,1.000000e-04
1.134714e+07,6.281105e-01,4.649097e-01,5.740117e-01,9.339099e-05,2.339775e-04,3.093157e-05,1.000000e-04
1.150906e+07,6.268804e-01,4.648773e-01,5.711123e-01,8.417227e-05,2.169748e-04,3.083887e-05,1.000000e-04
1.167330e+07,6.257515e-01,4.638838e-01,5.670477e-01,7.582088e-05,2.013659e-04,3.074617e-05,1.000000e-04
1.183987e+07,6.238560e-01,4.629625e-01,5.645726e-01,6.826745e-05,1.867970e-04,3.065347e-05,1.000000e-04
1.200883e+07,6.219135e-01,4.620436e-01,5.625173e-01,6.152979e-05,1.733457e-04,3.056077e-05,1.000000e-04
1.218020e+07,6.194333e-01,4.602377e-01,5.624653e-01,5.541686e-05,1.608171e-04,3.046807e-05,1.000000e-04
1.235401e+07,6.166968e-01,4.584511e-01,5.648632e-01,4.991060e-05,1.492501e-04,3.037537e-05,1.000000e-04
1.253030e+07,6.136515e-01,4.565531e-01,5.678268e-01,4.498884e-05,1.384599e-04,3.028267e-05,1.000000e-04
1.270911e+07,6.101956e-01,4.540244e-01,5.712043e-01,4.050709e-05,1.285273e-04,3.018997e-05,1.000000e-04
1.289047e+07,6.066879e-01,4.514850e-01,5.732599e-01,3.650918e-05,1.192497e-04,3.009727e-05,1.000000e-04
1.307441e+07,6.031958e-01,4.486042e-01,5.731993e-01,3.298970e-05,1.105019e-04,3.000457e-05,1.000000e-04
1.326099e+07,5.999581e-01,4.452661e-01,5.714940e-01,2.995271e-05,1.022356e-04,2.991187e-05,1.000000e-04
1.345022e+07,5.966944e-01,4.419231e-01,5.691851e-01,2.719541e-05,9.462015e-05,2.981916e-05,1.000000e-04
1.364216e+07,5.933225e-01,4.381581e-01,5.659869e-01,2.469839e-05,8.753214e-05,2.972646e-05,1.000000e-04
1.383683e+07,5.899823e-01,4.342726e-01,5.625648e-01,2.242087e-05,8.096549e-05,2.963376e-05,1.000000e-04
1.403428e+07,5.865328e-01,4.303518e-01,5.596400e-01,2.036744e-05,7.492208e-05,2.954106e-05,1.000000e-04
1.423455e+07,5.828113e-01,4.263748e-01,5.568270e-01,1.849186e-05,6.930793e-05,2.944836e-05,1.000000e-04
1.443768e+07,5.790898e-01,4.223978e-01,5.539535e-01,1.678089e-05,6.413468e-05,2.935566e-05,1.000000e-04
1.464371e+07,5.750923e-01,4.181354e-01,5.510163e-01,1.524605e-05,5.937813e-05,2.926296e-05,1.000000e-04
1.485267e+07,5.713242e-01,4.139556e-01,5.480028e-01,1.383710e-05,5.493905e-05,2.917026e-05,1.000000e-04
1.506462e+07,5.676565e-01,4.094097e-01,5.449492e-01,1.264378e-05,4.902987e-05,2.907756e-05,1.000000e-04
1.527959e+07,5.641381e-01,4.037986e-01,5.418265e-01,1.170544e-05,4.037363e-05,2.898486e-05,1.000000e-04
1.549763e+07,5.605251e-01,3.980231e-01,5.387533e-01,1.083627e-05,3.324629e-05,2.889216e-05,1.000000e-04
1.571878e+07,5.571792e-01,3.921705e-01,5.358385e-01,1.003053e-05,2.735467e-05,2.879945e-05,1.000000e-04
1.594309e+07,5.536553e-01,3.864367e-01,5.326082e-01,9.288225e-06,2.252293e-05,2.870675e-05,1.000000e-04
1.617060e+07,5.500618e-01,3.812726e-01,5.291393e-01,8.598202e-06,1.853300e-05,2.861405e-05,1.000000e-04
1.640135e+07,5.464258e-01,3.764124e-01,5.254814e-01,7.958753e-06,1.526271e-05,2.852135e-05,1.000000e-04
1.663540e+07,5.427750e-01,3.716427e-01,5.219203e-01,7.365854e-06,1.256332e-05,2.842865e-05,1.000000e-04
1.687279e+07,5.391985e-01,3.668334e-01,5.181483e-01,6.821452e-06,1.033727e-05,2.833595e-05,1.000000e-04
1.711356e+07,5.356601e-01,3.621367e-01,5.142141e-01,6.313138e-06,8.508032e-06,2.824325e-05,1.000000e-04
1.735778e+07,5.324098e-01,3.576147e-01,5.103246e-01,5.844167e-06,7.003107e-06,2.815055e-05,1.000000e-04
1.760547e+07,5.290244e-01,3.535064e-01,5.063738e-01,5.411333e-06,5.765957e-06,2.805785e-05,1.000000e-04
1.785670e+07,5.255141e-01,3.499607e-01,5.026410e-01,5.011540e-06,4.747364e-06,2.796515e-05,1.000000e-04
1.811152e+07,5.219659e-01,3.466642e-01,4.988054e-01,4.638966e-06,3.907246e-06,2.787245e-05,1.000000e-04
1.836997e+07,5.185338e-01,3.440009e-01,4.949220e-01,4.294671e-06,3.214952e-06,2.777975e-05,1.000000e-04
1.863211e+07,5.150976e-01,3.413957e-01,4.911794e-01,3.977065e-06,2.647002e-06,2.768704e-05,1.000000e-04
1.889799e+07,5.116572e-01,3.388315e-01,4.874729e-01,3.680942e-06,2.178936e-06,2.759434e-05,1.000000e-04
1.916767e+07,5.085104e-01,3.363547e-01,4.839164e-01,3.407730e-06,1.793211e-06,2.750164e-05,1.000000e-04
1.944119e+07,5.055437e-01,3.339661e-01,4.806311e-01,3.154906e-06,1.476748e-06,2.740894e-05,1.000000e-04
1.971861e+07,5.021453e-01,3.317261e-01,4.778192e-01,2.920023e-06,1.215791e-06,2.731624e-05,1.000000e-04
2.000000e+07,0.000000e+00,0.000000e+00,0.000000e+00,0.000000e+00,0.000000e+00,0.000000e+00,1.000000e-04
